seed,scenario,strategy,step,fill_rate,total_cost,holding_cost,backlog_cost,total_inventory,total_backlog,total_pipeline,bullwhip_total,bullwhip_retailer,bullwhip_dc,bullwhip_plant,bullwhip_supplier
200,capacity_loss,baseline,0,1.0,401.0,401.0,0.0,401,0,93,,,,,
200,capacity_loss,baseline,1,1.0,755.0,755.0,0.0,358,0,111,,,,,
200,capacity_loss,baseline,2,1.0,1106.0,1106.0,0.0,379,0,88,1.8866671115566909,0.73430753902358,,,2.569314641744549
200,capacity_loss,baseline,3,0.9782608695652174,1502.0,1487.0,15.0,403,3,58,3.0892424756762207,1.1593890087996015,,,2.664543524416136
200,capacity_loss,baseline,4,0.9382716049382716,1897.0,1877.0,20.0,403,1,54,0.3235886647260069,3.163336838415703,0.3671941723185129,0.10179231084963743,2.7367624810892592
200,capacity_loss,baseline,5,0.9725274725274725,2295.0,2250.0,45.0,405,5,59,0.36560413184905016,3.6782417582417586,0.31372611464968153,0.11410009136128312,2.7767332549941246
200,capacity_loss,baseline,6,0.9904761904761905,2700.0,2645.0,55.0,417,2,38,0.35720611348391695,3.9951958363915403,0.31570349626612365,0.10106847658087492,2.8021133525456294
200,capacity_loss,baseline,7,0.9196787148594378,3135.0,3030.0,105.0,405,10,49,0.3268420254615137,4.172894740058919,0.2984090942600593,0.09308760314244775,2.81965881397238
200,capacity_loss,baseline,8,0.9309090909090909,3606.0,3406.0,200.0,404,19,51,0.3286484752167305,4.626328388705816,0.25714507266926623,0.09753155559384825,2.8325123152709373
200,capacity_loss,baseline,9,0.9344262295081968,4035.0,3790.0,245.0,405,9,42,0.310963860402452,4.957914760998908,0.23421994842220348,0.09421322690992018,2.8423339540657975
200,capacity_loss,baseline,10,0.9164179104477612,4491.0,4166.0,325.0,399,16,49,0.28870345758742977,5.138787450822152,0.23918570087609511,0.08241353936718175,2.850083287062741
200,capacity_loss,baseline,11,0.9148351648351648,4977.0,4542.0,435.0,400,22,46,0.2723467110763432,5.333616337769618,0.22648950975500884,0.07892967282676744,2.8563535911602207
200,capacity_loss,baseline,12,0.9015544041450777,5403.0,4928.0,475.0,408,8,45,0.27016402457474775,5.905964178744448,0.19761478277033312,0.08089445667742695,2.8615314076111873
200,capacity_loss,baseline,13,0.9,5910.0,5305.0,605.0,399,26,46,0.2594875407233094,5.773492140433488,0.20323822293195137,0.07716398272890686,2.865879375790805
200,capacity_loss,baseline,14,0.8933333333333333,6486.0,5681.0,805.0,399,40,45,0.2516779872582962,6.578313806570181,0.18237139143421327,0.07310637750176971,2.869582194455291
200,capacity_loss,baseline,15,0.8757763975155279,6994.0,6059.0,935.0,401,26,45,0.24125725026035036,7.3082737170566014,0.15775618840474862,0.07284131422062456,2.872773536895674
200,capacity_loss,baseline,16,0.859344894026975,7487.0,6437.0,1050.0,400,23,45,0.22684149206331727,7.168012553213127,0.15030843512487835,0.07321820516006129,2.875552533151988
200,capacity_loss,baseline,17,0.8330373001776199,8141.0,6811.0,1330.0,399,56,48,0.20546710813965244,6.670397601400828,0.1544197396963124,0.06931031118915226,2.877994251038008
200,capacity_loss,baseline,18,0.8367346938775511,8918.0,7193.0,1725.0,402,79,42,0.20384985435196956,7.021477418435675,0.15434023737491268,0.06531104601068416,2.8801565793435713
200,capacity_loss,baseline,19,0.8495867768595041,9656.0,7566.0,2090.0,397,73,49,0.198569888360395,8.081765522917845,0.13104656270009687,0.0650541108060087,2.8820848761036753
200,capacity_loss,baseline,20,0.8448275862068966,10315.0,7940.0,2375.0,399,57,47,0.19472877252505771,9.343078110597354,0.11136670532352615,0.06489591357355472,2.8838151850851137
200,capacity_loss,baseline,21,0.8577981651376146,10871.0,8321.0,2550.0,402,35,43,0.19042144650312182,10.024844633461084,0.10798096324238969,0.06096611489116822,2.8853765098946282
200,capacity_loss,baseline,22,0.8510948905109489,11488.0,8698.0,2790.0,399,48,46,0.18456395219685234,9.941294326269485,0.1110831274840769,0.057894897554123824,2.886792452830188
200,capacity_loss,baseline,23,0.8513323983169705,11984.0,9074.0,2910.0,400,24,45,0.17850920647253996,10.135038066249411,0.1053689944076325,0.05787790697674419,2.88808241629595
200,capacity_loss,baseline,24,0.8418230563002681,12465.0,9455.0,3010.0,402,20,43,0.17271455550961265,9.888923044831504,0.10535562276999982,0.05737665463297233,2.8892624971979375
200,capacity_loss,baseline,25,0.8441558441558441,13416.0,9831.0,3585.0,399,115,47,0.16942695017026532,9.741832300532257,0.1095008318090398,0.05495086923658352,2.8903461621156743
200,capacity_loss,baseline,26,0.8456712672521958,14315.0,10205.0,4110.0,399,105,48,0.16661975411035734,10.34507352134512,0.10574193185211289,0.05268000254604581,2.8913447634786213
200,capacity_loss,baseline,27,0.838748495788207,15108.0,10588.0,4520.0,402,82,41,0.16143513741717086,10.696912123045408,0.0991919417551045,0.05260472133475329,2.892267938779568
200,capacity_loss,baseline,28,0.84192037470726,15879.0,10959.0,4920.0,396,80,50,0.1639348831617103,11.187716500797274,0.09716840123292926,0.0521240111815093,2.893123922620187
200,capacity_loss,baseline,29,0.8464163822525598,16636.0,11336.0,5300.0,401,76,44,0.16250635024072083,11.676712553802941,0.09649124866029365,0.049839689791231837,2.8939197930142297
200,capacity_loss,baseline,30,0.836801752464403,17297.0,11717.0,5580.0,401,56,44,0.1543261752928847,11.813681819741564,0.09289395345043787,0.04858129272698173,2.8946616675593653
200,capacity_loss,baseline,31,0.8329809725158562,17953.0,12088.0,5865.0,398,57,50,0.15077266442213463,11.77159301059472,0.09131055098851824,0.048446745562130175,2.895354860991193
200,capacity_loss,baseline,32,0.8275510204081633,18588.0,12473.0,6115.0,404,50,40,0.14532117982176712,11.799403157239874,0.08827554105430363,0.04817584352161015,2.896004012706906
200,capacity_loss,baseline,33,0.8188976377952756,19108.0,12848.0,6260.0,398,29,48,0.13864502253776723,11.479263766096482,0.0890059648982274,0.046846875547555705,2.896613190730838
200,capacity_loss,baseline,34,0.8169685414680649,19558.0,13223.0,6335.0,400,15,46,0.13250314048606582,10.9502313889802,0.09100448341658632,0.04589482436083973,2.897185977047635
200,capacity_loss,baseline,35,0.8107109879963066,20526.0,13606.0,6920.0,402,117,42,0.1288435632503681,10.631717184803925,0.09134663387447134,0.04578355535408778,2.8977255380857874
200,capacity_loss,baseline,36,0.8095238095238095,21875.0,13975.0,7900.0,395,196,52,0.1300643965088816,10.914986752176386,0.09046603094977736,0.04544814178242371,2.8982346832814123
200,capacity_loss,baseline,37,0.8167400881057268,23103.0,14353.0,8750.0,402,170,43,0.12673702308528395,11.358352003759794,0.08808317330776401,0.04370081848566992,2.8987159140095238
200,capacity_loss,baseline,38,0.8078565328778822,24242.0,14737.0,9505.0,402,151,42,0.12216187467492502,11.470010790829768,0.08616089432336954,0.042637110262363,2.8991714646819267
200,capacity_loss,baseline,39,0.8083333333333333,25360.0,15105.0,10255.0,396,150,52,0.12002582933195645,11.633436639118457,0.08356304598982509,0.04258080164938452,2.8996033374367403
200,capacity_loss,baseline,40,0.8167625308134757,26376.0,15491.0,10885.0,404,126,38,0.11794849705636544,11.97503228449612,0.08120596767509326,0.041824213041360275,2.900013331555793
200,capacity_loss,baseline,41,0.8105515587529976,27468.0,15863.0,11605.0,396,144,50,0.11547403948127448,11.95911964931715,0.08188091879911341,0.04065781957199982,2.9004030685216495
200,capacity_loss,baseline,42,0.8087091757387247,28432.0,16237.0,12195.0,400,118,46,0.11167224267487073,12.127480573457744,0.07893084154040035,0.04021740282030362,2.9007740134500697
200,capacity_loss,baseline,43,0.8018154311649016,29428.0,16623.0,12805.0,404,122,40,0.10855674975112209,12.175539654628093,0.07651047528779888,0.04016806375686502,2.901127493495229
200,capacity_loss,baseline,44,0.7997043606799704,30299.0,16994.0,13305.0,396,100,51,0.10448096487536047,12.464950092796302,0.07283239863919741,0.03966475026681161,2.901464713715046
200,capacity_loss,baseline,45,0.8011569052783803,31047.0,17372.0,13675.0,402,74,43,0.10272068471232565,12.438428138914627,0.07322248131279012,0.03886712937058774,2.9017867707963565
200,capacity_loss,baseline,46,0.7947813822284908,31704.0,17754.0,13950.0,402,55,44,0.10081024185951362,12.309856870302712,0.0733456577035958,0.03847385210691787,2.9020946649693324
200,capacity_loss,baseline,47,0.802649930264993,32575.0,18125.0,14450.0,397,100,51,0.10045423772969589,12.260167559770709,0.07338815700328705,0.03846716758346298,2.902389310383876
200,capacity_loss,baseline,48,0.7978290366350068,33879.0,18504.0,15375.0,402,185,44,0.09696737828766495,12.232206996436515,0.07219343366523794,0.03782903287296168,2.902671544174703
200,capacity_loss,baseline,49,0.798,35079.0,18884.0,16195.0,400,164,45,0.0951243938682082,12.412835453426341,0.07119600723375247,0.03707890384087905,2.902942134404518
200,capacity_loss,baseline,50,0.8007863695937091,36145.0,19255.0,16890.0,397,139,49,0.09387778035972123,12.460775513927024,0.07023752311259872,0.03694633212773894,2.9032017870439315
200,capacity_loss,baseline,51,0.8032258064516129,37227.0,19637.0,17590.0,403,140,41,0.09367392720821782,12.505514373531005,0.07011807848305732,0.03679363013739269,2.9034511521217814
200,capacity_loss,baseline,52,0.8016476552598225,38203.0,20013.0,18190.0,399,120,48,0.09219261726374166,12.440880550722447,0.07088453898512521,0.03600336820385219,2.9036908291585704
200,capacity_loss,baseline,53,0.8072590738423029,39279.0,20389.0,18890.0,401,140,46,0.09136674634426507,12.41843488452574,0.07236970535298869,0.03500899451289513,2.903921371978738
200,capacity_loss,baseline,54,0.8047882136279927,40256.0,20771.0,19485.0,402,119,44,0.09078493009681884,12.439388650115102,0.07220477278602418,0.03480412981742991,2.904143292982975
200,capacity_loss,baseline,55,0.8081113801452785,41953.0,21143.0,20810.0,397,265,50,0.09101473090174513,12.501871259175607,0.07215557320130164,0.03473895720983545,2.904357066950054
200,capacity_loss,baseline,56,0.8080808080808081,43531.0,21521.0,22010.0,402,240,44,0.08866166097719444,12.574977615270129,0.07154401705172103,0.03392926879314796,2.904563134427473
200,capacity_loss,baseline,57,0.8070175438596491,45013.0,21903.0,23110.0,401,220,44,0.08762050781763232,12.597399218940843,0.0725195329698553,0.033018651648798164,2.904761904761907
200,capacity_loss,baseline,58,0.8079355951696378,46486.0,22271.0,24215.0,397,221,52,0.08660181331746909,12.552678690769394,0.07228087826056268,0.032857001582278486,2.9049537588132943
200,capacity_loss,baseline,59,0.8072357263990956,47862.0,22657.0,25205.0,405,198,40,0.0849235965576796,12.607011555627597,0.07137600877781727,0.03248606014213778,2.9051390513905138
200,capacity_loss,baseline,60,0.8058954393770856,49312.0,23032.0,26280.0,397,215,49,0.08446645939995505,12.65808185593057,0.07270379697411743,0.03159116239240229,2.905318113441289
200,capacity_loss,baseline,61,0.8100987925356751,50625.0,23405.0,27220.0,399,188,46,0.08361854354661795,12.74833453941272,0.07268960726449691,0.031056839116867917,2.9054912540248887
200,capacity_loss,baseline,62,0.8051668460710442,52060.0,23790.0,28270.0,403,210,40,0.08222092225293733,12.75834164497859,0.07151906053533508,0.031011423757004573,2.905658762092288
200,capacity_loss,baseline,63,0.8002108592514496,53367.0,24157.0,29210.0,395,188,54,0.07932168310775867,12.816621767200774,0.06994042132349676,0.030452381672304293,2.9058209080953583
200,capacity_loss,baseline,64,0.803748047891723,54556.0,24536.0,30020.0,404,162,44,0.0786819400537767,12.92068753008622,0.07184916058907405,0.02916590275059338,2.905977945443995
200,capacity_loss,baseline,65,0.8023613963039015,55659.0,24924.0,30735.0,403,143,41,0.07815533013554747,12.962612667100387,0.0727142884397585,0.028531936233674695,2.9061301118276055
200,capacity_loss,baseline,66,0.8049645390070922,56815.0,25285.0,31530.0,392,159,57,0.0779433370549273,12.971394346523189,0.07280342138751716,0.02839902594519306,2.90627763041556
200,capacity_loss,baseline,67,0.8075,57867.0,25672.0,32195.0,406,133,36,0.07741218580908107,12.966997685300104,0.07440246386373958,0.027607310501716227,2.9064207109492526
200,capacity_loss,baseline,68,0.8059259259259259,58822.0,26047.0,32775.0,398,116,50,0.07721147525784262,12.959388694354185,0.07718468469205259,0.026557486829334443,2.906559550737071
200,capacity_loss,baseline,69,0.8065143412736996,59888.0,26423.0,33465.0,400,138,45,0.07675547874404766,12.895882127293563,0.07762392925913614,0.026379304624776046,2.9066943355622166
200,capacity_loss,baseline,70,0.8088589311506981,60856.0,26806.0,34050.0,402,117,41,0.07602107518008364,12.942590261585655,0.0769026422922631,0.02627559871511671,2.9068252405120827
200,capacity_loss,baseline,71,0.8116356700047688,61701.0,27176.0,34525.0,397,95,51,0.07521751294390726,13.026302711019563,0.07853509624193189,0.025292752705525345,2.90695243073706
200,capacity_loss,baseline,72,0.8130004710315591,63488.0,27558.0,35930.0,404,281,42,0.0739684729618922,13.153567090505545,0.07900864666887245,0.024483420458354967,2.9070760621456433
200,capacity_loss,baseline,73,0.809082483781279,65175.0,27940.0,37235.0,401,261,44,0.0723479007531286,13.044998220243977,0.07837025748564848,0.024342001327056145,2.907196282041972
200,capacity_loss,baseline,74,0.8127581459385039,66723.0,28308.0,38415.0,396,236,52,0.07194124320526105,13.074511128016843,0.07859534770337523,0.0240804065770227,2.9073132297113387
200,capacity_loss,baseline,75,0.8129528985507246,68163.0,28688.0,39475.0,403,212,44,0.07168912864775384,13.07871495540935,0.08098229030067075,0.023280341530100526,2.9074270369585182
200,capacity_loss,baseline,76,0.8103525211958947,69870.0,29070.0,40800.0,400,265,44,0.07137271008993043,13.01412072737873,0.08277078667536755,0.022788455924803924,2.907537828603305
200,capacity_loss,baseline,77,0.8139637649138312,71432.0,29437.0,41995.0,395,239,51,0.07041588570498625,13.040195013388672,0.08161044266074621,0.02275617877709106,2.9076457229371697
200,capacity_loss,baseline,78,0.8165499124343257,72894.0,29819.0,43075.0,404,216,41,0.06956352179732296,13.081784439382002,0.08160676682792523,0.02240945072622645,2.9077508321445547
200,capacity_loss,baseline,79,0.8169991326973114,74260.0,30200.0,44060.0,401,197,45,0.06872213629974026,13.136772632630052,0.0822461960036261,0.021873569511636878,2.907853262691974
200,capacity_loss,baseline,80,0.8168592212237912,75491.0,30571.0,44920.0,397,172,50,0.06805370503072676,13.0857332328867,0.08247559353565562,0.021684073068826283,2.9079531156877025
200,capacity_loss,baseline,81,0.8183742591024555,76757.0,30952.0,45805.0,402,177,42,0.06776526851284341,13.030017612882439,0.08249509646407181,0.02167864251987847,2.9080504872147013
200,capacity_loss,baseline,82,0.8138275718450646,78141.0,31326.0,46815.0,399,202,49,0.0663520578509885,12.831104661819921,0.08341334940150791,0.02131761734371711,2.908145468638979
200,capacity_loss,baseline,83,0.8170177612556795,79409.0,31704.0,47705.0,402,178,46,0.06604430583266908,12.85684893189752,0.08516098376161649,0.020741024403267427,2.908238146895538
200,capacity_loss,baseline,84,0.814663951120163,80573.0,32088.0,48485.0,402,156,42,0.06521781159696388,12.726928442963105,0.08571704657550243,0.020555684626269874,2.9083286047538004
200,capacity_loss,baseline,85,0.8158000806126562,81599.0,32454.0,49145.0,396,132,54,0.06498568586824412,12.68029300988313,0.08610747654775011,0.020464017241603155,2.908416921064109
200,capacity_loss,baseline,86,0.8159362549800797,82720.0,32840.0,49880.0,406,147,40,0.06469859255462469,12.61995185395472,0.08805965671631152,0.02001661358851002,2.9085031709870055
200,capacity_loss,baseline,87,0.8154574132492114,84696.0,33221.0,51475.0,400,319,45,0.06400837067662828,12.662346199547702,0.08856907804423955,0.019622680960030735,2.9085874262065636
200,capacity_loss,baseline,88,0.8154205607476636,86732.0,33587.0,53145.0,396,334,53,0.06363469602390581,12.655938980154685,0.08847073141095414,0.01953914558709258,2.9086697551290532
200,capacity_loss,baseline,89,0.813917723952326,88675.0,33975.0,54700.0,406,311,38,0.06262615882011946,12.645915996872715,0.0878772064156604,0.019374156807309695,2.9087502230682296
200,capacity_loss,baseline,90,0.8128565994674781,90505.0,34350.0,56155.0,397,291,49,0.06197907152778951,12.601306642275478,0.08947230953116533,0.018898296699413387,2.908828892418091
200,capacity_loss,baseline,91,0.8153730218538056,92199.0,34724.0,57475.0,399,264,45,0.06146919578560762,12.542827701310493,0.09016768088694857,0.01868450143709926,2.9089058228142624
200,capacity_loss,baseline,92,0.8137108792846498,94062.0,35107.0,58955.0,402,296,41,0.06129742899710692,12.517613469280363,0.09013229166302464,0.01867666864265792,2.908981071284737
200,capacity_loss,baseline,93,0.814924270410048,95964.0,35479.0,60485.0,396,306,49,0.06122845500237134,12.619418086240248,0.09016585709237603,0.018497795345795418,2.909054692390872
200,capacity_loss,baseline,94,0.8187155963302752,97745.0,35855.0,61890.0,401,281,44,0.06059167620066086,12.69339234647363,0.09030650500448532,0.01816994388449108,2.909126738359327
200,capacity_loss,baseline,95,0.8149221296631656,99440.0,36240.0,63200.0,403,262,41,0.059539108565372555,12.618159726256849,0.08997003527260738,0.01802748931844209,2.9091972592056132
200,capacity_loss,baseline,96,0.8158650394831299,101004.0,36609.0,64395.0,396,239,52,0.05905027518263872,12.59278117973468,0.0894958337516676,0.01801001083001716,2.9092663028498973
200,capacity_loss,baseline,97,0.8163410301953818,102455.0,36990.0,65465.0,403,214,42,0.058630914285926254,12.548837090410343,0.09055591446872652,0.017734248714925543,2.909333915225574
200,capacity_loss,baseline,98,0.8147627416520211,103803.0,37368.0,66435.0,399,194,47,0.0583689610676311,12.524448137298672,0.092227560966256,0.01736837492521844,2.9094001403811887
200,capacity_loss,baseline,99,0.8161559888579387,105185.0,37740.0,67445.0,397,202,48,0.05863680389560537,12.591892231368162,0.09249617860766608,0.01730383484428005,2.909465020576132
200,capacity_loss,baseline,100,0.8190311418685121,106737.0,38117.0,68620.0,402,235,45,0.05885113272679616,12.70499898649913,0.09234763642080755,0.017239782288930302,2.9095285963705604
200,capacity_loss,baseline,101,0.8163474692202463,108196.0,38501.0,69695.0,402,215,43,0.05791420705145756,12.637496977077927,0.09281605969779169,0.016969497864597807,2.9095909067099694
200,capacity_loss,baseline,102,0.8176271186440678,109518.0,38873.0,70645.0,396,190,48,0.05747244956925274,12.64780801587248,0.09283982835379276,0.01682166834954208,2.90965198900472
200,capacity_loss,baseline,103,0.8193743693239153,110725.0,39250.0,71475.0,400,166,43,0.05705267947043708,12.650800794574648,0.09214907405028282,0.016819654321117553,2.909711879204972
200,capacity_loss,baseline,104,0.819212808539026,111990.0,39630.0,72360.0,400,177,43,0.05690582282692618,12.682718684588846,0.09195227682846356,0.01676961558954435,2.9097706118712154
200,capacity_loss,baseline,105,0.8192333113020489,113131.0,40001.0,73130.0,398,154,49,0.05632521298095465,12.593268206141193,0.09241051420036848,0.016633193943959696,2.9098282202407955
200,capacity_loss,baseline,106,0.8170532505717086,114177.0,40387.0,73790.0,404,132,39,0.05563836078314208,12.483349259580509,0.0925701955987139,0.016546122567966268,2.9098847362906044
200,capacity_loss,baseline,107,0.8175040518638573,115102.0,40757.0,74345.0,395,111,52,0.055463398523898415,12.484161903889898,0.09230397921279326,0.016540270150004532,2.909940190796301
200,capacity_loss,baseline,108,0.8193506910961106,116160.0,41130.0,75030.0,400,137,47,0.055175800008454255,12.503396649246326,0.09242398083962527,0.01640755145086048,2.9099946133881787
200,capacity_loss,baseline,109,0.814779575007929,118578.0,41518.0,77060.0,404,406,39,0.0546866704213917,12.394366899453562,0.09362459645921167,0.016194480393219385,2.9100480326039513
200,capacity_loss,baseline,110,0.8145820238843494,120861.0,41886.0,78975.0,395,383,52,0.054013322303650184,12.36783725342669,0.09304588102718572,0.016128797633205887,2.9101004759386595
200,capacity_loss,baseline,111,0.8152647975077881,123031.0,42266.0,80765.0,403,358,42,0.05353119903216661,12.340661881245495,0.0924299849124804,0.01612649428304794,2.9101519698918565
200,capacity_loss,baseline,112,0.8143342601173926,125111.0,42651.0,82460.0,401,339,41,0.05319852613476609,12.317687571410673,0.09276463204026555,0.015997966178529097,2.9102025400122744
200,capacity_loss,baseline,113,0.8157572041692214,127043.0,43013.0,84030.0,393,314,55,0.05293751561148667,12.259173871053463,0.09348252194757356,0.015872352615885224,2.9102522109400577
200,capacity_loss,baseline,114,0.8156136087484812,128878.0,43398.0,85480.0,406,290,39,0.05266081217662723,12.192172154889938,0.09359448571026707,0.015856900271189377,2.910301006446827
200,capacity_loss,baseline,115,0.8151387213510254,130793.0,43778.0,87015.0,399,307,47,0.052836429186938316,12.241712685367462,0.09359658467932305,0.01584477992315333,2.9103489494735855
200,capacity_loss,baseline,116,0.8161984459055589,132850.0,44145.0,88705.0,396,338,51,0.05255408313105598,12.284692833554885,0.0932225082299591,0.015767733967188658,2.9103960621667206
200,capacity_loss,baseline,117,0.8159454653230587,134817.0,44532.0,90285.0,406,316,38,0.052087839076850856,12.263704178655898,0.09290754207838169,0.01570741434975354,2.9104423659120697
200,capacity_loss,baseline,118,0.8179403953968722,136679.0,44909.0,91770.0,397,297,48,0.05180048321901423,12.322423789898524,0.09202530323230249,0.015695119175550325,2.910487881367323
200,capacity_loss,baseline,119,0.8199121522693997,138391.0,45276.0,93115.0,397,269,50,0.05147311286229047,12.296726258620684,0.09187709788336093,0.01565349024861944,2.9105326284927378
200,capacity_loss,dual_only,0,1.0,401.0,401.0,0.0,401,0,93,,,,,
200,capacity_loss,dual_only,1,1.0,755.0,755.0,0.0,358,0,113,,,,,
200,capacity_loss,dual_only,2,1.0,1106.0,1106.0,0.0,379,0,91,1.7888738178082233,0.73430753902358,,,2.436137071651091
200,capacity_loss,dual_only,3,0.9782608695652174,1504.0,1489.0,15.0,405,3,57,2.9433957691552517,1.1593890087996015,,,2.5387473460721868
200,capacity_loss,dual_only,4,0.9382716049382716,1902.0,1882.0,20.0,406,1,52,0.31173805718698083,3.163336838415703,0.3671941723185129,0.10179231084963743,2.6365355521936458
200,capacity_loss,dual_only,5,0.9725274725274725,2301.0,2256.0,45.0,406,5,59,0.3542708679227096,3.6782417582417586,0.31372611464968153,0.11410009136128312,2.690658049353702
200,capacity_loss,dual_only,6,0.9904761904761905,2707.0,2652.0,55.0,418,2,38,0.3473789655212552,3.9951958363915403,0.31570349626612365,0.10106847658087492,2.725024015369837
200,capacity_loss,dual_only,7,0.9196787148594378,3143.0,3038.0,105.0,406,10,49,0.31862624709173065,4.172894740058919,0.2984090942600593,0.09308760314244775,2.7487814784727864
200,capacity_loss,dual_only,8,0.9309090909090909,3615.0,3415.0,200.0,405,19,51,0.3209527935299784,4.626328388705816,0.25714507266926623,0.09753155559384825,2.7661857846586915
200,capacity_loss,dual_only,9,0.9344262295081968,4045.0,3800.0,245.0,406,9,42,0.30408788510964846,4.957914760998908,0.23421994842220348,0.09421322690992018,2.779484792054626
200,capacity_loss,dual_only,10,0.9164179104477612,4502.0,4177.0,325.0,400,16,49,0.2826149812025013,5.138787450822152,0.23918570087609511,0.08241353936718175,2.7899777901166023
200,capacity_loss,dual_only,11,0.9148351648351648,4989.0,4554.0,435.0,401,22,46,0.266827463942257,5.333616337769618,0.22648950975500884,0.07892967282676744,2.798468106479157
200,capacity_loss,dual_only,12,0.9015544041450777,5416.0,4941.0,475.0,409,8,45,0.26487199573253284,5.905964178744448,0.19761478277033312,0.08089445667742695,2.8054791380100865
200,capacity_loss,dual_only,13,0.9,5924.0,5319.0,605.0,400,26,46,0.25455174018784393,5.773492140433488,0.20323822293195137,0.07716398272890686,2.811366512020244
200,capacity_loss,dual_only,14,0.8933333333333333,6501.0,5696.0,805.0,400,40,45,0.24701189312794614,6.578313806570181,0.18237139143421327,0.07310637750176971,2.816380320187427
200,capacity_loss,dual_only,15,0.8757763975155279,7010.0,6075.0,935.0,402,26,45,0.23688421456507072,7.3082737170566014,0.15775618840474862,0.07284131422062456,2.8207015630679755
200,capacity_loss,dual_only,16,0.859344894026975,7504.0,6454.0,1050.0,401,23,45,0.2228113473095615,7.168012553213127,0.15030843512487835,0.07321820516006129,2.8244644678680726
200,capacity_loss,dual_only,17,0.8330373001776199,8159.0,6829.0,1330.0,400,56,48,0.20188152354804653,6.670397601400828,0.1544197396963124,0.06931031118915226,2.8277706802938356
200,capacity_loss,dual_only,18,0.8367346938775511,8937.0,7212.0,1725.0,403,79,42,0.20034934848920835,7.021477418435675,0.15434023737491268,0.06531104601068416,2.8306985847636255
200,capacity_loss,dual_only,19,0.8495867768595041,9676.0,7586.0,2090.0,398,73,49,0.1952093692002291,8.081765522917845,0.13104656270009687,0.0650541108060087,2.8333095984050125
200,capacity_loss,dual_only,20,0.8448275862068966,10336.0,7961.0,2375.0,400,57,47,0.19147660315350404,9.343078110597354,0.11136670532352615,0.06489591357355472,2.835652526344232
200,capacity_loss,dual_only,21,0.8577981651376146,10893.0,8343.0,2550.0,403,35,43,0.18727941631120024,10.024844633461084,0.10798096324238969,0.06096611489116822,2.837766640966332
200,capacity_loss,dual_only,22,0.8510948905109489,11511.0,8721.0,2790.0,400,48,46,0.1815521179035118,9.941294326269485,0.1110831274840769,0.057894897554123824,2.839683901004655
200,capacity_loss,dual_only,23,0.8513323983169705,12008.0,9098.0,2910.0,401,24,45,0.17562570753539739,10.135038066249411,0.1053689944076325,0.05787790697674419,2.8414305783188953
200,capacity_loss,dual_only,24,0.8418230563002681,12490.0,9480.0,3010.0,403,20,43,0.16995077421751412,9.888923044831504,0.10535562276999982,0.05737665463297233,2.8430284689531486
200,capacity_loss,dual_only,25,0.8441558441558441,13442.0,9857.0,3585.0,400,115,47,0.16673928394071763,9.741832300532257,0.1095008318090398,0.05495086923658352,2.844495807353257
200,capacity_loss,dual_only,26,0.8456712672521958,14342.0,10232.0,4110.0,400,105,48,0.1639979065113856,10.34507352134512,0.10574193185211289,0.05268000254604581,2.845847965296426
200,capacity_loss,dual_only,27,0.838748495788207,15136.0,10616.0,4520.0,403,82,41,0.1589139268489589,10.696912123045408,0.0991919417551045,0.05260472133475329,2.8470979924468303
200,capacity_loss,dual_only,28,0.84192037470726,15908.0,10988.0,4920.0,397,80,50,0.1613925629776235,11.187716500797274,0.09716840123292926,0.0521240111815093,2.8482570388814397
200,capacity_loss,dual_only,29,0.8464163822525598,16666.0,11366.0,5300.0,402,76,44,0.16000270013563278,11.676712553802941,0.09649124866029365,0.049839689791231837,2.849334688597301
200,capacity_loss,dual_only,30,0.836801752464403,17328.0,11748.0,5580.0,402,56,44,0.1519631657933191,11.813681819741564,0.09289395345043787,0.04858129272698173,2.8503392251383706
200,capacity_loss,dual_only,31,0.8329809725158562,17985.0,12120.0,5865.0,399,57,50,0.1484773985669578,11.77159301059472,0.09131055098851824,0.048446745562130175,2.851277844931791
200,capacity_loss,dual_only,32,0.8275510204081633,18621.0,12506.0,6115.0,405,50,40,0.14312093275703308,11.799403157239874,0.08827554105430363,0.04817584352161015,2.852156829961546
200,capacity_loss,dual_only,33,0.8188976377952756,19142.0,12882.0,6260.0,399,29,48,0.13655662128919135,11.479263766096482,0.0890059648982274,0.046846875547555705,2.8529816885431862
200,capacity_loss,dual_only,34,0.8169685414680649,19593.0,13258.0,6335.0,401,15,46,0.1305169235150269,10.9502313889802,0.09100448341658632,0.04589482436083973,2.8537572708693606
200,capacity_loss,dual_only,35,0.8107109879963066,20562.0,13642.0,6920.0,403,117,42,0.1269210568345926,10.631717184803925,0.09134663387447134,0.04578355535408778,2.854487864448175
200,capacity_loss,dual_only,36,0.8095238095238095,21912.0,14012.0,7900.0,396,196,52,0.12813210439204167,10.914986752176386,0.09046603094977736,0.04544814178242371,2.8551772734015737
200,capacity_loss,dual_only,37,0.8167400881057268,23141.0,14391.0,8750.0,403,170,43,0.12486192577245227,11.358352003759794,0.08808317330776401,0.04370081848566992,2.85582888472082
200,capacity_loss,dual_only,38,0.8078565328778822,24281.0,14776.0,9505.0,403,151,42,0.12036154770133119,11.470010790829768,0.08616089432336954,0.042637110262363,2.856445723915182
200,capacity_loss,dual_only,39,0.8083333333333333,25400.0,15145.0,10255.0,397,150,52,0.1182635745378826,11.633436639118457,0.08356304598982509,0.04258080164938452,2.8570305019833135
200,capacity_loss,dual_only,40,0.8167625308134757,26417.0,15532.0,10885.0,405,126,38,0.11622289097039161,11.97503228449612,0.08120596767509326,0.041824213041360275,2.857585655245967
200,capacity_loss,dual_only,41,0.8105515587529976,27510.0,15905.0,11605.0,397,144,50,0.1137903558240689,11.95911964931715,0.08188091879911341,0.04065781957199982,2.8581133792744775
200,capacity_loss,dual_only,42,0.8087091757387247,28475.0,16280.0,12195.0,401,118,46,0.11004925581389681,12.127480573457744,0.07893084154040035,0.04021740282030362,2.8586156579114337
200,capacity_loss,dual_only,43,0.8018154311649016,29472.0,16667.0,12805.0,405,122,40,0.1069839170646789,12.175539654628093,0.07651047528779888,0.04016806375686502,2.8590942881922934
200,capacity_loss,dual_only,44,0.7997043606799704,30344.0,17039.0,13305.0,397,100,51,0.1029716597692612,12.464950092796302,0.07283239863919741,0.03966475026681161,2.8595509018278653
200,capacity_loss,dual_only,45,0.8011569052783803,31093.0,17418.0,13675.0,403,74,43,0.10124100922912095,12.438428138914627,0.07322248131279012,0.03886712937058774,2.859986983788902
200,capacity_loss,dual_only,46,0.7947813822284908,31751.0,17801.0,13950.0,403,55,44,0.09936202677677287,12.309856870302712,0.0733456577035958,0.03847385210691787,2.8604038884388383
200,capacity_loss,dual_only,47,0.802649930264993,32623.0,18173.0,14450.0,398,100,51,0.09901489401285961,12.260167559770709,0.07338815700328705,0.03846716758346298,2.8608028535839662
200,capacity_loss,dual_only,48,0.7978290366350068,33928.0,18553.0,15375.0,403,185,44,0.09558146874692948,12.232206996436515,0.07219343366523794,0.03782903287296168,2.861185012748032
200,capacity_loss,dual_only,49,0.798,35129.0,18934.0,16195.0,401,164,45,0.09376809127042013,12.412835453426341,0.07119600723375247,0.03707890384087905,2.861551405927696
200,capacity_loss,dual_only,50,0.8007863695937091,36196.0,19306.0,16890.0,398,139,49,0.09254234459873259,12.460775513927024,0.07023752311259872,0.03694633212773894,2.8619029890437173
200,capacity_loss,dual_only,51,0.8032258064516129,37279.0,19689.0,17590.0,404,140,41,0.09234435419392374,12.505514373531005,0.07011807848305732,0.03679363013739269,2.862240642268795
200,capacity_loss,dual_only,52,0.8016476552598225,38256.0,20066.0,18190.0,400,120,48,0.09088687168103894,12.440880550722447,0.07088453898512521,0.03600336820385219,2.8625651773847234
200,capacity_loss,dual_only,53,0.8072590738423029,39333.0,20443.0,18890.0,402,140,46,0.09007536865677107,12.41843488452574,0.07236970535298869,0.03500899451289513,2.862877344298467
200,capacity_loss,dual_only,54,0.8047882136279927,40311.0,20826.0,19485.0,403,119,44,0.08950433003741999,12.439388650115102,0.07220477278602418,0.03480412981742991,2.863177836827085
200,capacity_loss,dual_only,55,0.8081113801452785,42009.0,21199.0,20810.0,398,265,50,0.08973335562801446,12.501871259175607,0.07215557320130164,0.03473895720983545,2.8634672978456184
200,capacity_loss,dual_only,56,0.8080808080808081,43588.0,21578.0,22010.0,403,240,44,0.08741572964377062,12.574977615270129,0.07154401705172103,0.03392926879314796,2.8637463238781904
200,capacity_loss,dual_only,57,0.8070175438596491,45071.0,21961.0,23110.0,402,220,44,0.08639141452440272,12.597399218940843,0.0725195329698553,0.033018651648798164,2.864015469201381
200,capacity_loss,dual_only,58,0.8079355951696378,46545.0,22330.0,24215.0,398,221,52,0.0853891149544656,12.552678690769394,0.07228087826056268,0.032857001582278486,2.8642752495192734
200,capacity_loss,dual_only,59,0.8072357263990956,47922.0,22717.0,25205.0,406,198,40,0.08373639209203154,12.607011555627597,0.07137600877781727,0.03248606014213778,2.8645261452614514
200,capacity_loss,dual_only,60,0.8058954393770856,49373.0,23093.0,26280.0,398,215,49,0.08328756149175198,12.65808185593057,0.07270379697411743,0.03159116239240229,2.864768604548269
200,capacity_loss,dual_only,61,0.8100987925356751,50687.0,23467.0,27220.0,400,188,46,0.08245331374504655,12.74833453941272,0.07268960726449691,0.031056839116867917,2.8650030458619784
200,capacity_loss,dual_only,62,0.8051668460710442,52123.0,23853.0,28270.0,404,210,40,0.081076912632303,12.75834164497859,0.07151906053533508,0.031011423757004573,2.8652298604571538
200,capacity_loss,dual_only,63,0.8002108592514496,53431.0,24221.0,29210.0,396,188,54,0.0782196417501882,12.816621767200774,0.06994042132349676,0.030452381672304293,2.8654494145396345
200,capacity_loss,dual_only,64,0.803748047891723,54621.0,24601.0,30020.0,405,162,44,0.07759035132510679,12.92068753008622,0.07184916058907405,0.02916590275059338,2.8656620512395317
200,capacity_loss,dual_only,65,0.8023613963039015,55725.0,24990.0,30735.0,404,143,41,0.07707255293729562,12.962612667100387,0.0727142884397585,0.028531936233674695,2.8658680924006177
200,capacity_loss,dual_only,66,0.8049645390070922,56882.0,25352.0,31530.0,393,159,57,0.0768649523891164,12.971394346523189,0.07280342138751716,0.02839902594519306,2.8660678402057727
200,capacity_loss,dual_only,67,0.8075,57935.0,25740.0,32195.0,407,133,36,0.07634255187778916,12.966997685300104,0.07440246386373958,0.027607310501716227,2.866261578655688
200,capacity_loss,dual_only,68,0.8059259259259259,58891.0,26116.0,32775.0,399,116,50,0.07614597140298297,12.959388694354185,0.07718468469205259,0.026557486829334443,2.8664495749161527
200,capacity_loss,dual_only,69,0.8065143412736996,59958.0,26493.0,33465.0,401,138,45,0.07569757680863598,12.895882127293563,0.07762392925913614,0.026379304624776046,2.86663208054723
200,capacity_loss,dual_only,70,0.8088589311506981,60927.0,26877.0,34050.0,403,117,41,0.07497455463272273,12.942590261585655,0.0769026422922631,0.02627559871511671,2.8668093326263158
200,capacity_loss,dual_only,71,0.8116356700047688,61773.0,27248.0,34525.0,398,95,51,0.07418326489491232,13.026302711019563,0.07853509624193189,0.025292752705525345,2.866981554775594
200,capacity_loss,dual_only,72,0.8130004710315591,63561.0,27631.0,35930.0,405,281,42,0.07295255633203006,13.153567090505545,0.07900864666887245,0.024483420458354967,2.8671489581032303
200,capacity_loss,dual_only,73,0.809082483781279,65249.0,28014.0,37235.0,402,261,44,0.0713553421297077,13.044998220243977,0.07837025748564848,0.024342001327056145,2.867311742066662
200,capacity_loss,dual_only,74,0.8127581459385039,66798.0,28383.0,38415.0,397,236,52,0.07095532789488317,13.074511128016843,0.07859534770337523,0.0240804065770227,2.867470095265381
200,capacity_loss,dual_only,75,0.8129528985507246,68239.0,28764.0,39475.0,404,212,44,0.07070770041668542,13.07871495540935,0.08098229030067075,0.023280341530100526,2.867624196169881
200,capacity_loss,dual_only,76,0.8103525211958947,69947.0,29147.0,40800.0,401,265,44,0.07039661377775493,13.01412072737873,0.08277078667536755,0.022788455924803924,2.8677742137926234
200,capacity_loss,dual_only,77,0.8139637649138312,71510.0,29515.0,41995.0,396,239,51,0.0694538358121268,13.040195013388672,0.08161044266074621,0.02275617877709106,2.8679203083063793
200,capacity_loss,dual_only,78,0.8165499124343257,72973.0,29898.0,43075.0,405,216,41,0.068614041885862,13.081784439382002,0.08160676682792523,0.02240945072622645,2.868062631614699
200,capacity_loss,dual_only,79,0.8169991326973114,74340.0,30280.0,44060.0,402,197,45,0.06778503066798623,13.136772632630052,0.0822461960036261,0.021873569511636878,2.8682013278787477
200,capacity_loss,dual_only,80,0.8168592212237912,75572.0,30652.0,44920.0,398,172,50,0.06712657345159,13.0857332328867,0.08247559353565562,0.021684073068826283,2.86833653400437
200,capacity_loss,dual_only,81,0.8183742591024555,76839.0,31034.0,45805.0,403,177,42,0.06684290071723323,13.030017612882439,0.08249509646407181,0.02167864251987847,2.8684683800928656
200,capacity_loss,dual_only,82,0.8138275718450646,78224.0,31409.0,46815.0,400,202,49,0.0654497223315805,12.831104661819921,0.08341334940150791,0.02131761734371711,2.868596989858539
200,capacity_loss,dual_only,83,0.8170177612556795,79493.0,31788.0,47705.0,403,178,46,0.06514692928002226,12.85684893189752,0.08516098376161649,0.020741024403267427,2.868722481015889
200,capacity_loss,dual_only,84,0.814663951120163,80658.0,32173.0,48485.0,403,156,42,0.0643324107750818,12.726928442963105,0.08571704657550243,0.020555684626269874,2.8688449656389903
200,capacity_loss,dual_only,85,0.8158000806126562,81685.0,32540.0,49145.0,397,132,54,0.06410416185359068,12.68029300988313,0.08610747654775011,0.020464017241603155,2.868964550495296
200,capacity_loss,dual_only,86,0.8159362549800797,82807.0,32927.0,49880.0,407,147,40,0.06382166823929777,12.61995185395472,0.08805965671631152,0.02001661358851002,2.8690813373560724
200,capacity_loss,dual_only,87,0.8154574132492114,84784.0,33309.0,51475.0,401,319,45,0.06314148323086546,12.662346199547702,0.08856907804423955,0.019622680960030735,2.869195423285254
200,capacity_loss,dual_only,88,0.8154205607476636,86821.0,33676.0,53145.0,397,334,53,0.06277353148003074,12.655938980154685,0.08847073141095414,0.01953914558709258,2.8693069009084886
200,capacity_loss,dual_only,89,0.813917723952326,88765.0,34065.0,54700.0,407,311,38,0.06177927958905534,12.645915996872715,0.0878772064156604,0.019374156807309695,2.86941585866397
200,capacity_loss,dual_only,90,0.8128565994674781,90596.0,34441.0,56155.0,398,291,49,0.06114155884810489,12.601306642275478,0.08947230953116533,0.018898296699413387,2.8695223810364094
200,capacity_loss,dual_only,91,0.8153730218538056,92291.0,34816.0,57475.0,400,264,45,0.060639170500062976,12.542827701310493,0.09016768088694857,0.01868450143709926,2.8696265487755217
200,capacity_loss,dual_only,92,0.8137108792846498,94155.0,35200.0,58955.0,403,296,41,0.060470305899595476,12.517613469280363,0.09013229166302464,0.01867666864265792,2.8697284391001676
200,capacity_loss,dual_only,93,0.814924270410048,96058.0,35573.0,60485.0,397,306,49,0.06040283213999464,12.619418086240248,0.09016585709237603,0.018497795345795418,2.8698281258892493
200,capacity_loss,dual_only,94,0.8187155963302752,97840.0,35950.0,61890.0,402,281,44,0.059775191373110326,12.69339234647363,0.09030650500448532,0.01816994388449108,2.86992567986037
200,capacity_loss,dual_only,95,0.8149221296631656,99536.0,36336.0,63200.0,404,262,41,0.058737337734539465,12.618159726256849,0.08997003527260738,0.01802748931844209,2.8700211687371175
200,capacity_loss,dual_only,96,0.8158650394831299,101101.0,36706.0,64395.0,397,239,52,0.05825560216317062,12.59278117973468,0.0894958337516676,0.01801001083001716,2.8701146574058765
200,capacity_loss,dual_only,97,0.8163410301953818,102553.0,37088.0,65465.0,404,214,42,0.057842385601454153,12.548837090410343,0.09055591446872652,0.017734248714925543,2.8702062080628434
200,capacity_loss,dual_only,98,0.8147627416520211,103902.0,37467.0,66435.0,400,194,47,0.05758444366848047,12.524448137298672,0.092227560966256,0.01736837492521844,2.8702958803520326
200,capacity_loss,dual_only,99,0.8161559888579387,105285.0,37840.0,67445.0,398,202,48,0.057849167038781,12.591892231368162,0.09249617860766608,0.01730383484428005,2.8703837314948424
200,capacity_loss,dual_only,100,0.8190311418685121,106838.0,38218.0,68620.0,403,235,45,0.05806108947155358,12.70499898649913,0.09234763642080755,0.017239782288930302,2.8704698164118296
200,capacity_loss,dual_only,101,0.8163474692202463,108298.0,38603.0,69695.0,403,215,43,0.05713719726145811,12.637496977077927,0.09281605969779169,0.016969497864597807,2.8705541878372016
200,capacity_loss,dual_only,102,0.8176271186440678,109621.0,38976.0,70645.0,397,190,48,0.05670181000510112,12.64780801587248,0.09283982835379276,0.01682166834954208,2.870636896426535
200,capacity_loss,dual_only,103,0.8193743693239153,110829.0,39354.0,71475.0,401,166,43,0.056288100053122986,12.650800794574648,0.09214907405028282,0.016819654321117553,2.8707179908581995
200,capacity_loss,dual_only,104,0.819212808539026,112095.0,39735.0,72360.0,401,177,43,0.056143633543052476,12.682718684588846,0.09195227682846356,0.01676961558954435,2.8707975179288945
200,capacity_loss,dual_only,105,0.8192333113020489,113237.0,40107.0,73130.0,399,154,49,0.0555712100562879,12.593268206141193,0.09241051420036848,0.016633193943959696,2.870875522643695
200,capacity_loss,dual_only,106,0.8170532505717086,114284.0,40494.0,73790.0,405,132,39,0.05489394953083063,12.483349259580509,0.0925701955987139,0.016546122567966268,2.870952048300983
200,capacity_loss,dual_only,107,0.8175040518638573,115210.0,40865.0,74345.0,396,111,52,0.054721716532970165,12.484161903889898,0.09230397921279326,0.016540270150004532,2.871027136572587
200,capacity_loss,dual_only,108,0.8193506910961106,116269.0,41239.0,75030.0,401,137,47,0.05443834306008716,12.503396649246326,0.09242398083962527,0.01640755145086048,2.8711008275794523
200,capacity_loss,dual_only,109,0.814779575007929,118688.0,41628.0,77060.0,405,406,39,0.05395611981742797,12.394366899453562,0.09362459645921167,0.016194480393219385,2.871173159963128
200,capacity_loss,dual_only,110,0.8145820238843494,120972.0,41997.0,78975.0,396,383,52,0.0532921244817691,12.36783725342669,0.09304588102718572,0.016128797633205887,2.87124417095332
200,capacity_loss,dual_only,111,0.8152647975077881,123143.0,42378.0,80765.0,404,358,42,0.05281678663655096,12.340661881245495,0.0924299849124804,0.01612649428304794,2.871313896431803
200,capacity_loss,dual_only,112,0.8143342601173926,125224.0,42764.0,82460.0,402,339,41,0.05248889312890458,12.317687571410673,0.09276463204026555,0.015997966178529097,2.8713823709928725
200,capacity_loss,dual_only,113,0.8157572041692214,127157.0,43127.0,84030.0,394,314,55,0.052231696255898234,12.259173871053463,0.09348252194757356,0.015872352615885224,2.871449628000563
200,capacity_loss,dual_only,114,0.8156136087484812,128993.0,43513.0,85480.0,407,290,39,0.05195900650350568,12.192172154889938,0.09359448571026707,0.015856900271189377,2.8715156996428757
200,capacity_loss,dual_only,115,0.8151387213510254,130909.0,43894.0,87015.0,400,307,47,0.052132602845186955,12.241712685367462,0.09359658467932305,0.01584477992315333,2.871580616983125
200,capacity_loss,dual_only,116,0.8161984459055589,132967.0,44262.0,88705.0,397,338,51,0.0518543304151097,12.284692833554885,0.0932225082299591,0.015767733967188658,2.8716444100086593
200,capacity_loss,dual_only,117,0.8159454653230587,134935.0,44650.0,90285.0,407,316,38,0.05139459879105138,12.263704178655898,0.09290754207838169,0.01570741434975354,2.871707107677015
200,capacity_loss,dual_only,118,0.8179403953968722,136798.0,45028.0,91770.0,398,297,48,0.0511113649611518,12.322423789898524,0.09202530323230249,0.015695119175550325,2.8717687379597696
200,capacity_loss,dual_only,119,0.8199121522693997,138511.0,45396.0,93115.0,398,269,50,0.05078864042557337,12.296726258620684,0.09187709788336093,0.01565349024861944,2.871829327884149
200,capacity_loss,safety_only,0,1.0,545.0,545.0,0.0,545,0,93,,,,,
200,capacity_loss,safety_only,1,1.0,1043.0,1043.0,0.0,502,0,111,,,,,
200,capacity_loss,safety_only,2,1.0,1538.0,1538.0,0.0,523,0,88,1.8866671115566909,0.73430753902358,,,2.569314641744549
200,capacity_loss,safety_only,3,1.0,2053.0,2053.0,0.0,537,0,65,3.0892424756762207,1.1593890087996015,,,2.664543524416136
200,capacity_loss,safety_only,4,1.0,2558.0,2558.0,0.0,528,0,73,0.33139695400416813,2.111928963663979,0.661914303329223,0.086622424030737,2.7367624810892592
200,capacity_loss,safety_only,5,1.0,3072.0,3072.0,0.0,554,0,67,0.37437809425764096,2.219604395604396,0.6439148292261132,0.09433487201007135,2.7767332549941246
200,capacity_loss,safety_only,6,1.0,3616.0,3616.0,0.0,568,0,49,0.37101831636376653,2.2072462801094286,0.6452217613273772,0.09297150275081904,2.8021133525456294
200,capacity_loss,safety_only,7,1.0,4125.0,4125.0,0.0,538,0,69,0.36247152094362667,2.6086276235529966,0.6390625408699746,0.07711198428290766,2.81965881397238
200,capacity_loss,safety_only,8,1.0,4640.0,4640.0,0.0,556,0,66,0.34571050683240045,2.945662516651809,0.5752639959005142,0.07202621448795851,2.8325123152709373
200,capacity_loss,safety_only,9,1.0,5180.0,5180.0,0.0,560,0,52,0.3248564783762861,2.7819160561784115,0.55558145316676,0.07394769962243042,2.8423339540657975
200,capacity_loss,safety_only,10,1.0,5690.0,5690.0,0.0,549,0,72,0.30068706820440566,3.0451595547933694,0.5896155079968837,0.058759521218716006,2.850083287062741
200,capacity_loss,safety_only,11,1.0,6225.0,6225.0,0.0,567,0,57,0.30245009978847515,3.0439651216154195,0.7014388489208634,0.049592074592074584,2.8563535911602207
200,capacity_loss,safety_only,12,1.0,6770.0,6770.0,0.0,565,0,57,0.2961066139010842,2.9415040102920775,0.715846232510575,0.049142857142857155,2.8615314076111873
200,capacity_loss,safety_only,13,1.0,7285.0,7285.0,0.0,558,0,73,0.2757532979078251,3.0690395401980473,0.6719295867967716,0.046659121723832686,2.865879375790805
200,capacity_loss,safety_only,14,1.0,7835.0,7835.0,0.0,575,0,51,0.2741813307198227,3.032559920361437,0.7291864568960138,0.04320870259784715,2.869582194455291
200,capacity_loss,safety_only,15,1.0,8366.0,8366.0,0.0,555,0,62,0.26567036842638814,2.892138064894409,0.7638887986960277,0.04185935799782372,2.872773536895674
200,capacity_loss,safety_only,16,1.0,8871.0,8871.0,0.0,550,0,76,0.2515009685694936,2.883089485231086,0.7421657391572914,0.040875147386348745,2.875552533151988
200,capacity_loss,safety_only,17,1.0,9406.0,9406.0,0.0,558,0,47,0.24062615853707356,2.7398562124755803,0.783533049864708,0.03894644521186208,2.877994251038008
200,capacity_loss,safety_only,18,0.9982993197278912,9928.0,9923.0,5.0,544,1,64,0.22922920069319982,2.6801093460606924,0.8224886264024174,0.03610533899364704,2.8801565793435713
200,capacity_loss,safety_only,19,1.0,10451.0,10446.0,5.0,563,0,67,0.22359089413848765,2.7925634034672564,0.7897559482494751,0.03517640058736509,2.8820848761036753
200,capacity_loss,safety_only,20,1.0,10999.0,10994.0,5.0,567,0,49,0.22571243214770897,2.8186362307871007,0.793235346778,0.03500636106209218,2.8838151850851137
200,capacity_loss,safety_only,21,1.0,11531.0,11526.0,5.0,571,0,68,0.21437596012588636,3.107330778339067,0.73088897149609,0.032714078769907055,2.8853765098946282
200,capacity_loss,safety_only,22,1.0,12088.0,12083.0,5.0,586,0,51,0.2052647504550398,3.1263321665965775,0.7484233160295455,0.030388998413232688,2.886792452830188
200,capacity_loss,safety_only,23,1.0,12664.0,12659.0,5.0,591,0,33,0.19908387948096892,3.225261403130139,0.714349355783191,0.029919266068832343,2.88808241629595
200,capacity_loss,safety_only,24,1.0,13197.0,13192.0,5.0,556,0,58,0.18862231724256134,3.269867322460765,0.6753269127235748,0.029563911053161192,2.8892624971979375
200,capacity_loss,safety_only,25,1.0,13731.0,13726.0,5.0,561,0,56,0.18675045000107102,3.244246740891209,0.6835363570782843,0.029136427548018,2.8903461621156743
200,capacity_loss,safety_only,26,1.0,14263.0,14258.0,5.0,562,0,58,0.18259763681927532,3.2742888074195253,0.6817884253187941,0.028289721049180726,2.8913447634786213
200,capacity_loss,safety_only,27,1.0,14794.0,14789.0,5.0,559,0,55,0.17715659991957078,3.170619934939094,0.6982850810813015,0.027665712777160328,2.892267938779568
200,capacity_loss,safety_only,28,1.0,15322.0,15317.0,5.0,560,0,63,0.17619823796498443,3.200371355702087,0.6865948354860179,0.027716195598115168,2.893123922620187
200,capacity_loss,safety_only,29,1.0,15863.0,15858.0,5.0,571,0,57,0.17356360198250903,3.144866520621164,0.6911133657882733,0.02759438091774752,2.8939197930142297
200,capacity_loss,safety_only,30,1.0,16395.0,16390.0,5.0,561,0,62,0.16786925692640212,3.0623029817400758,0.7037575757575759,0.02690928248667706,2.8946616675593653
200,capacity_loss,safety_only,31,1.0,16921.0,16916.0,5.0,560,0,64,0.16321178104041445,2.9868991859520557,0.7146093700424133,0.026409515489550433,2.895354860991193
200,capacity_loss,safety_only,32,1.0,17455.0,17450.0,5.0,562,0,56,0.1594494295590105,2.9241374617657723,0.7115965736080488,0.026460142434779375,2.896004012706906
200,capacity_loss,safety_only,33,1.0,17974.0,17969.0,5.0,548,0,63,0.15528420661464884,2.8475368777628285,0.7159715587477015,0.026294907987938855,2.896613190730838
200,capacity_loss,safety_only,34,0.9933269780743565,18527.0,18487.0,40.0,553,7,67,0.14805310820511985,2.837516218772565,0.7037426461755665,0.02559109874826147,2.897185977047635
200,capacity_loss,safety_only,35,0.997229916897507,19069.0,19014.0,55.0,557,3,55,0.1377928756763968,3.1052639499876653,0.6054922253184276,0.025290791599353796,2.8977255380857874
200,capacity_loss,safety_only,36,1.0,19589.0,19534.0,55.0,546,0,59,0.13182380828995702,3.2424921219484415,0.5535962952696201,0.025338925805488795,2.8982346832814123
200,capacity_loss,safety_only,37,1.0,20107.0,20052.0,55.0,554,0,65,0.1277508425885606,3.4297761761172807,0.5196788547107758,0.024726195173887473,2.8987159140095238
200,capacity_loss,safety_only,38,1.0,20636.0,20581.0,55.0,554,0,54,0.12315524721848621,3.4185055686879986,0.5241583083318404,0.023707199430916166,2.8991714646819267
200,capacity_loss,safety_only,39,1.0,21154.0,21099.0,55.0,546,0,61,0.12067484886749172,3.431783746556474,0.5154594219317757,0.023526849656997834,2.8996033374367403
200,capacity_loss,safety_only,40,0.9991783073130649,21689.0,21629.0,60.0,563,1,61,0.11808960416990064,3.6121228737277673,0.47953831568696564,0.023508550045309048,2.900013331555793
200,capacity_loss,safety_only,41,1.0,22227.0,22167.0,60.0,564,0,51,0.11632748636506077,3.646843056104457,0.477310479880899,0.023041245136186765,2.9004030685216495
200,capacity_loss,safety_only,42,1.0,22747.0,22687.0,60.0,548,0,60,0.11355390206353254,3.613163682002447,0.4753987938430626,0.022789901840122466,2.9007740134500697
200,capacity_loss,safety_only,43,1.0,23255.0,23195.0,60.0,542,0,64,0.10939939697980954,3.589687874239616,0.4628090248623782,0.02269810528280754,2.901127493495229
200,capacity_loss,safety_only,44,0.9985218033998522,23785.0,23715.0,70.0,546,2,57,0.10991836101109334,3.6589656882978194,0.45612025434823267,0.022699445896616717,2.901464713715046
200,capacity_loss,safety_only,45,0.9963846710050615,24321.0,24226.0,95.0,546,5,65,0.10739227986390446,3.7405860953610377,0.4442409982641415,0.022271490064192205,2.9017867707963565
200,capacity_loss,safety_only,46,0.997179125528914,24855.0,24740.0,115.0,546,4,61,0.10593656675470162,3.785470752261263,0.443407695966822,0.021747593039832834,2.9020946649693324
200,capacity_loss,safety_only,47,1.0,25384.0,25269.0,115.0,555,0,58,0.10500713499209068,3.8397165982825494,0.4355413553242043,0.021633887856834413,2.902389310383876
200,capacity_loss,safety_only,48,0.9993215739484396,25893.0,25773.0,120.0,541,1,70,0.1025352300004767,3.780962466605601,0.43416209044731485,0.021518943669260833,2.902671544174703
200,capacity_loss,safety_only,49,1.0,26424.0,26304.0,120.0,556,0,53,0.10170316573363129,3.792154288059089,0.4385584050068239,0.021066027901507703,2.902942134404518
200,capacity_loss,safety_only,50,1.0,26944.0,26824.0,120.0,548,0,63,0.1008478795799947,3.8099140888246734,0.4405548328997399,0.02069542722361714,2.9032017870439315
200,capacity_loss,safety_only,51,1.0,27465.0,27345.0,120.0,561,0,66,0.09996830072649336,3.833654540302177,0.4367593302424019,0.0205632909223748,2.9034511521217814
200,capacity_loss,safety_only,52,1.0,28017.0,27897.0,120.0,572,0,47,0.09880570710356985,3.789319645468086,0.44193305771832386,0.02031954257481486,2.9036908291585704
200,capacity_loss,safety_only,53,1.0,28541.0,28421.0,120.0,558,0,75,0.09819935497002703,3.7828423079659337,0.45208353049527844,0.01977365072200783,2.903921371978738
200,capacity_loss,safety_only,54,1.0,29080.0,28960.0,120.0,579,0,63,0.09607111370893247,3.793198008519248,0.44808906576794044,0.01946278225913771,2.904143292982975
200,capacity_loss,safety_only,55,1.0,29655.0,29535.0,120.0,591,0,44,0.0961356884499734,3.8139977413890453,0.44982518847171127,0.019293473831955794,2.904357066950054
200,capacity_loss,safety_only,56,1.0,30192.0,30072.0,120.0,575,0,67,0.09372946651863562,3.8246931951237912,0.43949891942516384,0.019197333495620587,2.904563134427473
200,capacity_loss,safety_only,57,1.0,30754.0,30634.0,120.0,591,0,53,0.09187488456716757,3.8731693595547556,0.44404490234506355,0.018390472600978525,2.904761904761907
200,capacity_loss,safety_only,58,1.0,31318.0,31198.0,120.0,587,0,51,0.09001221461919344,3.863748871350722,0.4483171789553082,0.017888253935138262,2.9049537588132943
200,capacity_loss,safety_only,59,1.0,31879.0,31759.0,120.0,583,0,47,0.08801855698207665,3.8594713918716006,0.44270266055162333,0.01773239357000011,2.9051390513905138
200,capacity_loss,safety_only,60,1.0,32426.0,32306.0,120.0,571,0,54,0.0868111767388134,3.856188593424322,0.4440985998394971,0.017447944930914096,2.905318113441289
200,capacity_loss,safety_only,61,1.0,32974.0,32854.0,120.0,574,0,53,0.08540809590957935,3.852524896924451,0.437891657357709,0.017424781548584293,2.9054912540248887
200,capacity_loss,safety_only,62,1.0,33508.0,33388.0,120.0,563,0,57,0.08405845989085921,3.8434579795834285,0.4326301114627588,0.017397944379113905,2.905658762092288
200,capacity_loss,safety_only,63,1.0,34030.0,33910.0,120.0,554,0,59,0.08185530485722013,3.7635526871958898,0.43137940427302895,0.017350842973522813,2.9058209080953583
200,capacity_loss,safety_only,64,1.0,34559.0,34439.0,120.0,556,0,60,0.08107856939988822,3.755809699828061,0.42890353823450816,0.017320106374761376,2.905977945443995
200,capacity_loss,safety_only,65,1.0,35089.0,34969.0,120.0,562,0,59,0.08007685974072778,3.7329262551531808,0.426124104506785,0.01732233635771884,2.9061301118276055
200,capacity_loss,safety_only,66,1.0,35621.0,35501.0,120.0,560,0,63,0.0792407964297895,3.7008830821517122,0.42510102557900054,0.017330624591317716,2.90627763041556
200,capacity_loss,safety_only,67,1.0,36152.0,36032.0,120.0,566,0,66,0.07905268198388926,3.713696290274537,0.4230411691906537,0.017312871731567724,2.9064207109492526
200,capacity_loss,safety_only,68,1.0,36703.0,36583.0,120.0,582,0,56,0.07843433368285532,3.7166145013069283,0.4193477927729453,0.017314306754196106,2.906559550737071
200,capacity_loss,safety_only,69,1.0,37255.0,37135.0,120.0,578,0,54,0.07693106137533125,3.671965295936304,0.41621181080413444,0.01731766730123035,2.9066943355622166
200,capacity_loss,safety_only,70,1.0,37802.0,37682.0,120.0,578,0,65,0.07658817287231856,3.6793451300836524,0.41380484563858144,0.017305202550748258,2.9068252405120827
200,capacity_loss,safety_only,71,1.0,38382.0,38262.0,120.0,609,0,43,0.07562580510378718,3.7350641299335945,0.40272074740678676,0.0172953764371287,2.90695243073706
200,capacity_loss,safety_only,72,1.0,38973.0,38853.0,120.0,602,0,35,0.07466948117644896,3.7442863026769397,0.4025148144287014,0.017042598803992157,2.9070760621456433
200,capacity_loss,safety_only,73,1.0,39530.0,39410.0,120.0,584,0,45,0.07288712793361987,3.72906724151123,0.3958210117818135,0.016985464338021068,2.907196282041972
200,capacity_loss,safety_only,74,1.0,40105.0,39985.0,120.0,584,0,33,0.07212733733501334,3.7304817096587928,0.39841757959527924,0.016691857469703895,2.9073132297113387
200,capacity_loss,safety_only,75,1.0,40626.0,40506.0,120.0,550,0,67,0.07128709129126204,3.702600189141643,0.39957631409986927,0.016572785697334447,2.9074270369585182
200,capacity_loss,safety_only,76,1.0,41159.0,41039.0,120.0,566,0,51,0.06995565386661304,3.6830455081845317,0.395187157447119,0.016530558947465003,2.907537828603305
200,capacity_loss,safety_only,77,1.0,41709.0,41589.0,120.0,567,0,45,0.06934849136700715,3.658433657172924,0.398007913142651,0.016379801618313355,2.9076457229371697
200,capacity_loss,safety_only,78,1.0,42219.0,42099.0,120.0,555,0,81,0.06917390787101899,3.661715410400713,0.4026522060902243,0.016135055061769807,2.9077508321445547
200,capacity_loss,safety_only,79,1.0,42790.0,42670.0,120.0,598,0,43,0.06843547437275352,3.6644666999515776,0.398050393208989,0.016134665199076408,2.907853262691974
200,capacity_loss,safety_only,80,1.0,43352.0,43232.0,120.0,581,0,48,0.06768022272836367,3.683392668271045,0.393187241231989,0.016070409485143655,2.9079531156877025
200,capacity_loss,safety_only,81,1.0,43890.0,43770.0,120.0,572,0,66,0.06714222666912707,3.6723965180983833,0.39984753935091905,0.015723520928360612,2.9080504872147013
200,capacity_loss,safety_only,82,1.0,44445.0,44325.0,120.0,578,0,44,0.0655080577965347,3.6311833153252366,0.3953025672770987,0.015692812574082997,2.908145468638979
200,capacity_loss,safety_only,83,1.0,44991.0,44871.0,120.0,569,0,56,0.06506457162046544,3.6185221038791613,0.39636879592263297,0.01559853891724925,2.908238146895538
200,capacity_loss,safety_only,84,1.0,45525.0,45405.0,120.0,567,0,57,0.06419347197425362,3.6022035167455435,0.3943371536713985,0.015538584274517644,2.9083286047538004
200,capacity_loss,safety_only,85,1.0,46081.0,45961.0,120.0,578,0,42,0.06367982034127187,3.5899726448486122,0.3954353946034755,0.015423341968721785,2.908416921064109
200,capacity_loss,safety_only,86,1.0,46614.0,46494.0,120.0,556,0,58,0.0630410762393105,3.60130465921124,0.39187717745385897,0.015358338773065909,2.9085031709870055
200,capacity_loss,safety_only,87,1.0,47133.0,47013.0,120.0,554,0,69,0.0626396123455808,3.5900029706006364,0.3948157506428794,0.015194193788566141,2.9085874262065636
200,capacity_loss,safety_only,88,1.0,47671.0,47551.0,120.0,569,0,53,0.06191943114381178,3.562855986569938,0.3951522858610411,0.01512062615612796,2.9086697551290532
200,capacity_loss,safety_only,89,1.0,48203.0,48083.0,120.0,558,0,57,0.06110245674621077,3.5356864778020864,0.39312997412341083,0.015112709604007133,2.9087502230682296
200,capacity_loss,safety_only,90,1.0,48723.0,48603.0,120.0,555,0,67,0.06059744257821538,3.50841432356473,0.3980996709021545,0.01491534923488774,2.908828892418091
200,capacity_loss,safety_only,91,1.0,49268.0,49148.0,120.0,570,0,52,0.060082939731915495,3.4797079970350304,0.4038502229082889,0.014698004786286726,2.9089058228142624
200,capacity_loss,safety_only,92,1.0,49789.0,49669.0,120.0,553,0,71,0.0597487809587891,3.460310472380958,0.4055046712678996,0.014637847725960858,2.908981071284737
200,capacity_loss,safety_only,93,1.0,50328.0,50208.0,120.0,577,0,62,0.05921195037167473,3.4847833795089955,0.4025736980898361,0.014508960429039411,2.909054692390872
200,capacity_loss,safety_only,94,1.0,50896.0,50776.0,120.0,589,0,53,0.05898840682490614,3.474409440024521,0.41001787707705767,0.014233779564603748,2.909126738359327
200,capacity_loss,safety_only,95,1.0,51448.0,51328.0,120.0,587,0,54,0.0580008790455656,3.45510710959644,0.4104284598110549,0.014059258716788163,2.9091972592056132
200,capacity_loss,safety_only,96,1.0,52013.0,51893.0,120.0,582,0,51,0.05755232729865377,3.444145105860608,0.41500741701445903,0.013840191988860866,2.9092663028498973
200,capacity_loss,safety_only,97,1.0,52564.0,52444.0,120.0,587,0,53,0.0568160104898945,3.4527223730616345,0.41092113653278134,0.01376439178851266,2.909333915225574
200,capacity_loss,safety_only,98,1.0,53128.0,53008.0,120.0,575,0,46,0.05633286898497205,3.431442449331695,0.4163638172749265,0.013552166027413553,2.9094001403811887
200,capacity_loss,safety_only,99,1.0,53663.0,53543.0,120.0,572,0,59,0.05594225044357617,3.4418807989458107,0.4157492609531092,0.01343691226729113,2.909465020576132
200,capacity_loss,safety_only,100,1.0,54227.0,54107.0,120.0,584,0,49,0.05564087018558752,3.440623115898179,0.41677616627535496,0.01333617559441173,2.9095285963705604
200,capacity_loss,safety_only,101,1.0,54780.0,54660.0,120.0,582,0,46,0.05474816378684265,3.4324809537807894,0.41130482408026836,0.013328021594769167,2.9095909067099694
200,capacity_loss,safety_only,102,1.0,55325.0,55205.0,120.0,564,0,57,0.054483286601799234,3.4200592157910674,0.41199297456125233,0.01328919927186496,2.90965198900472
200,capacity_loss,safety_only,103,1.0,55868.0,55748.0,120.0,579,0,55,0.0541874164847035,3.4406010277364887,0.408973510998943,0.013234848179069933,2.909711879204972
200,capacity_loss,safety_only,104,1.0,56431.0,56311.0,120.0,582,0,46,0.053985321409759875,3.447204913283741,0.40853769752326424,0.01317400127306062,2.9097706118712154
200,capacity_loss,safety_only,105,1.0,56975.0,56855.0,120.0,575,0,56,0.05341520475627704,3.433379224703017,0.4082796498295885,0.013095377958166692,2.9098282202407955
200,capacity_loss,safety_only,106,1.0,57527.0,57407.0,120.0,575,0,44,0.05269117397685288,3.410555043435258,0.4060881122360455,0.01307424891908422,2.9098847362906044
200,capacity_loss,safety_only,107,1.0,58054.0,57934.0,120.0,547,0,68,0.052631799361177886,3.406032688415623,0.4084704711952241,0.013000338991890266,2.909940190796301
200,capacity_loss,safety_only,108,1.0,58567.0,58447.0,120.0,571,0,76,0.05216447449113845,3.4140535025248173,0.41632273342133963,0.0126119489006831,2.9099946133881787
200,capacity_loss,safety_only,109,1.0,59141.0,59021.0,120.0,578,0,31,0.05116881811187816,3.3582638827806752,0.4236968151950532,0.012357630633205425,2.9100480326039513
200,capacity_loss,safety_only,110,1.0,59635.0,59515.0,120.0,532,0,86,0.050722033011487436,3.3374402240711927,0.42473127382388015,0.012295917266316432,2.9101004759386595
200,capacity_loss,safety_only,111,1.0,60162.0,60042.0,120.0,577,0,63,0.050226606294874396,3.3466677905231816,0.430304228301449,0.01198477675154774,2.9101519698918565
200,capacity_loss,safety_only,112,1.0,60745.0,60625.0,120.0,587,0,30,0.04995106170956551,3.3424685144661295,0.43688846814138316,0.011753943579720566,2.9102025400122744
200,capacity_loss,safety_only,113,1.0,61253.0,61133.0,120.0,547,0,84,0.04961848342298628,3.336025978670213,0.4379343289110753,0.011670096415854434,2.9102522109400577
200,capacity_loss,safety_only,114,1.0,61797.0,61677.0,120.0,583,0,57,0.048952663705852655,3.3342713802570505,0.45038966656722035,0.011200800358054923,2.910301006446827
200,capacity_loss,safety_only,115,1.0,62370.0,62250.0,120.0,594,0,43,0.04856210293926793,3.337902675383426,0.45291374797300543,0.01103731019176953,2.9103489494735855
200,capacity_loss,safety_only,116,1.0,62922.0,62802.0,120.0,568,0,55,0.04817601017874698,3.325387565241339,0.4534460531677596,0.010977686933627119,2.9103960621667206
200,capacity_loss,safety_only,117,1.0,63453.0,63333.0,120.0,573,0,64,0.04781428662445143,3.3303366742518437,0.45705543745535937,0.010792987078508585,2.9104423659120697
200,capacity_loss,safety_only,118,1.0,64030.0,63910.0,120.0,596,0,45,0.047702184050378044,3.3385333354831164,0.4607202844665961,0.010655637011894734,2.910487881367323
200,capacity_loss,safety_only,119,1.0,64601.0,64481.0,120.0,594,0,44,0.04740355785350253,3.343659001584149,0.45962835914315703,0.010597652368674501,2.9105326284927378
200,capacity_loss,flex_only,0,1.0,545.0,545.0,0.0,545,0,93,,,,,
200,capacity_loss,flex_only,1,1.0,1043.0,1043.0,0.0,502,0,111,,,,,
200,capacity_loss,flex_only,2,1.0,1538.0,1538.0,0.0,523,0,88,1.8866671115566909,0.73430753902358,,,2.569314641744549
200,capacity_loss,flex_only,3,1.0,2053.0,2053.0,0.0,537,0,65,3.0892424756762207,1.1593890087996015,,,2.664543524416136
200,capacity_loss,flex_only,4,1.0,2558.0,2558.0,0.0,528,0,73,0.33139695400416813,2.111928963663979,0.661914303329223,0.086622424030737,2.7367624810892592
200,capacity_loss,flex_only,5,1.0,3072.0,3072.0,0.0,554,0,67,0.37437809425764096,2.219604395604396,0.6439148292261132,0.09433487201007135,2.7767332549941246
200,capacity_loss,flex_only,6,1.0,3616.0,3616.0,0.0,568,0,49,0.37101831636376653,2.2072462801094286,0.6452217613273772,0.09297150275081904,2.8021133525456294
200,capacity_loss,flex_only,7,1.0,4125.0,4125.0,0.0,538,0,69,0.36247152094362667,2.6086276235529966,0.6390625408699746,0.07711198428290766,2.81965881397238
200,capacity_loss,flex_only,8,1.0,4640.0,4640.0,0.0,556,0,66,0.34571050683240045,2.945662516651809,0.5752639959005142,0.07202621448795851,2.8325123152709373
200,capacity_loss,flex_only,9,1.0,5180.0,5180.0,0.0,560,0,52,0.3248564783762861,2.7819160561784115,0.55558145316676,0.07394769962243042,2.8423339540657975
200,capacity_loss,flex_only,10,1.0,5690.0,5690.0,0.0,549,0,72,0.30068706820440566,3.0451595547933694,0.5896155079968837,0.058759521218716006,2.850083287062741
200,capacity_loss,flex_only,11,1.0,6225.0,6225.0,0.0,567,0,57,0.30245009978847515,3.0439651216154195,0.7014388489208634,0.049592074592074584,2.8563535911602207
200,capacity_loss,flex_only,12,1.0,6770.0,6770.0,0.0,565,0,57,0.2961066139010842,2.9415040102920775,0.715846232510575,0.049142857142857155,2.8615314076111873
200,capacity_loss,flex_only,13,1.0,7285.0,7285.0,0.0,558,0,73,0.2757532979078251,3.0690395401980473,0.6719295867967716,0.046659121723832686,2.865879375790805
200,capacity_loss,flex_only,14,1.0,7835.0,7835.0,0.0,575,0,51,0.2741813307198227,3.032559920361437,0.7291864568960138,0.04320870259784715,2.869582194455291
200,capacity_loss,flex_only,15,1.0,8366.0,8366.0,0.0,555,0,62,0.26567036842638814,2.892138064894409,0.7638887986960277,0.04185935799782372,2.872773536895674
200,capacity_loss,flex_only,16,1.0,8871.0,8871.0,0.0,550,0,76,0.2515009685694936,2.883089485231086,0.7421657391572914,0.040875147386348745,2.875552533151988
200,capacity_loss,flex_only,17,1.0,9406.0,9406.0,0.0,558,0,47,0.24062615853707356,2.7398562124755803,0.783533049864708,0.03894644521186208,2.877994251038008
200,capacity_loss,flex_only,18,0.9982993197278912,9928.0,9923.0,5.0,544,1,64,0.22922920069319982,2.6801093460606924,0.8224886264024174,0.03610533899364704,2.8801565793435713
200,capacity_loss,flex_only,19,1.0,10451.0,10446.0,5.0,563,0,67,0.22359089413848765,2.7925634034672564,0.7897559482494751,0.03517640058736509,2.8820848761036753
200,capacity_loss,flex_only,20,1.0,10999.0,10994.0,5.0,567,0,49,0.22571243214770897,2.8186362307871007,0.793235346778,0.03500636106209218,2.8838151850851137
200,capacity_loss,flex_only,21,1.0,11531.0,11526.0,5.0,571,0,68,0.21437596012588636,3.107330778339067,0.73088897149609,0.032714078769907055,2.8853765098946282
200,capacity_loss,flex_only,22,1.0,12088.0,12083.0,5.0,586,0,51,0.2052647504550398,3.1263321665965775,0.7484233160295455,0.030388998413232688,2.886792452830188
200,capacity_loss,flex_only,23,1.0,12664.0,12659.0,5.0,591,0,33,0.19908387948096892,3.225261403130139,0.714349355783191,0.029919266068832343,2.88808241629595
200,capacity_loss,flex_only,24,1.0,13197.0,13192.0,5.0,556,0,58,0.18862231724256134,3.269867322460765,0.6753269127235748,0.029563911053161192,2.8892624971979375
200,capacity_loss,flex_only,25,1.0,13731.0,13726.0,5.0,561,0,56,0.18675045000107102,3.244246740891209,0.6835363570782843,0.029136427548018,2.8903461621156743
200,capacity_loss,flex_only,26,1.0,14263.0,14258.0,5.0,562,0,58,0.18259763681927532,3.2742888074195253,0.6817884253187941,0.028289721049180726,2.8913447634786213
200,capacity_loss,flex_only,27,1.0,14794.0,14789.0,5.0,559,0,55,0.17715659991957078,3.170619934939094,0.6982850810813015,0.027665712777160328,2.892267938779568
200,capacity_loss,flex_only,28,1.0,15322.0,15317.0,5.0,560,0,63,0.17619823796498443,3.200371355702087,0.6865948354860179,0.027716195598115168,2.893123922620187
200,capacity_loss,flex_only,29,1.0,15863.0,15858.0,5.0,571,0,57,0.17356360198250903,3.144866520621164,0.6911133657882733,0.02759438091774752,2.8939197930142297
200,capacity_loss,flex_only,30,1.0,16395.0,16390.0,5.0,561,0,62,0.16786925692640212,3.0623029817400758,0.7037575757575759,0.02690928248667706,2.8946616675593653
200,capacity_loss,flex_only,31,1.0,16921.0,16916.0,5.0,560,0,64,0.16321178104041445,2.9868991859520557,0.7146093700424133,0.026409515489550433,2.895354860991193
200,capacity_loss,flex_only,32,1.0,17455.0,17450.0,5.0,562,0,56,0.1594494295590105,2.9241374617657723,0.7115965736080488,0.026460142434779375,2.896004012706906
200,capacity_loss,flex_only,33,1.0,17974.0,17969.0,5.0,548,0,63,0.15528420661464884,2.8475368777628285,0.7159715587477015,0.026294907987938855,2.896613190730838
200,capacity_loss,flex_only,34,0.9933269780743565,18527.0,18487.0,40.0,553,7,67,0.14805310820511985,2.837516218772565,0.7037426461755665,0.02559109874826147,2.897185977047635
200,capacity_loss,flex_only,35,0.997229916897507,19069.0,19014.0,55.0,557,3,55,0.1377928756763968,3.1052639499876653,0.6054922253184276,0.025290791599353796,2.8977255380857874
200,capacity_loss,flex_only,36,1.0,19589.0,19534.0,55.0,546,0,59,0.13182380828995702,3.2424921219484415,0.5535962952696201,0.025338925805488795,2.8982346832814123
200,capacity_loss,flex_only,37,1.0,20107.0,20052.0,55.0,554,0,65,0.1277508425885606,3.4297761761172807,0.5196788547107758,0.024726195173887473,2.8987159140095238
200,capacity_loss,flex_only,38,1.0,20636.0,20581.0,55.0,554,0,54,0.12315524721848621,3.4185055686879986,0.5241583083318404,0.023707199430916166,2.8991714646819267
200,capacity_loss,flex_only,39,1.0,21154.0,21099.0,55.0,546,0,61,0.12067484886749172,3.431783746556474,0.5154594219317757,0.023526849656997834,2.8996033374367403
200,capacity_loss,flex_only,40,0.9991783073130649,21689.0,21629.0,60.0,563,1,61,0.11808960416990064,3.6121228737277673,0.47953831568696564,0.023508550045309048,2.900013331555793
200,capacity_loss,flex_only,41,1.0,22227.0,22167.0,60.0,564,0,51,0.11632748636506077,3.646843056104457,0.477310479880899,0.023041245136186765,2.9004030685216495
200,capacity_loss,flex_only,42,1.0,22747.0,22687.0,60.0,548,0,60,0.11355390206353254,3.613163682002447,0.4753987938430626,0.022789901840122466,2.9007740134500697
200,capacity_loss,flex_only,43,1.0,23255.0,23195.0,60.0,542,0,64,0.10939939697980954,3.589687874239616,0.4628090248623782,0.02269810528280754,2.901127493495229
200,capacity_loss,flex_only,44,0.9985218033998522,23785.0,23715.0,70.0,546,2,57,0.10991836101109334,3.6589656882978194,0.45612025434823267,0.022699445896616717,2.901464713715046
200,capacity_loss,flex_only,45,0.9963846710050615,24321.0,24226.0,95.0,546,5,65,0.10739227986390446,3.7405860953610377,0.4442409982641415,0.022271490064192205,2.9017867707963565
200,capacity_loss,flex_only,46,0.997179125528914,24855.0,24740.0,115.0,546,4,61,0.10593656675470162,3.785470752261263,0.443407695966822,0.021747593039832834,2.9020946649693324
200,capacity_loss,flex_only,47,1.0,25384.0,25269.0,115.0,555,0,58,0.10500713499209068,3.8397165982825494,0.4355413553242043,0.021633887856834413,2.902389310383876
200,capacity_loss,flex_only,48,0.9993215739484396,25893.0,25773.0,120.0,541,1,70,0.1025352300004767,3.780962466605601,0.43416209044731485,0.021518943669260833,2.902671544174703
200,capacity_loss,flex_only,49,1.0,26424.0,26304.0,120.0,556,0,53,0.10170316573363129,3.792154288059089,0.4385584050068239,0.021066027901507703,2.902942134404518
200,capacity_loss,flex_only,50,1.0,26944.0,26824.0,120.0,548,0,63,0.1008478795799947,3.8099140888246734,0.4405548328997399,0.02069542722361714,2.9032017870439315
200,capacity_loss,flex_only,51,1.0,27465.0,27345.0,120.0,561,0,66,0.09996830072649336,3.833654540302177,0.4367593302424019,0.0205632909223748,2.9034511521217814
200,capacity_loss,flex_only,52,1.0,28017.0,27897.0,120.0,572,0,47,0.09880570710356985,3.789319645468086,0.44193305771832386,0.02031954257481486,2.9036908291585704
200,capacity_loss,flex_only,53,1.0,28541.0,28421.0,120.0,558,0,75,0.09819935497002703,3.7828423079659337,0.45208353049527844,0.01977365072200783,2.903921371978738
200,capacity_loss,flex_only,54,1.0,29080.0,28960.0,120.0,579,0,63,0.09607111370893247,3.793198008519248,0.44808906576794044,0.01946278225913771,2.904143292982975
200,capacity_loss,flex_only,55,1.0,29655.0,29535.0,120.0,591,0,44,0.0961356884499734,3.8139977413890453,0.44982518847171127,0.019293473831955794,2.904357066950054
200,capacity_loss,flex_only,56,1.0,30192.0,30072.0,120.0,575,0,67,0.09372946651863562,3.8246931951237912,0.43949891942516384,0.019197333495620587,2.904563134427473
200,capacity_loss,flex_only,57,1.0,30754.0,30634.0,120.0,591,0,53,0.09187488456716757,3.8731693595547556,0.44404490234506355,0.018390472600978525,2.904761904761907
200,capacity_loss,flex_only,58,1.0,31318.0,31198.0,120.0,587,0,51,0.09001221461919344,3.863748871350722,0.4483171789553082,0.017888253935138262,2.9049537588132943
200,capacity_loss,flex_only,59,1.0,31879.0,31759.0,120.0,583,0,47,0.08801855698207665,3.8594713918716006,0.44270266055162333,0.01773239357000011,2.9051390513905138
200,capacity_loss,flex_only,60,1.0,32426.0,32306.0,120.0,571,0,54,0.0868111767388134,3.856188593424322,0.4440985998394971,0.017447944930914096,2.905318113441289
200,capacity_loss,flex_only,61,1.0,32974.0,32854.0,120.0,574,0,53,0.08540809590957935,3.852524896924451,0.437891657357709,0.017424781548584293,2.9054912540248887
200,capacity_loss,flex_only,62,1.0,33508.0,33388.0,120.0,563,0,57,0.08405845989085921,3.8434579795834285,0.4326301114627588,0.017397944379113905,2.905658762092288
200,capacity_loss,flex_only,63,1.0,34030.0,33910.0,120.0,554,0,59,0.08185530485722013,3.7635526871958898,0.43137940427302895,0.017350842973522813,2.9058209080953583
200,capacity_loss,flex_only,64,1.0,34559.0,34439.0,120.0,556,0,60,0.08107856939988822,3.755809699828061,0.42890353823450816,0.017320106374761376,2.905977945443995
200,capacity_loss,flex_only,65,1.0,35089.0,34969.0,120.0,562,0,59,0.08007685974072778,3.7329262551531808,0.426124104506785,0.01732233635771884,2.9061301118276055
200,capacity_loss,flex_only,66,1.0,35621.0,35501.0,120.0,560,0,63,0.0792407964297895,3.7008830821517122,0.42510102557900054,0.017330624591317716,2.90627763041556
200,capacity_loss,flex_only,67,1.0,36152.0,36032.0,120.0,566,0,66,0.07905268198388926,3.713696290274537,0.4230411691906537,0.017312871731567724,2.9064207109492526
200,capacity_loss,flex_only,68,1.0,36703.0,36583.0,120.0,582,0,56,0.07843433368285532,3.7166145013069283,0.4193477927729453,0.017314306754196106,2.906559550737071
200,capacity_loss,flex_only,69,1.0,37255.0,37135.0,120.0,578,0,54,0.07693106137533125,3.671965295936304,0.41621181080413444,0.01731766730123035,2.9066943355622166
200,capacity_loss,flex_only,70,1.0,37802.0,37682.0,120.0,578,0,65,0.07658817287231856,3.6793451300836524,0.41380484563858144,0.017305202550748258,2.9068252405120827
200,capacity_loss,flex_only,71,1.0,38382.0,38262.0,120.0,609,0,43,0.07562580510378718,3.7350641299335945,0.40272074740678676,0.0172953764371287,2.90695243073706
200,capacity_loss,flex_only,72,1.0,38973.0,38853.0,120.0,602,0,35,0.07466948117644896,3.7442863026769397,0.4025148144287014,0.017042598803992157,2.9070760621456433
200,capacity_loss,flex_only,73,1.0,39530.0,39410.0,120.0,584,0,45,0.07288712793361987,3.72906724151123,0.3958210117818135,0.016985464338021068,2.907196282041972
200,capacity_loss,flex_only,74,1.0,40105.0,39985.0,120.0,584,0,33,0.07212733733501334,3.7304817096587928,0.39841757959527924,0.016691857469703895,2.9073132297113387
200,capacity_loss,flex_only,75,1.0,40626.0,40506.0,120.0,550,0,67,0.07128709129126204,3.702600189141643,0.39957631409986927,0.016572785697334447,2.9074270369585182
200,capacity_loss,flex_only,76,1.0,41159.0,41039.0,120.0,566,0,51,0.06995565386661304,3.6830455081845317,0.395187157447119,0.016530558947465003,2.907537828603305
200,capacity_loss,flex_only,77,1.0,41709.0,41589.0,120.0,567,0,45,0.06934849136700715,3.658433657172924,0.398007913142651,0.016379801618313355,2.9076457229371697
200,capacity_loss,flex_only,78,1.0,42219.0,42099.0,120.0,555,0,81,0.06917390787101899,3.661715410400713,0.4026522060902243,0.016135055061769807,2.9077508321445547
200,capacity_loss,flex_only,79,1.0,42790.0,42670.0,120.0,598,0,43,0.06843547437275352,3.6644666999515776,0.398050393208989,0.016134665199076408,2.907853262691974
200,capacity_loss,flex_only,80,1.0,43352.0,43232.0,120.0,581,0,48,0.06768022272836367,3.683392668271045,0.393187241231989,0.016070409485143655,2.9079531156877025
200,capacity_loss,flex_only,81,1.0,43890.0,43770.0,120.0,572,0,66,0.06714222666912707,3.6723965180983833,0.39984753935091905,0.015723520928360612,2.9080504872147013
200,capacity_loss,flex_only,82,1.0,44445.0,44325.0,120.0,578,0,44,0.0655080577965347,3.6311833153252366,0.3953025672770987,0.015692812574082997,2.908145468638979
200,capacity_loss,flex_only,83,1.0,44991.0,44871.0,120.0,569,0,56,0.06506457162046544,3.6185221038791613,0.39636879592263297,0.01559853891724925,2.908238146895538
200,capacity_loss,flex_only,84,1.0,45525.0,45405.0,120.0,567,0,57,0.06419347197425362,3.6022035167455435,0.3943371536713985,0.015538584274517644,2.9083286047538004
200,capacity_loss,flex_only,85,1.0,46081.0,45961.0,120.0,578,0,42,0.06367982034127187,3.5899726448486122,0.3954353946034755,0.015423341968721785,2.908416921064109
200,capacity_loss,flex_only,86,1.0,46614.0,46494.0,120.0,556,0,58,0.0630410762393105,3.60130465921124,0.39187717745385897,0.015358338773065909,2.9085031709870055
200,capacity_loss,flex_only,87,1.0,47133.0,47013.0,120.0,554,0,69,0.0626396123455808,3.5900029706006364,0.3948157506428794,0.015194193788566141,2.9085874262065636
200,capacity_loss,flex_only,88,1.0,47671.0,47551.0,120.0,569,0,53,0.06191943114381178,3.562855986569938,0.3951522858610411,0.01512062615612796,2.9086697551290532
200,capacity_loss,flex_only,89,1.0,48203.0,48083.0,120.0,558,0,57,0.06110245674621077,3.5356864778020864,0.39312997412341083,0.015112709604007133,2.9087502230682296
200,capacity_loss,flex_only,90,1.0,48723.0,48603.0,120.0,555,0,67,0.06059744257821538,3.50841432356473,0.3980996709021545,0.01491534923488774,2.908828892418091
200,capacity_loss,flex_only,91,1.0,49268.0,49148.0,120.0,570,0,52,0.060082939731915495,3.4797079970350304,0.4038502229082889,0.014698004786286726,2.9089058228142624
200,capacity_loss,flex_only,92,1.0,49789.0,49669.0,120.0,553,0,71,0.0597487809587891,3.460310472380958,0.4055046712678996,0.014637847725960858,2.908981071284737
200,capacity_loss,flex_only,93,1.0,50328.0,50208.0,120.0,577,0,62,0.05921195037167473,3.4847833795089955,0.4025736980898361,0.014508960429039411,2.909054692390872
200,capacity_loss,flex_only,94,1.0,50896.0,50776.0,120.0,589,0,53,0.05898840682490614,3.474409440024521,0.41001787707705767,0.014233779564603748,2.909126738359327
200,capacity_loss,flex_only,95,1.0,51448.0,51328.0,120.0,587,0,54,0.0580008790455656,3.45510710959644,0.4104284598110549,0.014059258716788163,2.9091972592056132
200,capacity_loss,flex_only,96,1.0,52013.0,51893.0,120.0,582,0,51,0.05755232729865377,3.444145105860608,0.41500741701445903,0.013840191988860866,2.9092663028498973
200,capacity_loss,flex_only,97,1.0,52564.0,52444.0,120.0,587,0,53,0.0568160104898945,3.4527223730616345,0.41092113653278134,0.01376439178851266,2.909333915225574
200,capacity_loss,flex_only,98,1.0,53128.0,53008.0,120.0,575,0,46,0.05633286898497205,3.431442449331695,0.4163638172749265,0.013552166027413553,2.9094001403811887
200,capacity_loss,flex_only,99,1.0,53663.0,53543.0,120.0,572,0,59,0.05594225044357617,3.4418807989458107,0.4157492609531092,0.01343691226729113,2.909465020576132
200,capacity_loss,flex_only,100,1.0,54227.0,54107.0,120.0,584,0,49,0.05564087018558752,3.440623115898179,0.41677616627535496,0.01333617559441173,2.9095285963705604
200,capacity_loss,flex_only,101,1.0,54780.0,54660.0,120.0,582,0,46,0.05474816378684265,3.4324809537807894,0.41130482408026836,0.013328021594769167,2.9095909067099694
200,capacity_loss,flex_only,102,1.0,55325.0,55205.0,120.0,564,0,57,0.054483286601799234,3.4200592157910674,0.41199297456125233,0.01328919927186496,2.90965198900472
200,capacity_loss,flex_only,103,1.0,55868.0,55748.0,120.0,579,0,55,0.0541874164847035,3.4406010277364887,0.408973510998943,0.013234848179069933,2.909711879204972
200,capacity_loss,flex_only,104,1.0,56431.0,56311.0,120.0,582,0,46,0.053985321409759875,3.447204913283741,0.40853769752326424,0.01317400127306062,2.9097706118712154
200,capacity_loss,flex_only,105,1.0,56975.0,56855.0,120.0,575,0,56,0.05341520475627704,3.433379224703017,0.4082796498295885,0.013095377958166692,2.9098282202407955
200,capacity_loss,flex_only,106,1.0,57527.0,57407.0,120.0,575,0,44,0.05269117397685288,3.410555043435258,0.4060881122360455,0.01307424891908422,2.9098847362906044
200,capacity_loss,flex_only,107,1.0,58054.0,57934.0,120.0,547,0,68,0.052631799361177886,3.406032688415623,0.4084704711952241,0.013000338991890266,2.909940190796301
200,capacity_loss,flex_only,108,1.0,58567.0,58447.0,120.0,571,0,76,0.05216447449113845,3.4140535025248173,0.41632273342133963,0.0126119489006831,2.9099946133881787
200,capacity_loss,flex_only,109,1.0,59141.0,59021.0,120.0,578,0,31,0.05116881811187816,3.3582638827806752,0.4236968151950532,0.012357630633205425,2.9100480326039513
200,capacity_loss,flex_only,110,1.0,59635.0,59515.0,120.0,532,0,86,0.050722033011487436,3.3374402240711927,0.42473127382388015,0.012295917266316432,2.9101004759386595
200,capacity_loss,flex_only,111,1.0,60162.0,60042.0,120.0,577,0,63,0.050226606294874396,3.3466677905231816,0.430304228301449,0.01198477675154774,2.9101519698918565
200,capacity_loss,flex_only,112,1.0,60745.0,60625.0,120.0,587,0,30,0.04995106170956551,3.3424685144661295,0.43688846814138316,0.011753943579720566,2.9102025400122744
200,capacity_loss,flex_only,113,1.0,61253.0,61133.0,120.0,547,0,84,0.04961848342298628,3.336025978670213,0.4379343289110753,0.011670096415854434,2.9102522109400577
200,capacity_loss,flex_only,114,1.0,61797.0,61677.0,120.0,583,0,57,0.048952663705852655,3.3342713802570505,0.45038966656722035,0.011200800358054923,2.910301006446827
200,capacity_loss,flex_only,115,1.0,62370.0,62250.0,120.0,594,0,43,0.04856210293926793,3.337902675383426,0.45291374797300543,0.01103731019176953,2.9103489494735855
200,capacity_loss,flex_only,116,1.0,62922.0,62802.0,120.0,568,0,55,0.04817601017874698,3.325387565241339,0.4534460531677596,0.010977686933627119,2.9103960621667206
200,capacity_loss,flex_only,117,1.0,63453.0,63333.0,120.0,573,0,64,0.04781428662445143,3.3303366742518437,0.45705543745535937,0.010792987078508585,2.9104423659120697
200,capacity_loss,flex_only,118,1.0,64030.0,63910.0,120.0,596,0,45,0.047702184050378044,3.3385333354831164,0.4607202844665961,0.010655637011894734,2.910487881367323
200,capacity_loss,flex_only,119,1.0,64601.0,64481.0,120.0,594,0,44,0.04740355785350253,3.343659001584149,0.45962835914315703,0.010597652368674501,2.9105326284927378
200,capacity_loss,dynalloc_only,0,1.0,545.0,545.0,0.0,545,0,93,,,,,
200,capacity_loss,dynalloc_only,1,1.0,1043.0,1043.0,0.0,502,0,111,,,,,
200,capacity_loss,dynalloc_only,2,1.0,1538.0,1538.0,0.0,523,0,88,1.8866671115566909,0.73430753902358,,,2.569314641744549
200,capacity_loss,dynalloc_only,3,1.0,2050.0,2050.0,0.0,534,0,68,3.0892424756762207,1.1593890087996015,,,2.664543524416136
200,capacity_loss,dynalloc_only,4,1.0,2542.0,2542.0,0.0,518,0,86,0.33383510913380365,1.8782568057016003,0.8138966480446927,0.07979407979407978,2.7367624810892592
200,capacity_loss,dynalloc_only,5,1.0,3050.0,3050.0,0.0,559,0,76,0.4642102185199337,2.246945054945055,1.0074137816906068,0.07385504960904132,2.7767332549941246
200,capacity_loss,dynalloc_only,6,1.0,3607.0,3607.0,0.0,580,0,50,0.4989185335765232,2.2862480816707818,1.117439933719967,0.0696941612604263,2.8021133525456294
200,capacity_loss,dynalloc_only,7,1.0,4126.0,4126.0,0.0,554,0,72,0.4144420206356038,2.4815480337868396,1.098057092555332,0.05394107710367337,2.81965881397238
200,capacity_loss,dynalloc_only,8,1.0,4654.0,4654.0,0.0,563,0,72,0.49900508396605325,2.8601248009294964,1.3800195886385893,0.04463370396656415,2.8325123152709373
200,capacity_loss,dynalloc_only,9,1.0,5213.0,5213.0,0.0,593,0,46,0.5039208513498264,2.8152021694256697,1.3523246951219512,0.04656897280541073,2.8423339540657975
200,capacity_loss,dynalloc_only,10,1.0,5758.0,5758.0,0.0,555,0,64,0.48608887627495423,2.9803826624970577,1.2724244947392327,0.044973230220107074,2.850083287062741
200,capacity_loss,dynalloc_only,11,1.0,6265.0,6265.0,0.0,566,0,83,0.4582562205328897,2.9062872877466726,1.5307310586403737,0.03606276022078376,2.8563535911602207
200,capacity_loss,dynalloc_only,12,1.0,6849.0,6849.0,0.0,606,0,43,0.44276271592885436,2.8763945564556654,1.5542619128852495,0.03460986161543177,2.8615314076111873
200,capacity_loss,dynalloc_only,13,1.0,7419.0,7419.0,0.0,586,0,45,0.42517068573901595,2.7560245135378434,1.5532932583543404,0.03465523698556032,2.865879375790805
200,capacity_loss,dynalloc_only,14,1.0,7961.0,7961.0,0.0,579,0,59,0.4024679709881294,2.669285550195268,1.5504446063297146,0.03388920378270336,2.869582194455291
200,capacity_loss,dynalloc_only,15,1.0,8525.0,8525.0,0.0,572,0,41,0.3842922974104573,2.5091201951752096,1.6317197024653796,0.03267331988533815,2.872773536895674
200,capacity_loss,dynalloc_only,16,1.0,9032.0,9032.0,0.0,546,0,70,0.36035860194827346,2.3304807706278052,1.6440751855306377,0.032707427620016646,2.875552533151988
200,capacity_loss,dynalloc_only,17,1.0,9548.0,9548.0,0.0,544,0,56,0.33613700260686696,2.1616634107428196,1.6349334600760452,0.03304747231024158,2.877994251038008
200,capacity_loss,dynalloc_only,18,1.0,10056.0,10056.0,0.0,534,0,67,0.31619119138645,2.198060621171107,1.4967837052045503,0.0333683671841038,2.8801565793435713
200,capacity_loss,dynalloc_only,19,1.0,10562.0,10562.0,0.0,559,0,78,0.3061228406983926,2.284594886568239,1.465325676026666,0.03172821270310191,2.8820848761036753
200,capacity_loss,dynalloc_only,20,1.0,11129.0,11129.0,0.0,582,0,37,0.29556689598161057,2.517187628804173,1.3006497729672966,0.03130490630089227,2.8838151850851137
200,capacity_loss,dynalloc_only,21,1.0,11657.0,11657.0,0.0,559,0,75,0.2872601175265386,2.8388461888780676,1.120864570148963,0.0312880025016504,2.8853765098946282
200,capacity_loss,dynalloc_only,22,1.0,12209.0,12209.0,0.0,596,0,51,0.2751645817770519,2.8756409989910314,1.0936713286713284,0.030307874292656436,2.886792452830188
200,capacity_loss,dynalloc_only,23,1.0,12795.0,12795.0,0.0,586,0,33,0.2617962480939954,2.954065981498984,1.0835336908945195,0.02831986800182066,2.88808241629595
200,capacity_loss,dynalloc_only,24,1.0,13306.0,13306.0,0.0,549,0,75,0.2613450926643766,2.964132600688364,1.1029407999882967,0.027667984189723323,2.8892624971979375
200,capacity_loss,dynalloc_only,25,1.0,13852.0,13852.0,0.0,575,0,54,0.2563957803392914,2.9189632562803736,1.0999069903541683,0.02762971619682847,2.8903461621156743
200,capacity_loss,dynalloc_only,26,1.0,14394.0,14394.0,0.0,566,0,60,0.2509589450409044,2.8690648557481913,1.1274037742620449,0.026833847668396825,2.8913447634786213
200,capacity_loss,dynalloc_only,27,1.0,14929.0,14929.0,0.0,577,0,57,0.2383092118726235,2.8346963172037904,1.1152462272131027,0.026063036052400887,2.892267938779568
200,capacity_loss,dynalloc_only,28,1.0,15485.0,15485.0,0.0,573,0,55,0.2392243718416896,2.8693487740609314,1.1373881440753975,0.025336484126168707,2.893123922620187
200,capacity_loss,dynalloc_only,29,1.0,16030.0,16030.0,0.0,583,0,58,0.23328677516386195,2.8578881099127633,1.1212789567448944,0.025156182468272368,2.8939197930142297
200,capacity_loss,dynalloc_only,30,1.0,16591.0,16591.0,0.0,578,0,46,0.22372104215787075,2.7446068352526227,1.1274000996617861,0.02497760620302298,2.8946616675593653
200,capacity_loss,dynalloc_only,31,1.0,17118.0,17118.0,0.0,556,0,64,0.2170254941353365,2.7025665842824798,1.1202895518851874,0.02475724223580126,2.895354860991193
200,capacity_loss,dynalloc_only,32,1.0,17640.0,17640.0,0.0,560,0,64,0.21290682596238186,2.6549976670641287,1.2146429266394239,0.022796997781177657,2.896004012706906
200,capacity_loss,dynalloc_only,33,1.0,18189.0,18189.0,0.0,566,0,39,0.20198481134722723,2.5935517970401687,1.2039452032252753,0.02233194565462936,2.896613190730838
200,capacity_loss,dynalloc_only,34,0.9952335557673975,18711.0,18686.0,25.0,529,5,80,0.17896000646040194,2.752277230337497,1.0052726318435172,0.022325622438868348,2.897185977047635
200,capacity_loss,dynalloc_only,35,1.0,19221.0,19196.0,25.0,559,0,60,0.16927121055930192,2.7581404509564122,1.029284584879975,0.020576618494640615,2.8977255380857874
200,capacity_loss,dynalloc_only,36,1.0,19753.0,19728.0,25.0,547,0,57,0.15270127152731885,3.036384990405676,0.8621042525038458,0.02012762260395658,2.8982346832814123
200,capacity_loss,dynalloc_only,37,1.0,20247.0,20222.0,25.0,530,0,88,0.14887325230929557,3.1805174623048713,0.8073447914121542,0.02000111418431921,2.8987159140095238
200,capacity_loss,dynalloc_only,38,1.0,20759.0,20734.0,25.0,567,0,70,0.1448001092534836,3.0968926354699926,0.8913077091042144,0.01809427456048816,2.8991714646819267
200,capacity_loss,dynalloc_only,39,1.0,21311.0,21286.0,25.0,572,0,56,0.14201135195769848,3.089133522727273,0.8965122514294745,0.017684450175283077,2.8996033374367403
200,capacity_loss,dynalloc_only,40,1.0,21853.0,21828.0,25.0,571,0,69,0.14608539798497897,3.2178236381187078,0.8934690710180868,0.017521248644058948,2.900013331555793
200,capacity_loss,dynalloc_only,41,1.0,22403.0,22378.0,25.0,592,0,56,0.13958973660081553,3.17342120973046,0.8996864176106064,0.016856843224753733,2.9004030685216495
200,capacity_loss,dynalloc_only,42,1.0,22960.0,22935.0,25.0,573,0,56,0.1367416684299445,3.10320228370107,0.9184121829483143,0.01654014285262998,2.9007740134500697
200,capacity_loss,dynalloc_only,43,1.0,23493.0,23468.0,25.0,572,0,60,0.1323530422371375,3.042623852919753,0.909180240690859,0.016491830377010616,2.901127493495229
200,capacity_loss,dynalloc_only,44,1.0,24042.0,24017.0,25.0,561,0,52,0.13080580680306222,3.0092745815540884,0.9212225538024396,0.016262351798813576,2.901464713715046
200,capacity_loss,dynalloc_only,45,1.0,24550.0,24525.0,25.0,553,0,75,0.12851458173006744,2.974496804876166,0.9294492684884529,0.016019454157020878,2.9017867707963565
200,capacity_loss,dynalloc_only,46,1.0,25088.0,25063.0,25.0,565,0,55,0.12551300514772423,2.9155449819639583,0.9432749825942399,0.015726029667064587,2.9020946649693324
200,capacity_loss,dynalloc_only,47,1.0,25621.0,25596.0,25.0,562,0,71,0.12453852769047828,2.8962698893148873,0.9557649748165002,0.01550093591754852,2.902389310383876
200,capacity_loss,dynalloc_only,48,1.0,26151.0,26126.0,25.0,582,0,63,0.1194244629904233,2.8625375355180505,0.9466300156781735,0.015183221948554055,2.902671544174703
200,capacity_loss,dynalloc_only,49,1.0,26722.0,26697.0,25.0,571,0,48,0.11833567466736163,2.852795787170018,0.9750412202639536,0.01465492673768552,2.902942134404518
200,capacity_loss,dynalloc_only,50,1.0,27248.0,27223.0,25.0,579,0,67,0.1161156185773542,2.8789735075263154,0.9700038344230563,0.014321954777076077,2.9032017870439315
200,capacity_loss,dynalloc_only,51,1.0,27825.0,27800.0,25.0,588,0,45,0.11532520518925886,2.861651478257301,0.9861169036099183,0.014075523916814898,2.9034511521217814
200,capacity_loss,dynalloc_only,52,1.0,28377.0,28352.0,25.0,585,0,53,0.11337373924217138,2.849096990298366,0.9739132945681872,0.014071311246968412,2.9036908291585704
200,capacity_loss,dynalloc_only,53,1.0,28949.0,28924.0,25.0,592,0,46,0.11235331250486756,2.850501435515164,0.9723189333280997,0.013959537238889458,2.903921371978738
200,capacity_loss,dynalloc_only,54,1.0,29514.0,29489.0,25.0,585,0,42,0.10982797479982355,2.819058994294675,0.9727127263832696,0.013791330684593154,2.904143292982975
200,capacity_loss,dynalloc_only,55,1.0,30064.0,30039.0,25.0,575,0,54,0.10918932252457363,2.819378881987577,0.974846405436638,0.01367856460715589,2.904357066950054
200,capacity_loss,dynalloc_only,56,1.0,30614.0,30589.0,25.0,576,0,48,0.1070274230894843,2.785512499377257,0.9811747415470531,0.013482262447782865,2.904563134427473
200,capacity_loss,dynalloc_only,57,1.0,31158.0,31133.0,25.0,567,0,53,0.10594696441417423,2.7655204575953403,0.983017152095385,0.01341652383289605,2.904761904761907
200,capacity_loss,dynalloc_only,58,1.0,31685.0,31660.0,25.0,561,0,64,0.10418328083529159,2.7249898603656715,0.9846205646718627,0.01336672500150866,2.9049537588132943
200,capacity_loss,dynalloc_only,59,1.0,32222.0,32197.0,25.0,565,0,58,0.10271043110640206,2.6895932637513256,0.9862039311143987,0.013328899398955565,2.9051390513905138
200,capacity_loss,dynalloc_only,60,1.0,32751.0,32726.0,25.0,562,0,65,0.10187014165779819,2.684822342377599,0.9899791981935399,0.013192028957294223,2.905318113441289
200,capacity_loss,dynalloc_only,61,1.0,33296.0,33271.0,25.0,576,0,58,0.10058264497187912,2.6619718047511145,1.0075907132902207,0.012906719513319193,2.9054912540248887
200,capacity_loss,dynalloc_only,62,1.0,33836.0,33811.0,25.0,569,0,58,0.09975987311703481,2.643234260915937,1.0279989738327349,0.012635223903110721,2.905658762092288
200,capacity_loss,dynalloc_only,63,1.0,34363.0,34338.0,25.0,560,0,61,0.09732393397964881,2.5785022175548695,1.0338065320715697,0.012564465842053535,2.9058209080953583
200,capacity_loss,dynalloc_only,64,1.0,34894.0,34869.0,25.0,555,0,66,0.09613850500972906,2.5722927552072927,1.0250468559916397,0.012547030045937565,2.905977945443995
200,capacity_loss,dynalloc_only,65,1.0,35423.0,35398.0,25.0,571,0,65,0.09470682497282783,2.5553339719300765,1.030468185278295,0.012376104455066525,2.9061301118276055
200,capacity_loss,dynalloc_only,66,1.0,35979.0,35954.0,25.0,578,0,54,0.09370865359770814,2.5284054775767175,1.0485187478355773,0.012162411023836407,2.90627763041556
200,capacity_loss,dynalloc_only,67,1.0,36527.0,36502.0,25.0,581,0,58,0.09298494552068283,2.519225040957156,1.0498509026102845,0.012096495574076334,2.9064207109492526
200,capacity_loss,dynalloc_only,68,1.0,37096.0,37071.0,25.0,593,0,45,0.09204938328674268,2.511638833458655,1.0514888802471516,0.011991673193414525,2.906559550737071
200,capacity_loss,dynalloc_only,69,1.0,37655.0,37630.0,25.0,577,0,47,0.0903790786444606,2.468356404678649,1.0540147018925914,0.011951268659766014,2.9066943355622166
200,capacity_loss,dynalloc_only,70,1.0,38199.0,38174.0,25.0,577,0,60,0.09030483715193476,2.4814124788885277,1.048298009427573,0.011942860736920385,2.9068252405120827
200,capacity_loss,dynalloc_only,71,1.0,38776.0,38751.0,25.0,596,0,40,0.08950432961894485,2.4797566779767286,1.054716389282174,0.011772300949322592,2.90695243073706
200,capacity_loss,dynalloc_only,72,1.0,39337.0,39312.0,25.0,586,0,49,0.08848258644225393,2.4689667567794666,1.056847818425319,0.01166470382779906,2.9070760621456433
200,capacity_loss,dynalloc_only,73,1.0,39895.0,39870.0,25.0,580,0,42,0.0866334961945418,2.437583124586248,1.0623985549693784,0.011507065382527559,2.907196282041972
200,capacity_loss,dynalloc_only,74,1.0,40446.0,40421.0,25.0,569,0,50,0.0855060954105096,2.441204716145177,1.0566265182333399,0.01140196081701821,2.9073132297113387
200,capacity_loss,dynalloc_only,75,1.0,40970.0,40945.0,25.0,562,0,66,0.08462851333621631,2.418688795899897,1.073724959424164,0.011208173509188403,2.9074270369585182
200,capacity_loss,dynalloc_only,76,1.0,41521.0,41496.0,25.0,572,0,44,0.08331385704820961,2.383547655003844,1.0747775328615712,0.011185346654604661,2.907537828603305
200,capacity_loss,dynalloc_only,77,1.0,42040.0,42015.0,25.0,548,0,75,0.08262264983148308,2.3768460102353335,1.0685618806302288,0.011188114611793944,2.9076457229371697
200,capacity_loss,dynalloc_only,78,1.0,42577.0,42552.0,25.0,593,0,65,0.08130146342972486,2.3895713721343395,1.075245418370623,0.01088212141045323,2.9077508321445547
200,capacity_loss,dynalloc_only,79,1.0,43178.0,43153.0,25.0,602,0,35,0.0808189342726575,2.3764031585567005,1.0989906172476116,0.010642080176596517,2.907853262691974
200,capacity_loss,dynalloc_only,80,1.0,43723.0,43698.0,25.0,589,0,61,0.0794700214380712,2.371432616557122,1.0901963881143253,0.010570618576013786,2.9079531156877025
200,capacity_loss,dynalloc_only,81,1.0,44310.0,44285.0,25.0,598,0,38,0.07872513256503617,2.3528329550459772,1.1016375689446705,0.01044435502174225,2.9080504872147013
200,capacity_loss,dynalloc_only,82,1.0,44863.0,44838.0,25.0,571,0,44,0.07700747396650165,2.305459019857344,1.102813411381794,0.010414952778966076,2.908145468638979
200,capacity_loss,dynalloc_only,83,1.0,45388.0,45363.0,25.0,558,0,70,0.07635445876108285,2.304097151617723,1.0949831601568534,0.010406296817595855,2.908238146895538
200,capacity_loss,dynalloc_only,84,1.0,45940.0,45915.0,25.0,576,0,42,0.07518488095242179,2.2848862901127394,1.097394298452113,0.010310025758512208,2.9083286047538004
200,capacity_loss,dynalloc_only,85,1.0,46470.0,46445.0,25.0,558,0,62,0.07487639467542616,2.2822351072111267,1.0937861416466277,0.010313248061358655,2.908416921064109
200,capacity_loss,dynalloc_only,86,1.0,46992.0,46967.0,25.0,558,0,69,0.07505459088131332,2.293679159479992,1.092266140623832,0.010300221895138807,2.9085031709870055
200,capacity_loss,dynalloc_only,87,1.0,47538.0,47513.0,25.0,574,0,55,0.0746493626363277,2.294375023956457,1.0915467922535649,0.010247955186305252,2.9085874262065636
200,capacity_loss,dynalloc_only,88,1.0,48069.0,48044.0,25.0,566,0,66,0.07405224489452945,2.2764118614725106,1.1082612683774624,0.0100913859899531,2.9086697551290532
200,capacity_loss,dynalloc_only,89,1.0,48618.0,48593.0,25.0,577,0,50,0.07314875516278115,2.2501812840775495,1.1081429531953693,0.010085262649002098,2.9087502230682296
200,capacity_loss,dynalloc_only,90,1.0,49155.0,49130.0,25.0,558,0,62,0.07220136902961369,2.2496962201673094,1.0955730677044118,0.010070755008335548,2.908828892418091
200,capacity_loss,dynalloc_only,91,1.0,49684.0,49659.0,25.0,570,0,66,0.07158875811966496,2.2408620705545097,1.1078935775095222,0.009912929035345672,2.9089058228142624
200,capacity_loss,dynalloc_only,92,1.0,50244.0,50219.0,25.0,582,0,46,0.07099348713649477,2.2320718279074327,1.1182818673108024,0.009777282519532256,2.908981071284737
200,capacity_loss,dynalloc_only,93,1.0,50788.0,50763.0,25.0,568,0,61,0.07072216150003978,2.2248693333530607,1.1321897820141522,0.009651168505090848,2.909054692390872
200,capacity_loss,dynalloc_only,94,1.0,51337.0,51312.0,25.0,594,0,62,0.07032042182553194,2.232234369439921,1.131885427771029,0.009567017444529837,2.909126738359327
200,capacity_loss,dynalloc_only,95,1.0,51932.0,51907.0,25.0,599,0,25,0.06948260971524942,2.215746066492145,1.1440307053934313,0.009422047388171867,2.9091972592056132
200,capacity_loss,dynalloc_only,96,1.0,52465.0,52440.0,25.0,567,0,66,0.0692931248176956,2.2114580226744325,1.1435964140413344,0.009417924073658383,2.9092663028498973
200,capacity_loss,dynalloc_only,97,1.0,53029.0,53004.0,25.0,585,0,40,0.0685259536045715,2.2007307741052182,1.1411927594916886,0.009378547754596228,2.909333915225574
200,capacity_loss,dynalloc_only,98,1.0,53566.0,53541.0,25.0,553,0,58,0.0681361628509333,2.1928146286769925,1.1438956553524318,0.009336538372906423,2.9094001403811887
200,capacity_loss,dynalloc_only,99,1.0,54077.0,54052.0,25.0,563,0,73,0.06769995393163575,2.1933609967868875,1.1547632793210436,0.009186966894603719,2.909465020576132
200,capacity_loss,dynalloc_only,100,1.0,54654.0,54629.0,25.0,590,0,41,0.0675452240126984,2.187790408761391,1.1664412280924306,0.009097109888463623,2.9095285963705604
200,capacity_loss,dynalloc_only,101,1.0,55194.0,55169.0,25.0,577,0,57,0.06645563690208901,2.172121562738486,1.1578696879987003,0.009081468529779702,2.9095909067099694
200,capacity_loss,dynalloc_only,102,1.0,55749.0,55724.0,25.0,571,0,53,0.06604386716163838,2.163705580595496,1.166479232351531,0.008993241809861503,2.90965198900472
200,capacity_loss,dynalloc_only,103,1.0,56295.0,56270.0,25.0,580,0,55,0.0657820353689787,2.1645399133167413,1.1647637755081206,0.008967138257172026,2.909711879204972
200,capacity_loss,dynalloc_only,104,1.0,56858.0,56833.0,25.0,586,0,47,0.06561788579412381,2.166039776532308,1.1629006647750897,0.00895270828437465,2.9097706118712154
200,capacity_loss,dynalloc_only,105,1.0,57414.0,57389.0,25.0,579,0,49,0.06501565848884377,2.1487303105902202,1.1667263347103494,0.00891250329173072,2.9098282202407955
200,capacity_loss,dynalloc_only,106,1.0,57954.0,57929.0,25.0,568,0,53,0.06416196791741167,2.1311478258293803,1.1605658031066368,0.008914942458180742,2.9098847362906044
200,capacity_loss,dynalloc_only,107,1.0,58491.0,58466.0,25.0,559,0,60,0.0638589801759922,2.1239775137200505,1.1669174303560843,0.008854170366634223,2.909940190796301
200,capacity_loss,dynalloc_only,108,1.0,59017.0,58992.0,25.0,570,0,67,0.06337753216019511,2.1135278791780334,1.172148351374143,0.008791289409491906,2.9099946133881787
200,capacity_loss,dynalloc_only,109,1.0,59569.0,59544.0,25.0,568,0,43,0.06219356833683635,2.074500271938326,1.1759259447018622,0.00876096305927553,2.9100480326039513
200,capacity_loss,dynalloc_only,110,1.0,60072.0,60047.0,25.0,537,0,79,0.06159439233811504,2.067073877831144,1.1693554908822252,0.00875650163415992,2.9101004759386595
200,capacity_loss,dynalloc_only,111,1.0,60592.0,60567.0,25.0,569,0,68,0.06117792116398518,2.0598507779445168,1.1802240799971602,0.008647265942274008,2.9101519698918565
200,capacity_loss,dynalloc_only,112,1.0,61164.0,61139.0,25.0,580,0,38,0.06076493727415778,2.0615965593793324,1.1841462353435368,0.008553046224400375,2.9102025400122744
200,capacity_loss,dynalloc_only,113,1.0,61678.0,61653.0,25.0,558,0,79,0.06094325892406646,2.070070421610856,1.1900814291609487,0.008500280325391149,2.9102522109400577
200,capacity_loss,dynalloc_only,114,1.0,62237.0,62212.0,25.0,587,0,48,0.06016144934877317,2.058222259876397,1.183997002793238,0.00848276638994925,2.910301006446827
200,capacity_loss,dynalloc_only,115,1.0,62796.0,62771.0,25.0,574,0,52,0.0594732305202375,2.065300959482861,1.176980642781815,0.008406666107841285,2.9103489494735855
200,capacity_loss,dynalloc_only,116,1.0,63333.0,63308.0,25.0,580,0,59,0.05884220370878242,2.0607415970098053,1.1947056756492842,0.008212064855286628,2.9103960621667206
200,capacity_loss,dynalloc_only,117,1.0,63902.0,63877.0,25.0,581,0,42,0.05855803616390686,2.051001551898201,1.20525078799322,0.00813924435303125,2.9104423659120697
200,capacity_loss,dynalloc_only,118,1.0,64443.0,64418.0,25.0,573,0,67,0.05866947994150302,2.059041371568984,1.2029988004709247,0.008137971716189714,2.910487881367323
200,capacity_loss,dynalloc_only,119,1.0,65014.0,64989.0,25.0,605,0,43,0.057980684784893835,2.0665026134966022,1.1888694593696507,0.008108504059086776,2.9105326284927378
200,capacity_loss,all_combined,0,1.0,665.0,665.0,0.0,665,0,93,,,,,
200,capacity_loss,all_combined,1,1.0,1283.0,1283.0,0.0,622,0,113,,,,,
200,capacity_loss,all_combined,2,1.0,1898.0,1898.0,0.0,643,0,91,1.7888738178082233,0.73430753902358,,,2.436137071651091
200,capacity_loss,all_combined,3,1.0,2525.0,2525.0,0.0,649,0,74,2.9433957691552517,1.1593890087996015,,,2.5387473460721868
200,capacity_loss,all_combined,4,1.0,3129.0,3129.0,0.0,640,0,95,0.4062249032880047,1.76130389064143,1.521928277483833,0.057478368355995055,2.6365355521936458
200,capacity_loss,all_combined,5,1.0,3772.0,3772.0,0.0,692,0,72,0.5997301845190837,2.0504615384615383,2.0412959381044486,0.05325247548206755,2.690658049353702
200,capacity_loss,all_combined,6,1.0,4463.0,4463.0,0.0,712,0,45,0.7000305844493343,2.1063588443317545,2.027246188777165,0.06015999999999999,2.725024015369837
200,capacity_loss,all_combined,7,1.0,5110.0,5110.0,0.0,680,0,71,0.5818443209247384,2.0416834745192953,1.6046114902047106,0.06461126924791659,2.7487814784727864
200,capacity_loss,all_combined,8,1.0,5768.0,5768.0,0.0,697,0,67,0.5581713604507254,1.9572311421388433,2.158287795992714,0.047767744113427296,2.7661857846586915
200,capacity_loss,all_combined,9,1.0,6453.0,6453.0,0.0,708,0,49,0.5129025607181027,1.8676488444570365,2.1800822122570995,0.04532131164401173,2.779484792054626
200,capacity_loss,all_combined,10,1.0,7123.0,7123.0,0.0,694,0,57,0.46382300120353265,1.8854971586132685,2.0628334839781903,0.04274265360641141,2.7899777901166023
200,capacity_loss,all_combined,11,1.0,7785.0,7785.0,0.0,697,0,60,0.4456671648047782,1.7768701239100504,2.3886255924170614,0.03752204585537918,2.798468106479157
200,capacity_loss,all_combined,12,1.0,8479.0,8479.0,0.0,708,0,41,0.43838994836056533,1.7088065611996701,2.441565973900435,0.037453480085517465,2.8054791380100865
200,capacity_loss,all_combined,13,1.0,9133.0,9133.0,0.0,686,0,61,0.4140538262070785,1.6624714354961567,2.3243622747484207,0.038113718741990994,2.811366512020244
200,capacity_loss,all_combined,14,1.0,9792.0,9792.0,0.0,686,0,58,0.3985305530137379,1.5911784975878702,2.505264599968687,0.03549750408174423,2.816380320187427
200,capacity_loss,all_combined,15,1.0,10443.0,10443.0,0.0,681,0,60,0.3807415688707577,1.5104512415798679,2.67540834845735,0.03340229963029542,2.8207015630679755
200,capacity_loss,all_combined,16,1.0,11082.0,11082.0,0.0,675,0,66,0.35563867261299853,1.4046115623229254,2.857913061114115,0.03136661206289881,2.8244644678680726
200,capacity_loss,all_combined,17,1.0,11710.0,11710.0,0.0,657,0,69,0.3390064658461087,1.3553468361558199,2.9613445378151257,0.029869256316475388,2.8277706802938356
200,capacity_loss,all_combined,18,1.0,12334.0,12334.0,0.0,665,0,77,0.3214426865520086,1.3289642399202166,2.869250929996619,0.02978023327194598,2.8306985847636255
200,capacity_loss,all_combined,19,1.0,12991.0,12991.0,0.0,693,0,68,0.29023991363269236,1.426237975204486,2.442191731963129,0.029409751221983374,2.8333095984050125
200,capacity_loss,all_combined,20,1.0,13661.0,13661.0,0.0,704,0,58,0.2887564386962632,1.4283305480406776,2.661188712558897,0.026790095830339863,2.835652526344232
200,capacity_loss,all_combined,21,1.0,14352.0,14352.0,0.0,716,0,55,0.2884255106641911,1.4526193362152922,2.709634809634809,0.02582226937745535,2.837766640966332
200,capacity_loss,all_combined,22,1.0,15048.0,15048.0,0.0,726,0,44,0.2719043195514304,1.4490007051588525,2.7217342813327754,0.024279055473031826,2.839683901004655
200,capacity_loss,all_combined,23,1.0,15753.0,15753.0,0.0,711,0,37,0.2660266256808936,1.4307313333978313,2.791056917249369,0.02344559585492228,2.8414305783188953
200,capacity_loss,all_combined,24,1.0,16412.0,16412.0,0.0,693,0,56,0.254255899266581,1.3902267649625897,2.75243815001272,0.023371501557353177,2.8430284689531486
200,capacity_loss,all_combined,25,1.0,17090.0,17090.0,0.0,689,0,47,0.24820358760668723,1.360062739451287,2.7941005596452397,0.02296158067479253,2.844495807353257
200,capacity_loss,all_combined,26,1.0,17731.0,17731.0,0.0,688,0,68,0.24182141586252773,1.344715468717412,2.825087456271864,0.022367671049786732,2.845847965296426
200,capacity_loss,all_combined,27,1.0,18412.0,18412.0,0.0,694,0,41,0.23284271438021473,1.3079590579252303,2.827912894995353,0.02211057619452831,2.8470979924468303
200,capacity_loss,all_combined,28,1.0,19050.0,19050.0,0.0,675,0,74,0.23286201620370978,1.313499498796689,2.8577702617431036,0.021780219391990957,2.8482570388814397
200,capacity_loss,all_combined,29,1.0,19719.0,19719.0,0.0,705,0,55,0.22897202039735357,1.3203595243604498,2.792882393131925,0.0217918499672399,2.849334688597301
200,capacity_loss,all_combined,30,1.0,20398.0,20398.0,0.0,694,0,47,0.2199090026742077,1.2671453995917503,2.818521511384671,0.021602233423681526,2.8503392251383706
200,capacity_loss,all_combined,31,1.0,21033.0,21033.0,0.0,678,0,73,0.2127961123209001,1.2529183013878566,2.7839229166102797,0.02139657157079302,2.851277844931791
200,capacity_loss,all_combined,32,1.0,21695.0,21695.0,0.0,685,0,55,0.21133116650993397,1.2443361501373835,2.8712260696725593,0.02073886770591761,2.852156829961546
200,capacity_loss,all_combined,33,1.0,22334.0,22334.0,0.0,670,0,65,0.20168180259805102,1.2532192965596771,2.71673251754958,0.020763175544495038,2.8529816885431862
200,capacity_loss,all_combined,34,1.0,22958.0,22958.0,0.0,665,0,78,0.1904568674740347,1.2403867069654375,2.6886940417538017,0.02001156795182986,2.8537572708693606
200,capacity_loss,all_combined,35,1.0,23615.0,23615.0,0.0,687,0,52,0.17775086320275646,1.254223913030676,2.4751399394256537,0.020058972482177723,2.854487864448175
200,capacity_loss,all_combined,36,1.0,24242.0,24242.0,0.0,654,0,82,0.16760173488643146,1.3905229358197873,2.1009379304027513,0.020093428838368108,2.8551772734015737
200,capacity_loss,all_combined,37,1.0,24875.0,24875.0,0.0,691,0,81,0.16621324564444015,1.3937842577660902,2.1825097447504085,0.0191329396514475,2.85582888472082
200,capacity_loss,all_combined,38,1.0,25567.0,25567.0,0.0,707,0,44,0.16209239078076063,1.3575934477405467,2.2322535844623843,0.01872506738913852,2.856445723915182
200,capacity_loss,all_combined,39,1.0,26214.0,26214.0,0.0,686,0,75,0.1569893756583441,1.354285037878788,2.1818539009346063,0.018596004321942337,2.8570305019833135
200,capacity_loss,all_combined,40,1.0,26911.0,26911.0,0.0,727,0,47,0.15397813016066686,1.3670784854663947,2.2031654770623144,0.017890365695744714,2.857585655245967
200,capacity_loss,all_combined,41,1.0,27620.0,27620.0,0.0,720,0,31,0.14921721797891116,1.3443952596501691,2.2175036462650706,0.01751250090200499,2.8581133792744775
200,capacity_loss,all_combined,42,1.0,28277.0,28277.0,0.0,682,0,59,0.14709435933792897,1.3258724486660716,2.2273363936571546,0.01742419374087708,2.8586156579114337
200,capacity_loss,all_combined,43,1.0,28926.0,28926.0,0.0,676,0,56,0.1427981531500718,1.2857369621311399,2.2261676271579858,0.017449545542708448,2.8590942881922934
200,capacity_loss,all_combined,44,1.0,29556.0,29556.0,0.0,655,0,71,0.14225066715057055,1.31250118335801,2.172929310217771,0.017442598273244035,2.8595509018278653
200,capacity_loss,all_combined,45,1.0,30170.0,30170.0,0.0,672,0,82,0.13921865017653678,1.316264111914815,2.2174878342742703,0.016677428055348956,2.859986983788902
200,capacity_loss,all_combined,46,1.0,30831.0,30831.0,0.0,683,0,58,0.13709911134707195,1.3080432247051277,2.249635856308022,0.01628819495908449,2.8604038884388383
200,capacity_loss,all_combined,47,1.0,31472.0,31472.0,0.0,688,0,84,0.1355917064781366,1.2951802276481093,2.297452912838681,0.015928261289122555,2.8608028535839662
200,capacity_loss,all_combined,48,1.0,32158.0,32158.0,0.0,720,0,46,0.12889476026006327,1.283323257792735,2.2166666331656275,0.01583626908236873,2.861185012748032
200,capacity_loss,all_combined,49,1.0,32844.0,32844.0,0.0,693,0,54,0.12652042206045416,1.2878730679797563,2.219322615648641,0.015469118978018665,2.861551405927696
200,capacity_loss,all_combined,50,1.0,33505.0,33505.0,0.0,711,0,60,0.12242469322126903,1.302550368219078,2.159737039386425,0.015206130513724237,2.8619029890437173
200,capacity_loss,all_combined,51,1.0,34214.0,34214.0,0.0,709,0,38,0.12121976696332443,1.2934600722427168,2.2307827690834725,0.014677665711508607,2.862240642268795
200,capacity_loss,all_combined,52,1.0,34874.0,34874.0,0.0,704,0,59,0.11864755705839083,1.296627184665887,2.1942173600435098,0.014568292323559745,2.8625651773847234
200,capacity_loss,all_combined,53,1.0,35580.0,35580.0,0.0,711,0,37,0.11754018244205414,1.2944488188501655,2.229388303317691,0.014226989695644978,2.862877344298467
200,capacity_loss,all_combined,54,1.0,36244.0,36244.0,0.0,700,0,53,0.11422862273041054,1.2877290392936436,2.187924065251913,0.014160216132634402,2.863177836827085
200,capacity_loss,all_combined,55,1.0,36926.0,36926.0,0.0,696,0,48,0.11372764369183448,1.2926301524562391,2.203882679858312,0.013941549961723778,2.8634672978456184
200,capacity_loss,all_combined,56,1.0,37584.0,37584.0,0.0,694,0,55,0.11122847041903498,1.2792582507705004,2.2070087320402347,0.013756854441288817,2.8637463238781904
200,capacity_loss,all_combined,57,1.0,38252.0,38252.0,0.0,687,0,54,0.11003548526069298,1.2746301707099643,2.2074613337336113,0.013654635279225655,2.864015469201381
200,capacity_loss,all_combined,58,1.0,38903.0,38903.0,0.0,688,0,61,0.1083426992365099,1.258687564578673,2.2181974154305357,0.013547737233532182,2.8642752495192734
200,capacity_loss,all_combined,59,1.0,39563.0,39563.0,0.0,685,0,59,0.10694451540366147,1.2426578017597212,2.217718651445831,0.013547143357868913,2.8645261452614514
200,capacity_loss,all_combined,60,1.0,40213.0,40213.0,0.0,686,0,65,0.10616752519064875,1.2353638568916845,2.217814445683961,0.013526394402735746,2.864768604548269
200,capacity_loss,all_combined,61,1.0,40885.0,40885.0,0.0,700,0,55,0.10495167037796149,1.222463438099256,2.221890515322719,0.013486701115825256,2.8650030458619784
200,capacity_loss,all_combined,62,1.0,41547.0,41547.0,0.0,690,0,57,0.10580797785680869,1.2325668664753273,2.2359991005550515,0.013399137148260883,2.8652298604571538
200,capacity_loss,all_combined,63,1.0,42189.0,42189.0,0.0,675,0,66,0.10324648965509257,1.2030768641101928,2.235405385836708,0.01339778118769676,2.8654494145396345
200,capacity_loss,all_combined,64,1.0,42838.0,42838.0,0.0,678,0,68,0.10397447703953083,1.2197067640435793,2.2252596121894856,0.013367975907664217,2.8656620512395317
200,capacity_loss,all_combined,65,1.0,43499.0,43499.0,0.0,699,0,58,0.1023910769617548,1.2180102262659418,2.2018065161604357,0.013322196235660989,2.8658680924006177
200,capacity_loss,all_combined,66,1.0,44176.0,44176.0,0.0,697,0,54,0.10165213945439372,1.21085088686281,2.2197694921137283,0.01319567209753852,2.8660678402057727
200,capacity_loss,all_combined,67,1.0,44839.0,44839.0,0.0,700,0,62,0.1013025820160617,1.2114133942312468,2.215036923920649,0.013171382178720778,2.866261578655688
200,capacity_loss,all_combined,68,1.0,45536.0,45536.0,0.0,716,0,40,0.1003675808596569,1.2083850298016048,2.2246638943514365,0.013025050252248612,2.8664495749161527
200,capacity_loss,all_combined,69,1.0,46209.0,46209.0,0.0,695,0,51,0.09857184366984188,1.1862312004840005,2.2283413613806116,0.013008578995265698,2.86663208054723
200,capacity_loss,all_combined,70,1.0,46875.0,46875.0,0.0,698,0,60,0.09885918658126856,1.1989402207137405,2.2106147142946253,0.013010908929683452,2.8668093326263158
200,capacity_loss,all_combined,71,1.0,47574.0,47574.0,0.0,718,0,39,0.09785179089245188,1.202125355737424,2.2017455089171563,0.012895167953608108,2.866981554775594
200,capacity_loss,all_combined,72,1.0,48255.0,48255.0,0.0,707,0,50,0.09646484917963599,1.2012929093260647,2.1909313684175036,0.012783245984678759,2.8671489581032303
200,capacity_loss,all_combined,73,1.0,48936.0,48936.0,0.0,701,0,41,0.09434876004559559,1.1862709287665127,2.2049571490734925,0.012579901549813635,2.867311742066662
200,capacity_loss,all_combined,74,1.0,49597.0,49597.0,0.0,683,0,60,0.09195475608700289,1.2033675215818036,2.144111280795331,0.01242881408550446,2.867470095265381
200,capacity_loss,all_combined,75,1.0,50249.0,50249.0,0.0,695,0,62,0.09060943133917336,1.2028798340434617,2.2255169486386515,0.0118031525026566,2.867624196169881
200,capacity_loss,all_combined,76,1.0,50927.0,50927.0,0.0,693,0,46,0.08941072971978378,1.1870983639892039,2.253748136795428,0.011653398472502513,2.8677742137926234
200,capacity_loss,all_combined,77,1.0,51574.0,51574.0,0.0,684,0,70,0.08903423119435332,1.1828791048347946,2.261714690077619,0.011604107798755663,2.8679203083063793
200,capacity_loss,all_combined,78,1.0,52257.0,52257.0,0.0,716,0,50,0.08821308355727904,1.1925093619668765,2.224519775929687,0.01159434727367745,2.868062631614699
200,capacity_loss,all_combined,79,1.0,52962.0,52962.0,0.0,714,0,39,0.08750162105854004,1.1822424040113142,2.25198208031738,0.011458690878656365,2.8682013278787477
200,capacity_loss,all_combined,80,1.0,53621.0,53621.0,0.0,703,0,63,0.0859092778325511,1.1837118926355932,2.223609317453484,0.011379035900965817,2.86833653400437
200,capacity_loss,all_combined,81,1.0,54328.0,54328.0,0.0,713,0,34,0.08516351087549429,1.1734236138628362,2.2603630132596644,0.01119361780234408,2.8684683800928656
200,capacity_loss,all_combined,82,1.0,54979.0,54979.0,0.0,684,0,57,0.08344320025684497,1.1521208117841617,2.2592726468965423,0.011175185673812133,2.868596989858539
200,capacity_loss,all_combined,83,1.0,55637.0,55637.0,0.0,679,0,63,0.0822714608217373,1.1623202634511958,2.21129711139913,0.01115803615081846,2.868722481015889
200,capacity_loss,all_combined,84,1.0,56289.0,56289.0,0.0,691,0,56,0.08107381226255293,1.1576155755221074,2.209219054845428,0.011050205985007852,2.8688449656389903
200,capacity_loss,all_combined,85,1.0,56951.0,56951.0,0.0,684,0,59,0.08102732049450101,1.1690593230955635,2.18838547210746,0.011039411511538606,2.868964550495296
200,capacity_loss,all_combined,86,1.0,57592.0,57592.0,0.0,683,0,73,0.08219107364997921,1.187349238485006,2.1988337306100725,0.010972634790859942,2.8690813373560724
200,capacity_loss,all_combined,87,1.0,58269.0,58269.0,0.0,703,0,53,0.08132396294036716,1.192321955613477,2.1670730028106044,0.010969613382629318,2.869195423285254
200,capacity_loss,all_combined,88,1.0,58937.0,58937.0,0.0,699,0,56,0.08046209779966666,1.1816487049583309,2.1970857224229077,0.010801372988631175,2.8693069009084886
200,capacity_loss,all_combined,89,1.0,59602.0,59602.0,0.0,690,0,57,0.07936006184343782,1.168027854377086,2.197393237235619,0.010775750322434427,2.86941585866397
200,capacity_loss,all_combined,90,1.0,60263.0,60263.0,0.0,689,0,58,0.07900205224518281,1.1634697628944537,2.216022366207712,0.010678236033615488,2.8695223810364094
200,capacity_loss,all_combined,91,1.0,60929.0,60929.0,0.0,693,0,56,0.07841477311892836,1.15625687097424,2.212586209909988,0.01068114918093495,2.8696265487755217
200,capacity_loss,all_combined,92,1.0,61591.0,61591.0,0.0,694,0,57,0.07797820378723759,1.154689329854979,2.209506605940114,0.010650548354935197,2.8697284391001676
200,capacity_loss,all_combined,93,1.0,62268.0,62268.0,0.0,698,0,51,0.0776289645279385,1.149362162870539,2.227016025798158,0.01056787499308245,2.8698281258892493
200,capacity_loss,all_combined,94,1.0,62941.0,62941.0,0.0,710,0,58,0.07741170818359362,1.1513791983875286,2.238951360577739,0.010463403241067905,2.86992567986037
200,capacity_loss,all_combined,95,1.0,63640.0,63640.0,0.0,713,0,33,0.07684774435934848,1.151450727478488,2.241370865809985,0.010374972244511463,2.8700211687371175
200,capacity_loss,all_combined,96,1.0,64301.0,64301.0,0.0,684,0,60,0.07684452024556163,1.1550092515796568,2.2430366416684144,0.010334556070553088,2.8701146574058765
200,capacity_loss,all_combined,97,1.0,64962.0,64962.0,0.0,697,0,54,0.07601341973790046,1.1520700306809606,2.2281794152891736,0.010316874196406593,2.8702062080628434
200,capacity_loss,all_combined,98,1.0,65631.0,65631.0,0.0,679,0,52,0.07558982112887909,1.1573744839567306,2.225754798869027,0.010223166361117428,2.8702958803520326
200,capacity_loss,all_combined,99,1.0,66258.0,66258.0,0.0,682,0,77,0.07511640721159393,1.1609621135540393,2.250347655793539,0.010016758032926655,2.8703837314948424
200,capacity_loss,all_combined,100,1.0,66952.0,66952.0,0.0,711,0,47,0.07494897774171125,1.1582751141624426,2.275571448901916,0.009906278367380176,2.8704698164118296
200,capacity_loss,all_combined,101,1.0,67628.0,67628.0,0.0,709,0,48,0.07354293439325786,1.1542276741818565,2.2441398133806807,0.009890854457881017,2.8705541878372016
200,capacity_loss,all_combined,102,1.0,68305.0,68305.0,0.0,692,0,54,0.07314268381682418,1.1571947613132514,2.249700742159445,0.009787266607420173,2.870636896426535
200,capacity_loss,all_combined,103,1.0,68976.0,68976.0,0.0,704,0,52,0.07314190419329902,1.1644848488137975,2.243307303964175,0.009753334499408147,2.8707179908581995
200,capacity_loss,all_combined,104,1.0,69662.0,69662.0,0.0,705,0,45,0.07342239503296141,1.1705052701165213,2.245363686402252,0.009731189209893439,2.8707975179288945
200,capacity_loss,all_combined,105,1.0,70332.0,70332.0,0.0,697,0,52,0.07282046748798278,1.161943440324141,2.247567948193599,0.009712729226268563,2.870875522643695
200,capacity_loss,all_combined,106,1.0,70995.0,70995.0,0.0,688,0,51,0.07182336259688173,1.1532240121748294,2.2340483717650703,0.009710320091026875,2.870952048300983
200,capacity_loss,all_combined,107,1.0,71646.0,71646.0,0.0,677,0,64,0.07137662763712663,1.1531402284485897,2.228364520510995,0.00967498653084878,2.871027136572587
200,capacity_loss,all_combined,108,1.0,72294.0,72294.0,0.0,692,0,67,0.07092184994926916,1.1482539285915487,2.2409480649097793,0.009599793241091337,2.8711008275794523
200,capacity_loss,all_combined,109,1.0,72967.0,72967.0,0.0,688,0,44,0.0696190640773643,1.1269127322217354,2.2517063812012985,0.009555793381947722,2.871173159963128
200,capacity_loss,all_combined,110,1.0,73590.0,73590.0,0.0,661,0,80,0.06887214557066317,1.1258325946600733,2.2353671324040754,0.00953127076485288,2.87124417095332
200,capacity_loss,all_combined,111,1.0,74238.0,74238.0,0.0,690,0,65,0.06857711512765839,1.1234442991124045,2.2414031772764145,0.009484774513253578,2.871313896431803
200,capacity_loss,all_combined,112,1.0,74915.0,74915.0,0.0,692,0,51,0.0682436744094874,1.1268724795770764,2.2334771231800805,0.00944311092920763,2.8713823709928725
200,capacity_loss,all_combined,113,1.0,75560.0,75560.0,0.0,697,0,73,0.06772843022911289,1.1257257497846636,2.2607119519170324,0.009268127020203961,2.871449628000563
200,capacity_loss,all_combined,114,1.0,76264.0,76264.0,0.0,713,0,36,0.06718027867423211,1.1172516675329671,2.2849461730495118,0.009164391221967657,2.8715156996428757
200,capacity_loss,all_combined,115,1.0,76928.0,76928.0,0.0,695,0,61,0.0667494291355882,1.122138050461691,2.260251700654009,0.00916480964188192,2.871580616983125
200,capacity_loss,all_combined,116,1.0,77609.0,77609.0,0.0,706,0,45,0.06619080969317433,1.1181470419627413,2.2561608621970035,0.00913688275824817,2.8716444100086593
200,capacity_loss,all_combined,117,1.0,78283.0,78283.0,0.0,688,0,49,0.06592155923590426,1.1158787067169091,2.2679907077893606,0.009070454868237134,2.871707107677015
200,capacity_loss,all_combined,118,1.0,78936.0,78936.0,0.0,696,0,69,0.06591039531550537,1.1161064490870019,2.2878953265724515,0.008987992145297715,2.8717687379597696
200,capacity_loss,all_combined,119,1.0,79646.0,79646.0,0.0,726,0,29,0.06514580470510051,1.1191317787827741,2.26503213483679,0.008948953072764512,2.871829327884149
200,lead_time_surge,baseline,0,1.0,665.0,665.0,0.0,665,0,93,,,,,
200,lead_time_surge,baseline,1,1.0,1283.0,1283.0,0.0,622,0,111,,,,,
200,lead_time_surge,baseline,2,1.0,1898.0,1898.0,0.0,643,0,88,1.8866671115566909,0.73430753902358,,,2.569314641744549
200,lead_time_surge,baseline,3,1.0,2527.0,2527.0,0.0,651,0,71,3.0892424756762207,1.1593890087996015,,,2.664543524416136
200,lead_time_surge,baseline,4,1.0,3134.0,3134.0,0.0,638,0,91,0.3574832017025943,1.6659656501927795,1.1496469596374748,0.06820056833806948,2.7367624810892592
200,lead_time_surge,baseline,5,1.0,3763.0,3763.0,0.0,678,0,80,0.43042452147926336,1.809934065934066,1.250838159097836,0.06846978557504872,2.7767332549941246
200,lead_time_surge,baseline,6,1.0,4440.0,4440.0,0.0,707,0,53,0.4818955552366759,1.776472943217455,1.4145211122554064,0.06843829632326173,2.8021133525456294
200,lead_time_surge,baseline,7,1.0,5106.0,5106.0,0.0,694,0,55,0.4063182141826616,1.8325571161392058,1.2406193914604116,0.06338312474767864,2.81965881397238
200,lead_time_surge,baseline,8,1.0,5751.0,5751.0,0.0,677,0,78,0.4178104108933984,1.8821903264255448,1.480425075288172,0.05293677515899738,2.8325123152709373
200,lead_time_surge,baseline,9,1.0,6423.0,6423.0,0.0,711,0,53,0.3994246377094216,1.8676164649694418,1.3799766641054099,0.054525582066775276,2.8423339540657975
200,lead_time_surge,baseline,10,1.0,7105.0,7105.0,0.0,689,0,52,0.37883036877870396,1.7632872658798209,1.4605643633462957,0.05161114145275805,2.850083287062741
200,lead_time_surge,baseline,11,1.0,7736.0,7736.0,0.0,688,0,81,0.3515758900859109,1.7859339146397428,1.4864044056609502,0.04636654634611455,2.8563535911602207
200,lead_time_surge,baseline,12,1.0,8384.0,8384.0,0.0,659,0,99,0.34963999939511214,1.7307576336261485,1.5947014925373133,0.04426973653423184,2.8615314076111873
200,lead_time_surge,baseline,13,1.0,9023.0,9023.0,0.0,639,0,85,0.32682112787971257,1.736652586385984,1.61950419478963,0.04054685674222949,2.865879375790805
200,lead_time_surge,baseline,14,1.0,9631.0,9631.0,0.0,613,0,86,0.28167613988687884,2.12651811011563,1.1840696457776738,0.03898387968531497,2.869582194455291
200,lead_time_surge,baseline,15,1.0,10221.0,10221.0,0.0,590,0,76,0.23209385411369196,3.45318591853996,0.635774459168595,0.036799270591224675,2.872773536895674
200,lead_time_surge,baseline,16,0.9691714836223507,10799.0,10789.0,10.0,568,2,78,0.19839435563082408,5.666101965798305,0.3467763411632905,0.035113503207483465,2.875552533151988
200,lead_time_surge,baseline,17,0.9129662522202486,11417.0,11347.0,70.0,558,12,77,0.17350297775671633,8.121056154190015,0.21980216381692705,0.033773225034016835,2.877994251038008
200,lead_time_surge,baseline,18,0.8775510204081632,12025.0,11905.0,120.0,558,10,75,0.1635387216710952,10.983152870779312,0.15818581430164474,0.03268209868226037,2.8801565793435713
200,lead_time_surge,baseline,19,0.8528925619834711,12640.0,12470.0,170.0,565,10,68,0.15910654547772451,14.20069756674726,0.12233894943099004,0.03177655813127801,2.8820848761036753
200,lead_time_surge,baseline,20,0.8087774294670846,13306.0,13086.0,220.0,616,10,17,0.1525699883322023,16.754524539302604,0.10181840224740213,0.03101296600117252,2.8838151850851137
200,lead_time_surge,baseline,21,0.7981651376146789,14266.0,13651.0,615.0,583,79,62,0.1501385361430168,18.96795280500536,0.08942182944099884,0.030677903307541297,2.8853765098946282
200,lead_time_surge,baseline,22,0.8262773722627738,15340.0,14180.0,1160.0,582,109,72,0.14422074939911064,22.42925146028644,0.08009931647964551,0.027807925845531087,2.886792452830188
200,lead_time_surge,baseline,23,0.820476858345021,16386.0,14776.0,1610.0,616,90,39,0.14134858552669174,29.538653429683492,0.059388056854053246,0.027899220895689702,2.88808241629595
200,lead_time_surge,baseline,24,0.8096514745308311,17292.0,15327.0,1965.0,592,71,85,0.1370239143666939,33.141476963951455,0.05362262121423117,0.026686368012179017,2.8892624971979375
200,lead_time_surge,baseline,25,0.8415584415584415,18123.0,15888.0,2235.0,607,54,72,0.13523957367590136,34.752040317811314,0.0535082293285231,0.025162457060284332,2.8903461621156743
200,lead_time_surge,baseline,26,0.8456712672521958,18981.0,16486.0,2495.0,616,52,55,0.13248538219088418,35.723723216879826,0.05082805783745925,0.025235263952988782,2.8913447634786213
200,lead_time_surge,baseline,27,0.855595667870036,19600.0,17030.0,2570.0,591,15,90,0.12791704741770227,35.55788553172027,0.05159895920765486,0.02410532736884913,2.892267938779568
200,lead_time_surge,baseline,28,0.882903981264637,20677.0,17607.0,3070.0,613,100,61,0.1260291869770159,35.067516527020565,0.052710294873997116,0.023566964200386096,2.893123922620187
200,lead_time_surge,baseline,29,0.8862343572241184,21673.0,18193.0,3480.0,607,82,63,0.12533122820616507,37.295269347773605,0.049502112073187096,0.023458234770123494,2.8939197930142297
200,lead_time_surge,baseline,30,0.8992332968236583,22501.0,18726.0,3775.0,590,59,95,0.12189885404394711,37.72998609801133,0.051147038912041226,0.02182200604706191,2.8946616675593653
200,lead_time_surge,baseline,31,0.9080338266384778,23281.0,19326.0,3955.0,623,36,47,0.11840186054350807,37.43281771202406,0.05027832129801004,0.021728184440771743,2.895354860991193
200,lead_time_surge,baseline,32,0.9010204081632653,23981.0,19891.0,4090.0,597,27,81,0.11518885574711886,37.21531377987453,0.050245672737719536,0.02127114922877136,2.896004012706906
200,lead_time_surge,baseline,33,0.9114173228346457,24786.0,20446.0,4340.0,606,50,80,0.11044436872495561,35.76712653757447,0.05253446040255915,0.020291994977024018,2.896613190730838
200,lead_time_surge,baseline,34,0.9065776930409915,25774.0,21059.0,4715.0,629,75,48,0.10625520883550514,35.3207234041666,0.05125952666268507,0.020256745576343105,2.897185977047635
200,lead_time_surge,baseline,35,0.9104339796860572,26684.0,21604.0,5080.0,593,73,97,0.10586504906017934,36.04556283833346,0.05241694428449863,0.019336231812455227,2.8977255380857874
200,lead_time_surge,baseline,36,0.9308176100628931,27421.0,22181.0,5240.0,618,32,63,0.10418371632014714,36.20642082208084,0.05342372433795573,0.018584314228147516,2.8982346832814123
200,lead_time_surge,baseline,37,0.933920704845815,28094.0,22779.0,5315.0,616,15,59,0.10317000962165505,36.0761334847297,0.053523938466382995,0.01843231010238785,2.8987159140095238
200,lead_time_surge,baseline,38,0.9410760034158838,28790.0,23315.0,5475.0,592,32,97,0.10031217337336691,35.01489585299678,0.056118892093077855,0.01760831549606506,2.8991714646819267
200,lead_time_surge,baseline,39,0.9466666666666667,29672.0,23922.0,5750.0,631,55,48,0.09857977823875236,34.752614927685954,0.05616600334845957,0.0174175969322011,2.8996033374367403
200,lead_time_surge,baseline,40,0.952341824157765,30450.0,24500.0,5950.0,606,40,78,0.09910592527871655,35.48397354514662,0.0560802271463498,0.01717345258548329,2.900013331555793
200,lead_time_surge,baseline,41,0.9584332533972821,31064.0,25054.0,6010.0,614,12,90,0.0966795267791183,34.58490400639778,0.05961449456277136,0.016167308269855567,2.9004030685216495
200,lead_time_surge,baseline,42,0.9611197511664075,31941.0,25681.0,6260.0,640,50,40,0.09444177553259848,33.73302633220551,0.060110098577668254,0.0160563749645753,2.9007740134500697
200,lead_time_surge,baseline,43,0.9546142208774584,32685.0,26235.0,6450.0,600,38,100,0.09284417394574232,33.38964131199701,0.061464653907378354,0.015593752880495986,2.901127493495229
200,lead_time_surge,baseline,44,0.9667405764966741,33294.0,26819.0,6475.0,633,5,70,0.0913299129640902,32.827434214761496,0.06463752788153386,0.014834539616613117,2.901464713715046
200,lead_time_surge,baseline,45,0.9645697758496024,34164.0,27444.0,6720.0,638,49,52,0.0899912753864784,32.328555163830174,0.06557941582799072,0.014627869299037952,2.9017867707963565
200,lead_time_surge,baseline,46,0.9654442877291961,34868.0,27993.0,6875.0,605,31,106,0.08942943260264663,32.23694646346832,0.0676996787724579,0.014119795100674546,2.9020946649693324
200,lead_time_surge,baseline,47,0.9825662482566249,35560.0,28610.0,6950.0,652,15,54,0.08881812855169939,31.999747389819365,0.07002586306641827,0.013656547892643736,2.902389310383876
200,lead_time_surge,baseline,48,0.9755766621438263,36187.0,29212.0,6975.0,627,5,75,0.08653269102459864,31.132535595917496,0.0717234315598605,0.013350783739320292,2.902671544174703
200,lead_time_surge,baseline,49,0.986,36863.0,29783.0,7080.0,624,21,90,0.08549745919523508,30.83295718779921,0.07316967936115798,0.013054748148858077,2.902942134404518
200,lead_time_surge,baseline,50,0.9908256880733946,37533.0,30413.0,7120.0,653,8,51,0.08508816142821539,30.69979074105164,0.07388500824315264,0.012921120473282838,2.9032017870439315
200,lead_time_surge,baseline,51,0.9954838709677419,38159.0,31004.0,7155.0,626,7,82,0.08457047935745167,30.491976237095614,0.07562539228863242,0.012631387408942868,2.9034511521217814
200,lead_time_surge,baseline,52,1.0,38751.0,31596.0,7155.0,644,0,81,0.0836667540602466,30.287853177058864,0.07735315036680616,0.012298610575742636,2.9036908291585704
200,lead_time_surge,baseline,53,1.0,39407.0,32252.0,7155.0,673,0,49,0.08298772333224791,30.211871427038332,0.0772573435905307,0.012243669509443882,2.903921371978738
200,lead_time_surge,baseline,54,1.0,40003.0,32848.0,7155.0,643,0,95,0.08146802721153464,29.84298850954955,0.07870982061581282,0.011942573544755915,2.904143292982975
200,lead_time_surge,baseline,55,1.0,40651.0,33496.0,7155.0,688,0,67,0.08080219698815269,30.079212874082437,0.07915525504826375,0.011684952227219013,2.904357066950054
200,lead_time_surge,baseline,56,1.0,41311.0,34156.0,7155.0,684,0,64,0.07921397704913681,29.975366315997523,0.07821563929403942,0.011632227806493376,2.904563134427473
200,lead_time_surge,baseline,57,1.0,41936.0,34781.0,7155.0,679,0,96,0.07812831536097808,30.289528033425018,0.07801282798377632,0.01138254541926672,2.904761904761907
200,lead_time_surge,baseline,58,1.0,42636.0,35481.0,7155.0,727,0,46,0.0764381431841,30.671839008930288,0.07636293157899664,0.011234364136257875,2.9049537588132943
200,lead_time_surge,baseline,59,1.0,43332.0,36177.0,7155.0,717,0,47,0.07487326445939702,30.90705857673076,0.07534172635261961,0.011067935050796219,2.9051390513905138
200,lead_time_surge,baseline,60,1.0,44011.0,36856.0,7155.0,712,0,56,0.07361942173755298,31.255098370420672,0.07402657653679712,0.010951917779064057,2.905318113441289
200,lead_time_surge,baseline,61,1.0,44728.0,37573.0,7155.0,724,0,27,0.07239946256124835,31.605843012236825,0.07311173046800869,0.010783539363239794,2.9054912540248887
200,lead_time_surge,baseline,62,1.0,45390.0,38235.0,7155.0,685,0,53,0.07079593741394319,31.584331254449467,0.07155738441747123,0.010780467216667327,2.905658762092288
200,lead_time_surge,baseline,63,1.0,46027.0,38872.0,7155.0,666,0,62,0.0688443148087408,31.312139177649648,0.07014896735833474,0.010786119227500786,2.9058209080953583
200,lead_time_surge,baseline,64,1.0,46661.0,39506.0,7155.0,663,0,70,0.06814064981801986,31.472086188569225,0.06927126903203112,0.010755615816566137,2.905977945443995
200,lead_time_surge,baseline,65,1.0,47298.0,40143.0,7155.0,684,0,69,0.06710678752364171,31.684312260730543,0.06835624057873207,0.01066176093750766,2.9061301118276055
200,lead_time_surge,baseline,66,1.0,47976.0,40821.0,7155.0,700,0,49,0.06622282081645689,31.79178204306767,0.06730920538260134,0.01064832360318521,2.90627763041556
200,lead_time_surge,baseline,67,1.0,48630.0,41475.0,7155.0,689,0,69,0.06543453985093904,31.910651342898273,0.06627883898188432,0.01064481240049058,2.9064207109492526
200,lead_time_surge,baseline,68,1.0,49318.0,42163.0,7155.0,717,0,45,0.06469882307779234,32.23787176699334,0.06537078341654681,0.010562509244934824,2.906559550737071
200,lead_time_surge,baseline,69,1.0,50002.0,42847.0,7155.0,695,0,46,0.06341505102963452,32.03152895490645,0.06520477444087543,0.010445660723757345,2.9066943355622166
200,lead_time_surge,baseline,70,1.0,50657.0,43502.0,7155.0,698,0,66,0.06291320119938058,32.325332204395856,0.06463830405957374,0.010358334018567505,2.9068252405120827
200,lead_time_surge,baseline,71,1.0,51369.0,44214.0,7155.0,722,0,32,0.06240436985443752,32.601812811701805,0.06419039875619618,0.010258060449899964,2.90695243073706
200,lead_time_surge,baseline,72,1.0,52045.0,44890.0,7155.0,705,0,52,0.061703512355094164,32.74319364274333,0.06319910540453225,0.010257027591805487,2.9070760621456433
200,lead_time_surge,baseline,73,1.0,52725.0,45570.0,7155.0,701,0,42,0.06045168948491917,32.581338176931034,0.06250454445786321,0.010210654388434286,2.907196282041972
200,lead_time_surge,baseline,74,1.0,53393.0,46238.0,7155.0,684,0,54,0.05991481694148232,32.62986387269542,0.06234767771660634,0.010129939892380504,2.9073132297113387
200,lead_time_surge,baseline,75,1.0,54034.0,46879.0,7155.0,691,0,68,0.0591692712334259,32.724249788995216,0.06366252183051124,0.009768634452441681,2.9074270369585182
200,lead_time_surge,baseline,76,1.0,54717.0,47562.0,7155.0,693,0,43,0.058204342176876825,32.524404755379635,0.06373463501859794,0.00965706492438151,2.907537828603305
200,lead_time_surge,baseline,77,1.0,55358.0,48203.0,7155.0,682,0,73,0.05762016997291851,32.52834858416746,0.06334516395961322,0.009617397481730183,2.9076457229371697
200,lead_time_surge,baseline,78,1.0,56043.0,48888.0,7155.0,716,0,49,0.05708079462988219,32.67629654074437,0.06245643620818507,0.009618842053241546,2.9077508321445547
200,lead_time_surge,baseline,79,1.0,56746.0,49591.0,7155.0,713,0,40,0.05650182943595395,32.667209523109776,0.06238282515898252,0.009534829809939189,2.907853262691974
200,lead_time_surge,baseline,80,1.0,57405.0,50250.0,7155.0,704,0,63,0.05576710590032983,32.668625065443464,0.06196544710569679,0.009473495702005726,2.9079531156877025
200,lead_time_surge,baseline,81,1.0,58112.0,50957.0,7155.0,714,0,35,0.055215020883902066,32.65933468953081,0.06216126148265626,0.009352509239826529,2.9080504872147013
200,lead_time_surge,baseline,82,1.0,58768.0,51613.0,7155.0,687,0,54,0.053884662551824065,32.21246791370244,0.061561055590279766,0.009343702103686062,2.908145468638979
200,lead_time_surge,baseline,83,1.0,59428.0,52273.0,7155.0,679,0,61,0.05349187053773341,32.17449286076508,0.061309625924589085,0.0093243258397849,2.908238146895538
200,lead_time_surge,baseline,84,1.0,60078.0,52923.0,7155.0,688,0,56,0.052612724013079454,32.00470070000273,0.060954703125500234,0.009273129451922435,2.9083286047538004
200,lead_time_surge,baseline,85,1.0,60741.0,53586.0,7155.0,685,0,55,0.05215964628100983,31.9040788406751,0.06068200541367542,0.009263430343111886,2.908416921064109
200,lead_time_surge,baseline,86,1.0,61380.0,54225.0,7155.0,677,0,72,0.05167764122727926,31.829870954733842,0.06037070140563312,0.009246386463828119,2.9085031709870055
200,lead_time_surge,baseline,87,1.0,62042.0,54887.0,7155.0,694,0,61,0.05128359817443009,31.839015964582778,0.059980780337904535,0.009232612708712559,2.9085874262065636
200,lead_time_surge,baseline,88,1.0,62710.0,55555.0,7155.0,698,0,55,0.05067566880242241,31.72728805683794,0.06005414937898849,0.009143850198069162,2.9086697551290532
200,lead_time_surge,baseline,89,1.0,63371.0,56216.0,7155.0,689,0,59,0.0499900933202714,31.513805075359887,0.05967199580552519,0.009139156406412012,2.9087502230682296
200,lead_time_surge,baseline,90,1.0,64034.0,56879.0,7155.0,690,0,57,0.04949586685160419,31.418660494091814,0.059418896531808554,0.009114618840733049,2.908828892418091
200,lead_time_surge,baseline,91,1.0,64701.0,57546.0,7155.0,694,0,55,0.04902396014695634,31.341495483863607,0.05904903590029705,0.00910638910013391,2.9089058228142624
200,lead_time_surge,baseline,92,1.0,65362.0,58207.0,7155.0,693,0,58,0.048532333233956615,31.256669807962503,0.05898083049348132,0.00904975219340801,2.908981071284737
200,lead_time_surge,baseline,93,1.0,66040.0,58885.0,7155.0,698,0,50,0.04821777272304102,31.24937701165338,0.05927306423887723,0.008948629265414468,2.909054692390872
200,lead_time_surge,baseline,94,1.0,66712.0,59557.0,7155.0,709,0,58,0.04788678453973025,31.281783485151912,0.059297741838097474,0.008874080695623912,2.909126738359327
200,lead_time_surge,baseline,95,1.0,67410.0,60255.0,7155.0,712,0,33,0.04717291770325258,31.06716086097762,0.05923797655684146,0.008810849586994544,2.9091972592056132
200,lead_time_surge,baseline,96,1.0,68070.0,60915.0,7155.0,683,0,60,0.04684036966785557,30.98674358332175,0.059108020437832975,0.008790518333809743,2.9092663028498973
200,lead_time_surge,baseline,97,1.0,68729.0,61574.0,7155.0,696,0,55,0.04635830859949371,30.912431111257238,0.058722951554446366,0.008777947414052308,2.909333915225574
200,lead_time_surge,baseline,98,1.0,69400.0,62245.0,7155.0,679,0,50,0.045927079700091925,30.731489523019473,0.059085298380528596,0.00869365361378854,2.9094001403811887
200,lead_time_surge,baseline,99,1.0,70023.0,62868.0,7155.0,680,0,79,0.045580761370400104,30.711150823736116,0.05989962581970319,0.008516246721520073,2.909465020576132
200,lead_time_surge,baseline,100,1.0,70718.0,63563.0,7155.0,711,0,46,0.04535385536322446,30.71533150742598,0.06014213555462823,0.008438349879139632,2.9095285963705604
200,lead_time_surge,baseline,101,1.0,71393.0,64238.0,7155.0,708,0,48,0.0447223457922461,30.528008187593503,0.05971112568915923,0.008432161507151327,2.9095909067099694
200,lead_time_surge,baseline,102,1.0,72068.0,64913.0,7155.0,691,0,55,0.044391051480745104,30.4083171108444,0.05996058724143766,0.00836750770575557,2.90965198900472
200,lead_time_surge,baseline,103,1.0,72740.0,65585.0,7155.0,704,0,51,0.04410430422197352,30.41497677442297,0.05969412567262703,0.008348566355042563,2.909711879204972
200,lead_time_surge,baseline,104,1.0,73425.0,66270.0,7155.0,704,0,45,0.043831724448848225,30.38694453185559,0.05949193717146189,0.00833267916152738,2.9097706118712154
200,lead_time_surge,baseline,105,1.0,74094.0,66939.0,7155.0,696,0,52,0.04340491828701147,30.25092399922488,0.05927027897551234,0.008319476045675893,2.9098282202407955
200,lead_time_surge,baseline,106,1.0,74756.0,67601.0,7155.0,687,0,51,0.04286758887311771,30.03018372041051,0.05897587506186685,0.008318037765121135,2.9098847362906044
200,lead_time_surge,baseline,107,1.0,75406.0,68251.0,7155.0,676,0,64,0.04263532114690766,29.961469632604892,0.05897136673987426,0.00829241771047852,2.909940190796301
200,lead_time_surge,baseline,108,1.0,76053.0,68898.0,7155.0,691,0,67,0.04228442130049073,29.872546536086123,0.05905059619388804,0.00823742878636021,2.9099946133881787
200,lead_time_surge,baseline,109,1.0,76725.0,69570.0,7155.0,687,0,44,0.04147581073302716,29.42475488739121,0.05903189511106186,0.008205312901746201,2.9100480326039513
200,lead_time_surge,baseline,110,1.0,77347.0,70192.0,7155.0,660,0,80,0.04109683774706475,29.225688266523314,0.05901783098571112,0.008187521055564338,2.9101004759386595
200,lead_time_surge,baseline,111,1.0,77994.0,70839.0,7155.0,689,0,65,0.04079075200032293,29.152909107602746,0.0589686768502504,0.008153475329258303,2.9101519698918565
200,lead_time_surge,baseline,112,1.0,78670.0,71515.0,7155.0,691,0,51,0.04052640108822326,29.05403902346995,0.05900578750414516,0.008122948437434692,2.9102025400122744
200,lead_time_surge,baseline,113,1.0,79314.0,72159.0,7155.0,696,0,73,0.040224401666043644,28.987057626246557,0.059651754641184614,0.007993401140619895,2.9102522109400577
200,lead_time_surge,baseline,114,1.0,80017.0,72862.0,7155.0,712,0,36,0.039811888230551956,28.806782273889848,0.059986521891879904,0.007916376389608381,2.910301006446827
200,lead_time_surge,baseline,115,1.0,80680.0,73525.0,7155.0,694,0,61,0.03957011225531141,28.740666335745672,0.05975413608626466,0.00791694109935259,2.9103489494735855
200,lead_time_surge,baseline,116,1.0,81360.0,74205.0,7155.0,705,0,45,0.03923750993513416,28.64097800924161,0.059612273363198215,0.007896339573235883,2.9103960621667206
200,lead_time_surge,baseline,117,1.0,82033.0,74878.0,7155.0,687,0,49,0.03896675473402551,28.521593995795154,0.059822209331074364,0.007846915804986074,2.9104423659120697
200,lead_time_surge,baseline,118,1.0,82685.0,75530.0,7155.0,695,0,69,0.03882912377151222,28.531066742070987,0.06006138258598675,0.007785355707750214,2.910487881367323
200,lead_time_surge,baseline,119,1.0,83394.0,76239.0,7155.0,725,0,29,0.03856190063298781,28.500657220704465,0.059934646523170945,0.007756273875140469,2.9105326284927378
200,lead_time_surge,dual_only,0,1.0,665.0,665.0,0.0,665,0,93,,,,,
200,lead_time_surge,dual_only,1,1.0,1283.0,1283.0,0.0,622,0,113,,,,,
200,lead_time_surge,dual_only,2,1.0,1898.0,1898.0,0.0,643,0,91,1.7888738178082233,0.73430753902358,,,2.436137071651091
200,lead_time_surge,dual_only,3,1.0,2529.0,2529.0,0.0,653,0,70,2.9433957691552517,1.1593890087996015,,,2.5387473460721868
200,lead_time_surge,dual_only,4,1.0,3139.0,3139.0,0.0,641,0,89,0.3443912934036462,1.6659656501927795,1.1496469596374748,0.06820056833806948,2.6365355521936458
200,lead_time_surge,dual_only,5,1.0,3769.0,3769.0,0.0,679,0,80,0.4170819077685753,1.809934065934066,1.250838159097836,0.06846978557504872,2.690658049353702
200,lead_time_surge,dual_only,6,1.0,4447.0,4447.0,0.0,708,0,53,0.46863805838794664,1.776472943217455,1.4145211122554064,0.06843829632326173,2.725024015369837
200,lead_time_surge,dual_only,7,1.0,5114.0,5114.0,0.0,695,0,55,0.3961046549238206,1.8325571161392058,1.2406193914604116,0.06338312474767864,2.7487814784727864
200,lead_time_surge,dual_only,8,1.0,5760.0,5760.0,0.0,678,0,78,0.40802690002962116,1.8821903264255448,1.480425075288172,0.05293677515899738,2.7661857846586915
200,lead_time_surge,dual_only,9,1.0,6433.0,6433.0,0.0,712,0,53,0.39059263409114736,1.8676164649694418,1.3799766641054099,0.054525582066775276,2.779484792054626
200,lead_time_surge,dual_only,10,1.0,7116.0,7116.0,0.0,690,0,52,0.37084120310165486,1.7632872658798209,1.4605643633462957,0.05161114145275805,2.7899777901166023
200,lead_time_surge,dual_only,11,1.0,7748.0,7748.0,0.0,689,0,81,0.34445102261054594,1.7859339146397428,1.4864044056609502,0.04636654634611455,2.798468106479157
200,lead_time_surge,dual_only,12,1.0,8397.0,8397.0,0.0,660,0,99,0.3427911787051502,1.7307576336261485,1.5947014925373133,0.04426973653423184,2.8054791380100865
200,lead_time_surge,dual_only,13,1.0,9037.0,9037.0,0.0,640,0,85,0.32060455234204477,1.736652586385984,1.61950419478963,0.04054685674222949,2.811366512020244
200,lead_time_surge,dual_only,14,1.0,9646.0,9646.0,0.0,614,0,86,0.2764538818844857,2.12651811011563,1.1840696457776738,0.03898387968531497,2.816380320187427
200,lead_time_surge,dual_only,15,1.0,10237.0,10237.0,0.0,591,0,76,0.22788691439437195,3.45318591853996,0.635774459168595,0.036799270591224675,2.8207015630679755
200,lead_time_surge,dual_only,16,0.9691714836223507,10816.0,10806.0,10.0,569,2,78,0.19486961258559168,5.666101965798305,0.3467763411632905,0.035113503207483465,2.8244644678680726
200,lead_time_surge,dual_only,17,0.9129662522202486,11435.0,11365.0,70.0,559,12,77,0.17047519579553064,8.121056154190015,0.21980216381692705,0.033773225034016835,2.8277706802938356
200,lead_time_surge,dual_only,18,0.8775510204081632,12044.0,11924.0,120.0,559,10,75,0.16073043782013052,10.983152870779312,0.15818581430164474,0.03268209868226037,2.8306985847636255
200,lead_time_surge,dual_only,19,0.8528925619834711,12660.0,12490.0,170.0,566,10,68,0.15641388850440094,14.20069756674726,0.12233894943099004,0.03177655813127801,2.8333095984050125
200,lead_time_surge,dual_only,20,0.8087774294670846,13327.0,13107.0,220.0,617,10,17,0.15002191371211276,16.754524539302604,0.10181840224740213,0.03101296600117252,2.835652526344232
200,lead_time_surge,dual_only,21,0.7981651376146789,14288.0,13673.0,615.0,584,79,62,0.14766119011821105,18.96795280500536,0.08942182944099884,0.030677903307541297,2.837766640966332
200,lead_time_surge,dual_only,22,0.8262773722627738,15363.0,14203.0,1160.0,583,109,72,0.14186726165851316,22.42925146028644,0.08009931647964551,0.027807925845531087,2.839683901004655
200,lead_time_surge,dual_only,23,0.820476858345021,16410.0,14800.0,1610.0,617,90,39,0.13906535036931894,29.538653429683492,0.059388056854053246,0.027899220895689702,2.8414305783188953
200,lead_time_surge,dual_only,24,0.8096514745308311,17317.0,15352.0,1965.0,593,71,85,0.13483125532889956,33.141476963951455,0.05362262121423117,0.026686368012179017,2.8430284689531486
200,lead_time_surge,dual_only,25,0.8415584415584415,18149.0,15914.0,2235.0,608,54,72,0.13309423118639854,34.752040317811314,0.0535082293285231,0.025162457060284332,2.844495807353257
200,lead_time_surge,dual_only,26,0.8456712672521958,19008.0,16513.0,2495.0,617,52,55,0.13040065650484123,35.723723216879826,0.05082805783745925,0.025235263952988782,2.845847965296426
200,lead_time_surge,dual_only,27,0.855595667870036,19628.0,17058.0,2570.0,592,15,90,0.12591930506146054,35.55788553172027,0.05159895920765486,0.02410532736884913,2.8470979924468303
200,lead_time_surge,dual_only,28,0.882903981264637,20706.0,17636.0,3070.0,614,100,61,0.12407471249509827,35.067516527020565,0.052710294873997116,0.023566964200386096,2.8482570388814397
200,lead_time_surge,dual_only,29,0.8862343572241184,21703.0,18223.0,3480.0,608,82,63,0.12340031570825732,37.295269347773605,0.049502112073187096,0.023458234770123494,2.849334688597301
200,lead_time_surge,dual_only,30,0.8992332968236583,22532.0,18757.0,3775.0,591,59,95,0.12003236477506359,37.72998609801133,0.051147038912041226,0.02182200604706191,2.8503392251383706
200,lead_time_surge,dual_only,31,0.9080338266384778,23313.0,19358.0,3955.0,624,36,47,0.11659938694037511,37.43281771202406,0.05027832129801004,0.021728184440771743,2.851277844931791
200,lead_time_surge,dual_only,32,0.9010204081632653,24014.0,19924.0,4090.0,598,27,81,0.1134448295696648,37.21531377987453,0.050245672737719536,0.02127114922877136,2.852156829961546
200,lead_time_surge,dual_only,33,0.9114173228346457,24820.0,20480.0,4340.0,607,50,80,0.10878075214989578,35.76712653757447,0.05253446040255915,0.020291994977024018,2.8529816885431862
200,lead_time_surge,dual_only,34,0.9065776930409915,25809.0,21094.0,4715.0,630,75,48,0.10466244734867412,35.3207234041666,0.05125952666268507,0.020256745576343105,2.8537572708693606
200,lead_time_surge,dual_only,35,0.9104339796860572,26720.0,21640.0,5080.0,594,73,97,0.10428541069183421,36.04556283833346,0.05241694428449863,0.019336231812455227,2.854487864448175
200,lead_time_surge,dual_only,36,0.9308176100628931,27458.0,22218.0,5240.0,619,32,63,0.10263591862029957,36.20642082208084,0.05342372433795573,0.018584314228147516,2.8551772734015737
200,lead_time_surge,dual_only,37,0.933920704845815,28132.0,22817.0,5315.0,617,15,59,0.10164359056038197,36.0761334847297,0.053523938466382995,0.01843231010238785,2.85582888472082
200,lead_time_surge,dual_only,38,0.9410760034158838,28829.0,23354.0,5475.0,593,32,97,0.0988338503533211,35.01489585299678,0.056118892093077855,0.01760831549606506,2.856445723915182
200,lead_time_surge,dual_only,39,0.9466666666666667,29712.0,23962.0,5750.0,632,55,48,0.09713240072203874,34.752614927685954,0.05616600334845957,0.0174175969322011,2.8570305019833135
200,lead_time_surge,dual_only,40,0.952341824157765,30491.0,24541.0,5950.0,607,40,78,0.09765598914485216,35.48397354514662,0.0560802271463498,0.01717345258548329,2.857585655245967
200,lead_time_surge,dual_only,41,0.9584332533972821,31106.0,25096.0,6010.0,615,12,90,0.09526987886210085,34.58490400639778,0.05961449456277136,0.016167308269855567,2.8581133792744775
200,lead_time_surge,dual_only,42,0.9611197511664075,31984.0,25724.0,6260.0,641,50,40,0.09306920740693884,33.73302633220551,0.060110098577668254,0.0160563749645753,2.8586156579114337
200,lead_time_surge,dual_only,43,0.9546142208774584,32729.0,26279.0,6450.0,601,38,100,0.09149899410328695,33.38964131199701,0.061464653907378354,0.015593752880495986,2.8590942881922934
200,lead_time_surge,dual_only,44,0.9667405764966741,33339.0,26864.0,6475.0,634,5,70,0.09001058456641753,32.827434214761496,0.06463752788153386,0.014834539616613117,2.8595509018278653
200,lead_time_surge,dual_only,45,0.9645697758496024,34210.0,27490.0,6720.0,639,49,52,0.08869496506432069,32.328555163830174,0.06557941582799072,0.014627869299037952,2.859986983788902
200,lead_time_surge,dual_only,46,0.9654442877291961,34915.0,28040.0,6875.0,606,31,106,0.08814471142008479,32.23694646346832,0.0676996787724579,0.014119795100674546,2.8604038884388383
200,lead_time_surge,dual_only,47,0.9825662482566249,35608.0,28658.0,6950.0,653,15,54,0.08754551110756487,31.999747389819365,0.07002586306641827,0.013656547892643736,2.8608028535839662
200,lead_time_surge,dual_only,48,0.9755766621438263,36236.0,29261.0,6975.0,628,5,75,0.0852959196052381,31.132535595917496,0.0717234315598605,0.013350783739320292,2.861185012748032
200,lead_time_surge,dual_only,49,0.986,36913.0,29833.0,7080.0,625,21,90,0.08427841935387285,30.83295718779921,0.07316967936115798,0.013054748148858077,2.861551405927696
200,lead_time_surge,dual_only,50,0.9908256880733946,37584.0,30464.0,7120.0,654,8,51,0.08387776027500739,30.69979074105164,0.07388500824315264,0.012921120473282838,2.8619029890437173
200,lead_time_surge,dual_only,51,0.9954838709677419,38211.0,31056.0,7155.0,627,7,82,0.0833701173088995,30.491976237095614,0.07562539228863242,0.012631387408942868,2.862240642268795
200,lead_time_surge,dual_only,52,1.0,38804.0,31649.0,7155.0,645,0,81,0.08248176227049503,30.287853177058864,0.07735315036680616,0.012298610575742636,2.8625651773847234
200,lead_time_surge,dual_only,53,1.0,39461.0,32306.0,7155.0,674,0,49,0.08181477476468718,30.211871427038332,0.0772573435905307,0.012243669509443882,2.862877344298467
200,lead_time_surge,dual_only,54,1.0,40058.0,32903.0,7155.0,644,0,95,0.08031885013583565,29.84298850954955,0.07870982061581282,0.011942573544755915,2.863177836827085
200,lead_time_surge,dual_only,55,1.0,40707.0,33552.0,7155.0,689,0,67,0.07966460160927377,30.079212874082437,0.07915525504826375,0.011684952227219013,2.8634672978456184
200,lead_time_surge,dual_only,56,1.0,41368.0,34213.0,7155.0,685,0,64,0.07810081071587782,29.975366315997523,0.07821563929403942,0.011632227806493376,2.8637463238781904
200,lead_time_surge,dual_only,57,1.0,41994.0,34839.0,7155.0,680,0,96,0.07703237343124891,30.289528033425018,0.07801282798377632,0.01138254541926672,2.864015469201381
200,lead_time_surge,dual_only,58,1.0,42695.0,35540.0,7155.0,728,0,46,0.07536776823974897,30.671839008930288,0.07636293157899664,0.011234364136257875,2.8642752495192734
200,lead_time_surge,dual_only,59,1.0,43392.0,36237.0,7155.0,718,0,47,0.07382656039213026,30.90705857673076,0.07534172635261961,0.011067935050796219,2.8645261452614514
200,lead_time_surge,dual_only,60,1.0,44072.0,36917.0,7155.0,713,0,56,0.0725919158742071,31.255098370420672,0.07402657653679712,0.010951917779064057,2.864768604548269
200,lead_time_surge,dual_only,61,1.0,44790.0,37635.0,7155.0,725,0,27,0.0713905713773558,31.605843012236825,0.07311173046800869,0.010783539363239794,2.8650030458619784
200,lead_time_surge,dual_only,62,1.0,45453.0,38298.0,7155.0,686,0,53,0.06981089332438381,31.584331254449467,0.07155738441747123,0.010780467216667327,2.8652298604571538
200,lead_time_surge,dual_only,63,1.0,46091.0,38936.0,7155.0,667,0,62,0.06788783885941224,31.312139177649648,0.07014896735833474,0.010786119227500786,2.8654494145396345
200,lead_time_surge,dual_only,64,1.0,46726.0,39571.0,7155.0,664,0,70,0.06719530498723968,31.472086188569225,0.06927126903203112,0.010755615816566137,2.8656620512395317
200,lead_time_surge,dual_only,65,1.0,47364.0,40209.0,7155.0,685,0,69,0.0661770787084846,31.684312260730543,0.06835624057873207,0.01066176093750766,2.8658680924006177
200,lead_time_surge,dual_only,66,1.0,48043.0,40888.0,7155.0,701,0,49,0.06530659529682223,31.79178204306767,0.06730920538260134,0.01064832360318521,2.8660678402057727
200,lead_time_surge,dual_only,67,1.0,48698.0,41543.0,7155.0,690,0,69,0.0645304056584793,31.910651342898273,0.06627883898188432,0.01064481240049058,2.866261578655688
200,lead_time_surge,dual_only,68,1.0,49387.0,42232.0,7155.0,718,0,45,0.06380599147259297,32.23787176699334,0.06537078341654681,0.010562509244934824,2.8664495749161527
200,lead_time_surge,dual_only,69,1.0,50072.0,42917.0,7155.0,696,0,46,0.06254101693700392,32.03152895490645,0.06520477444087543,0.010445660723757345,2.86663208054723
200,lead_time_surge,dual_only,70,1.0,50728.0,43573.0,7155.0,699,0,66,0.06204712613270419,32.325332204395856,0.06463830405957374,0.010358334018567505,2.8668093326263158
200,lead_time_surge,dual_only,71,1.0,51441.0,44286.0,7155.0,723,0,32,0.061546303757266226,32.601812811701805,0.06419039875619618,0.010258060449899964,2.866981554775594
200,lead_time_surge,dual_only,72,1.0,52118.0,44963.0,7155.0,706,0,52,0.06085604826921614,32.74319364274333,0.06319910540453225,0.010257027591805487,2.8671489581032303
200,lead_time_surge,dual_only,73,1.0,52799.0,45644.0,7155.0,702,0,42,0.05962233790631066,32.581338176931034,0.06250454445786321,0.010210654388434286,2.867311742066662
200,lead_time_surge,dual_only,74,1.0,53468.0,46313.0,7155.0,685,0,54,0.05909371721190779,32.62986387269542,0.06234767771660634,0.010129939892380504,2.867470095265381
200,lead_time_surge,dual_only,75,1.0,54110.0,46955.0,7155.0,692,0,68,0.05835924055938104,32.724249788995216,0.06366252183051124,0.009768634452441681,2.867624196169881
200,lead_time_surge,dual_only,76,1.0,54794.0,47639.0,7155.0,694,0,43,0.0574083370415826,32.524404755379635,0.06373463501859794,0.00965706492438151,2.8677742137926234
200,lead_time_surge,dual_only,77,1.0,55436.0,48281.0,7155.0,683,0,73,0.05683294024777903,32.52834858416746,0.06334516395961322,0.009617397481730183,2.8679203083063793
200,lead_time_surge,dual_only,78,1.0,56122.0,48967.0,7155.0,717,0,49,0.05630169278985161,32.67629654074437,0.06245643620818507,0.009618842053241546,2.868062631614699
200,lead_time_surge,dual_only,79,1.0,56826.0,49671.0,7155.0,714,0,40,0.055731361790159334,32.667209523109776,0.06238282515898252,0.009534829809939189,2.8682013278787477
200,lead_time_surge,dual_only,80,1.0,57486.0,50331.0,7155.0,705,0,63,0.05500736115264981,32.668625065443464,0.06196544710569679,0.009473495702005726,2.86833653400437
200,lead_time_surge,dual_only,81,1.0,58194.0,51039.0,7155.0,715,0,35,0.05446347723602878,32.65933468953081,0.06216126148265626,0.009352509239826529,2.8684683800928656
200,lead_time_surge,dual_only,82,1.0,58851.0,51696.0,7155.0,688,0,54,0.05315187374999039,32.21246791370244,0.061561055590279766,0.009343702103686062,2.868596989858539
200,lead_time_surge,dual_only,83,1.0,59512.0,52357.0,7155.0,680,0,61,0.05276505011358661,32.17449286076508,0.061309625924589085,0.0093243258397849,2.868722481015889
200,lead_time_surge,dual_only,84,1.0,60163.0,53008.0,7155.0,689,0,56,0.05189845059693795,32.00470070000273,0.060954703125500234,0.009273129451922435,2.8688449656389903
200,lead_time_surge,dual_only,85,1.0,60827.0,53672.0,7155.0,686,0,55,0.051452106148468006,31.9040788406751,0.06068200541367542,0.009263430343111886,2.868964550495296
200,lead_time_surge,dual_only,86,1.0,61467.0,54312.0,7155.0,678,0,72,0.05097720280409903,31.829870954733842,0.06037070140563312,0.009246386463828119,2.8690813373560724
200,lead_time_surge,dual_only,87,1.0,62130.0,54975.0,7155.0,695,0,61,0.050589046712472774,31.839015964582778,0.059980780337904535,0.009232612708712559,2.869195423285254
200,lead_time_surge,dual_only,88,1.0,62799.0,55644.0,7155.0,699,0,55,0.04998987800060247,31.72728805683794,0.06005414937898849,0.009143850198069162,2.8693069009084886
200,lead_time_surge,dual_only,89,1.0,63461.0,56306.0,7155.0,690,0,59,0.04931408871469604,31.513805075359887,0.05967199580552519,0.009139156406412012,2.86941585866397
200,lead_time_surge,dual_only,90,1.0,64125.0,56970.0,7155.0,691,0,57,0.048827037599110244,31.418660494091814,0.059418896531808554,0.009114618840733049,2.8695223810364094
200,lead_time_surge,dual_only,91,1.0,64793.0,57638.0,7155.0,695,0,55,0.048361984241798425,31.341495483863607,0.05904903590029705,0.00910638910013391,2.8696265487755217
200,lead_time_surge,dual_only,92,1.0,65455.0,58300.0,7155.0,694,0,58,0.04787745725545803,31.256669807962503,0.05898083049348132,0.00904975219340801,2.8697284391001676
200,lead_time_surge,dual_only,93,1.0,66134.0,58979.0,7155.0,699,0,50,0.04756758980512345,31.24937701165338,0.05927306423887723,0.008948629265414468,2.8698281258892493
200,lead_time_surge,dual_only,94,1.0,66807.0,59652.0,7155.0,710,0,58,0.04724150064153624,31.281783485151912,0.059297741838097474,0.008874080695623912,2.86992567986037
200,lead_time_surge,dual_only,95,1.0,67506.0,60351.0,7155.0,713,0,33,0.04653767356992415,31.06716086097762,0.05923797655684146,0.008810849586994544,2.8700211687371175
200,lead_time_surge,dual_only,96,1.0,68167.0,61012.0,7155.0,684,0,60,0.04621001226677946,30.98674358332175,0.059108020437832975,0.008790518333809743,2.8701146574058765
200,lead_time_surge,dual_only,97,1.0,68827.0,61672.0,7155.0,697,0,55,0.04573483450669613,30.912431111257238,0.058722951554446366,0.008777947414052308,2.8702062080628434
200,lead_time_surge,dual_only,98,1.0,69499.0,62344.0,7155.0,680,0,50,0.045309789406451924,30.731489523019473,0.059085298380528596,0.00869365361378854,2.8702958803520326
200,lead_time_surge,dual_only,99,1.0,70123.0,62968.0,7155.0,681,0,79,0.04496849935691519,30.711150823736116,0.05989962581970319,0.008516246721520073,2.8703837314948424
200,lead_time_surge,dual_only,100,1.0,70819.0,63664.0,7155.0,712,0,46,0.04474500544192723,30.71533150742598,0.06014213555462823,0.008438349879139632,2.8704698164118296
200,lead_time_surge,dual_only,101,1.0,71495.0,64340.0,7155.0,709,0,48,0.044122325481488145,30.528008187593503,0.05971112568915923,0.008432161507151327,2.8705541878372016
200,lead_time_surge,dual_only,102,1.0,72171.0,65016.0,7155.0,692,0,55,0.04379581844610419,30.4083171108444,0.05996058724143766,0.00836750770575557,2.870636896426535
200,lead_time_surge,dual_only,103,1.0,72844.0,65689.0,7155.0,705,0,51,0.04351324971697778,30.41497677442297,0.05969412567262703,0.008348566355042563,2.8707179908581995
200,lead_time_surge,dual_only,104,1.0,73530.0,66375.0,7155.0,705,0,45,0.043244647959852986,30.38694453185559,0.05949193717146189,0.00833267916152738,2.8707975179288945
200,lead_time_surge,dual_only,105,1.0,74200.0,67045.0,7155.0,697,0,52,0.04282387413997213,30.25092399922488,0.05927027897551234,0.008319476045675893,2.870875522643695
200,lead_time_surge,dual_only,106,1.0,74863.0,67708.0,7155.0,688,0,51,0.042294043659573635,30.03018372041051,0.05897587506186685,0.008318037765121135,2.870952048300983
200,lead_time_surge,dual_only,107,1.0,75514.0,68359.0,7155.0,677,0,64,0.042065182087389366,29.961469632604892,0.05897136673987426,0.00829241771047852,2.871027136572587
200,lead_time_surge,dual_only,108,1.0,76162.0,69007.0,7155.0,692,0,67,0.04171926519417327,29.872546536086123,0.05905059619388804,0.00823742878636021,2.8711008275794523
200,lead_time_surge,dual_only,109,1.0,76835.0,69680.0,7155.0,688,0,44,0.04092174191977855,29.42475488739121,0.05903189511106186,0.008205312901746201,2.871173159963128
200,lead_time_surge,dual_only,110,1.0,77458.0,70303.0,7155.0,661,0,80,0.04054810368285073,29.225688266523314,0.05901783098571112,0.008187521055564338,2.87124417095332
200,lead_time_surge,dual_only,111,1.0,78106.0,70951.0,7155.0,690,0,65,0.0402463700439613,29.152909107602746,0.0589686768502504,0.008153475329258303,2.871313896431803
200,lead_time_surge,dual_only,112,1.0,78783.0,71628.0,7155.0,692,0,51,0.03998580581405851,29.05403902346995,0.05900578750414516,0.008122948437434692,2.8713823709928725
200,lead_time_surge,dual_only,113,1.0,79428.0,72273.0,7155.0,697,0,73,0.0396880870896056,28.987057626246557,0.059651754641184614,0.007993401140619895,2.871449628000563
200,lead_time_surge,dual_only,114,1.0,80132.0,72977.0,7155.0,713,0,36,0.039281318954024855,28.806782273889848,0.059986521891879904,0.007916376389608381,2.8715156996428757
200,lead_time_surge,dual_only,115,1.0,80796.0,73641.0,7155.0,695,0,61,0.039043004580172916,28.740666335745672,0.05975413608626466,0.00791694109935259,2.871580616983125
200,lead_time_surge,dual_only,116,1.0,81477.0,74322.0,7155.0,706,0,45,0.038715066149451326,28.64097800924161,0.059612273363198215,0.007896339573235883,2.8716444100086593
200,lead_time_surge,dual_only,117,1.0,82151.0,74996.0,7155.0,688,0,49,0.03844814377478341,28.521593995795154,0.059822209331074364,0.007846915804986074,2.871707107677015
200,lead_time_surge,dual_only,118,1.0,82804.0,75649.0,7155.0,696,0,69,0.038312567622516155,28.531066742070987,0.06006138258598675,0.007785355707750214,2.8717687379597696
200,lead_time_surge,dual_only,119,1.0,83514.0,76359.0,7155.0,726,0,29,0.03804911722776966,28.500657220704465,0.059934646523170945,0.007756273875140469,2.871829327884149
200,lead_time_surge,safety_only,0,1.0,881.0,881.0,0.0,881,0,93,,,,,
200,lead_time_surge,safety_only,1,1.0,1715.0,1715.0,0.0,838,0,111,,,,,
200,lead_time_surge,safety_only,2,1.0,2546.0,2546.0,0.0,859,0,88,1.8866671115566909,0.73430753902358,,,2.569314641744549
200,lead_time_surge,safety_only,3,1.0,3379.0,3379.0,0.0,855,0,83,3.0892424756762207,1.1593890087996015,,,2.664543524416136
200,lead_time_surge,safety_only,4,1.0,4190.0,4190.0,0.0,857,0,103,0.3679693250344745,1.5534525061338937,2.1363424848766863,0.040514049226747985,2.7367624810892592
200,lead_time_surge,safety_only,5,1.0,5066.0,5066.0,0.0,922,0,64,0.42853077478148754,1.6833406593406595,2.983360522022838,0.030730533683289585,2.7767332549941246
200,lead_time_surge,safety_only,6,1.0,5968.0,5968.0,0.0,927,0,56,0.42494276838654665,1.819910589177287,2.614937115629674,0.03186643218848656,2.8021133525456294
200,lead_time_surge,safety_only,7,1.0,6863.0,6863.0,0.0,926,0,49,0.4056713955831607,1.646362780691139,2.8595018321814556,0.030560602128211784,2.81965881397238
200,lead_time_surge,safety_only,8,1.0,7760.0,7760.0,0.0,905,0,52,0.3921705691767547,1.6206492452849086,2.7565752235764682,0.030991622405957403,2.8325123152709373
200,lead_time_surge,safety_only,9,1.0,8624.0,8624.0,0.0,910,0,63,0.3662649440007694,1.504998583397418,2.7376943005181347,0.03127513603028152,2.8423339540657975
200,lead_time_surge,safety_only,10,1.0,9517.0,9517.0,0.0,901,0,50,0.34137256691697093,1.5642220653014558,2.484249974678416,0.0308231744607983,2.850083287062741
200,lead_time_surge,safety_only,11,1.0,10354.0,10354.0,0.0,890,0,85,0.3318362888548763,1.4824231298760897,2.9348696933419287,0.02670243726417684,2.8563535911602207
200,lead_time_surge,safety_only,12,1.0,11205.0,11205.0,0.0,863,0,102,0.32860842910411836,1.4473837618348846,3.0097708259073666,0.026361071441011533,2.8615314076111873
200,lead_time_surge,safety_only,13,1.0,12036.0,12036.0,0.0,844,0,100,0.32205012844714304,1.4007340211896686,3.0559494451294698,0.026252080496292938,2.865879375790805
200,lead_time_surge,safety_only,14,1.0,12849.0,12849.0,0.0,823,0,101,0.29845805630803984,1.5079255685733979,2.643655130540376,0.026090351622608567,2.869582194455291
200,lead_time_surge,safety_only,15,1.0,13642.0,13642.0,0.0,809,0,98,0.24639593116383998,2.1816490822519286,1.5273058252427185,0.025740752357652177,2.872773536895674
200,lead_time_surge,safety_only,16,1.0,14429.0,14429.0,0.0,787,0,84,0.20719151077950845,3.3312856873029473,0.870009175247222,0.02486079082063108,2.875552533151988
200,lead_time_surge,safety_only,17,0.9857904085257548,15207.0,15167.0,40.0,748,8,97,0.17911396699275195,5.537049614352079,0.45652363061103424,0.024620555825074497,2.877994251038008
200,lead_time_surge,safety_only,18,0.9812925170068028,15979.0,15904.0,75.0,747,7,86,0.16630986781240595,9.291993161419006,0.2547416920472387,0.024394561107088264,2.8801565793435713
200,lead_time_surge,safety_only,19,0.971900826446281,16763.0,16653.0,110.0,749,7,73,0.1604478791735073,14.427532280467101,0.16229554824357864,0.023775439425021024,2.8820848761036753
200,lead_time_surge,safety_only,20,0.9561128526645768,17574.0,17409.0,165.0,772,11,44,0.15430880298610297,19.059218069679783,0.11950921588173653,0.023491827432836232,2.8838151850851137
200,lead_time_surge,safety_only,21,0.9464831804281345,18355.0,18140.0,215.0,764,10,76,0.15117488550136174,23.653709529381267,0.09458146890591661,0.023419188520566566,2.8853765098946282
200,lead_time_surge,safety_only,22,0.9605839416058394,19209.0,18859.0,350.0,769,27,82,0.14558466999435207,25.040046946630184,0.09137604621635957,0.022041065434413018,2.886792452830188
200,lead_time_surge,safety_only,23,0.9621318373071529,20056.0,19606.0,450.0,790,20,76,0.14433931380503592,28.60302892737272,0.0827637772886675,0.021111676634007717,2.88808241629595
200,lead_time_surge,safety_only,24,0.9638069705093834,20848.0,20348.0,500.0,787,10,91,0.13995276153161829,30.011604481503642,0.07897276925124339,0.020437505664157703,2.8892624971979375
200,lead_time_surge,safety_only,25,0.9714285714285714,21711.0,21101.0,610.0,805,22,96,0.13741862417737682,30.69197500707105,0.07885889475560783,0.019643560789435167,2.8903461621156743
200,lead_time_surge,safety_only,26,0.973651191969887,22570.0,21885.0,685.0,826,15,89,0.13690385492082657,31.58553660274362,0.07889666096933652,0.019000669948929433,2.8913447634786213
200,lead_time_surge,safety_only,27,0.9819494584837545,23422.0,22662.0,760.0,825,15,98,0.1330688817031683,31.127387644690067,0.08198260383316625,0.018029081493957672,2.892267938779568
200,lead_time_surge,safety_only,28,0.9953161592505855,24223.0,23458.0,765.0,845,1,93,0.13228028352962865,31.1948094792984,0.08352422331453163,0.017548229165925407,2.893123922620187
200,lead_time_surge,safety_only,29,1.0,25044.0,24279.0,765.0,860,0,88,0.13080908410703232,31.11982843159351,0.08319354051548208,0.017459210995008002,2.8939197930142297
200,lead_time_surge,safety_only,30,1.0,25857.0,25092.0,765.0,872,0,101,0.12596997569341492,30.12612692821695,0.087887231102165,0.016436152108666724,2.8946616675593653
200,lead_time_surge,safety_only,31,1.0,26737.0,25972.0,765.0,912,0,60,0.12185689326190212,29.44017352529425,0.08731859887299241,0.016371978980069153,2.895354860991193
200,lead_time_surge,safety_only,32,1.0,27591.0,26826.0,765.0,886,0,84,0.11896262934652298,28.95119951785991,0.08775701103481198,0.016168249784120348,2.896004012706906
200,lead_time_surge,safety_only,33,1.0,28444.0,27679.0,765.0,903,0,81,0.11387549914351555,28.170959062079564,0.08906411925703507,0.015668787094161894,2.896613190730838
200,lead_time_surge,safety_only,34,1.0,29342.0,28577.0,765.0,918,0,53,0.10882141632260828,27.32045097743515,0.08786481799247804,0.015647145529791934,2.897185977047635
200,lead_time_surge,safety_only,35,1.0,30211.0,29446.0,765.0,912,0,68,0.1055153198077756,26.99521744621181,0.08676382208302189,0.015546504829421676,2.8977255380857874
200,lead_time_surge,safety_only,36,1.0,31109.0,30344.0,765.0,921,0,52,0.10327187362568858,26.789936259825396,0.08753400050898331,0.015194977085070206,2.8982346832814123
200,lead_time_surge,safety_only,37,1.0,32011.0,31246.0,765.0,923,0,49,0.1020717940285416,26.835568104154962,0.0865211725309711,0.015165855134345227,2.8987159140095238
200,lead_time_surge,safety_only,38,1.0,32897.0,32132.0,765.0,916,0,50,0.09880422561163227,26.410350180739357,0.08562003058111194,0.015071347343597816,2.8991714646819267
200,lead_time_surge,safety_only,39,1.0,33782.0,33017.0,765.0,895,0,52,0.0969196207242176,26.068248536501383,0.08661067363735539,0.014804367098548555,2.8996033374367403
200,lead_time_surge,safety_only,40,1.0,34644.0,33879.0,765.0,909,0,68,0.09596092851380149,26.181776641654288,0.08677241037043475,0.01456510675423503,2.900013331555793
200,lead_time_surge,safety_only,41,1.0,35550.0,34785.0,765.0,922,0,37,0.0928108538405132,25.66100298781709,0.08608821512501638,0.014485152816209592,2.9004030685216495
200,lead_time_surge,safety_only,42,1.0,36407.0,35642.0,765.0,885,0,67,0.09048721185021441,25.15742528718509,0.08634990672546777,0.014359696010228821,2.9007740134500697
200,lead_time_surge,safety_only,43,1.0,37253.0,36488.0,765.0,892,0,70,0.08775941229369782,24.663025170066827,0.0867383044793019,0.014140657934904275,2.901127493495229
200,lead_time_surge,safety_only,44,1.0,38123.0,37358.0,765.0,882,0,61,0.08592365829465186,24.199847604525747,0.08792287357354894,0.013918132330501517,2.901464713715046
200,lead_time_surge,safety_only,45,1.0,38947.0,38182.0,765.0,889,0,89,0.08445897639685428,24.028901007542114,0.0912072374364593,0.013280581989532712,2.9017867707963565
200,lead_time_surge,safety_only,46,1.0,39837.0,39072.0,765.0,905,0,53,0.08257255984216962,23.602868773317468,0.09212844492077897,0.013084756384145389,2.9020946649693324
200,lead_time_surge,safety_only,47,1.0,40703.0,39938.0,765.0,912,0,76,0.08167681706642181,23.506197917834427,0.09291529267473471,0.01288467746071395,2.902389310383876
200,lead_time_surge,safety_only,48,1.0,41608.0,40843.0,765.0,934,0,43,0.07899065722242067,23.024642837423247,0.09256435999706278,0.012768536641181747,2.902671544174703
200,lead_time_surge,safety_only,49,1.0,42499.0,41734.0,765.0,904,0,60,0.07797768835863852,22.77335521816441,0.0937338216046853,0.012583708033150356,2.902942134404518
200,lead_time_surge,safety_only,50,1.0,43383.0,42618.0,765.0,928,0,54,0.07687368362961958,22.748808625222903,0.09310253206921483,0.012502023758235673,2.9032017870439315
200,lead_time_surge,safety_only,51,1.0,44301.0,43536.0,765.0,918,0,40,0.0761055551683237,22.584940329875067,0.09554607256013677,0.012147028404876572,2.9034511521217814
200,lead_time_surge,safety_only,52,1.0,45169.0,44404.0,765.0,917,0,62,0.07504401528238662,22.51589056487247,0.095692727155869,0.011994927555919776,2.9036908291585704
200,lead_time_surge,safety_only,53,1.0,46091.0,45326.0,765.0,925,0,37,0.07440953526810368,22.415498740532904,0.09743683198532753,0.01173200333469047,2.903921371978738
200,lead_time_surge,safety_only,54,1.0,46964.0,46199.0,765.0,914,0,58,0.0729763935948247,22.181597113705163,0.09714932498477792,0.011660891540833492,2.904143292982975
200,lead_time_surge,safety_only,55,1.0,47868.0,47103.0,765.0,916,0,45,0.07239604631277104,22.09396612083568,0.09802868242543405,0.011509010644862604,2.904357066950054
200,lead_time_surge,safety_only,56,1.0,48743.0,47978.0,765.0,910,0,55,0.07109540797768672,21.852417319424177,0.09803684950403219,0.011425412739134604,2.904563134427473
200,lead_time_surge,safety_only,57,1.0,49627.0,48862.0,765.0,905,0,54,0.07031444850930275,21.69169418773972,0.09815280096268734,0.01136940832148793,2.904761904761907
200,lead_time_surge,safety_only,58,1.0,50502.0,49737.0,765.0,905,0,55,0.06918359835108377,21.453029150266698,0.09834232245469443,0.011288463672158895,2.9049537588132943
200,lead_time_surge,safety_only,59,1.0,51368.0,50603.0,765.0,896,0,64,0.06807963186880016,21.169823768463445,0.09797567065125205,0.011298343824826602,2.9051390513905138
200,lead_time_surge,safety_only,60,1.0,52238.0,51473.0,765.0,902,0,61,0.06723138919378914,20.987193764453895,0.097544458066374,0.011303720773871696,2.905318113441289
200,lead_time_surge,safety_only,61,1.0,53118.0,52353.0,765.0,911,0,59,0.06638676393277192,20.80531829785411,0.09733040109864687,0.011283375705588702,2.9054912540248887
200,lead_time_surge,safety_only,62,1.0,53994.0,53229.0,765.0,906,0,58,0.06515412980465725,20.495883379013726,0.09765729663429064,0.011202784961991953,2.905658762092288
200,lead_time_surge,safety_only,63,1.0,54855.0,54090.0,765.0,891,0,64,0.06354139676304701,20.036286204433644,0.09745295636738294,0.011198907763235249,2.9058209080953583
200,lead_time_surge,safety_only,64,1.0,55716.0,54951.0,765.0,894,0,70,0.06306325658520102,19.920088064499392,0.09775669344623553,0.01114413392272662,2.905977945443995
200,lead_time_surge,safety_only,65,1.0,56599.0,55834.0,765.0,915,0,54,0.06229285967324372,19.774779406235794,0.09721797519832688,0.011149746539472687,2.9061301118276055
200,lead_time_surge,safety_only,66,1.0,57485.0,56720.0,765.0,911,0,57,0.06162009556483421,19.611331627394254,0.09718859319963301,0.011124048890158257,2.90627763041556
200,lead_time_surge,safety_only,67,1.0,58370.0,57605.0,765.0,917,0,57,0.06100474970273414,19.49180546591868,0.09677101875866724,0.011127760977641692,2.9064207109492526
200,lead_time_surge,safety_only,68,1.0,59276.0,58511.0,765.0,927,0,43,0.06049659693178112,19.415391045063405,0.09696729891031727,0.01105554813049463,2.906559550737071
200,lead_time_surge,safety_only,69,1.0,60162.0,59397.0,765.0,910,0,52,0.059397831571552644,19.118849761674397,0.09673673529192339,0.011048874464307188,2.9066943355622166
200,lead_time_surge,safety_only,70,1.0,61048.0,60283.0,765.0,913,0,56,0.0590887877475819,19.074259776629095,0.09643044986611582,0.011051577451769176,2.9068252405120827
200,lead_time_surge,safety_only,71,1.0,61953.0,61188.0,765.0,930,0,44,0.05872996602070091,19.051823094375948,0.0960823444437322,0.01103676239245538,2.90695243073706
200,lead_time_surge,safety_only,72,1.0,62854.0,62089.0,765.0,922,0,47,0.05818368706657954,18.937509783507625,0.09623250779931349,0.0109824736509867,2.9070760621456433
200,lead_time_surge,safety_only,73,1.0,63743.0,62978.0,765.0,915,0,45,0.05710808133874204,18.672435737500955,0.09632272428537623,0.010921781509282946,2.907196282041972
200,lead_time_surge,safety_only,74,1.0,64626.0,63861.0,765.0,899,0,56,0.0566743163008931,18.56342348522823,0.0969728539958841,0.010828946680585677,2.9073132297113387
200,lead_time_surge,safety_only,75,1.0,65487.0,64722.0,765.0,909,0,65,0.05606491846755623,18.45416111613907,0.10043635073112833,0.010403923199202627,2.9074270369585182
200,lead_time_surge,safety_only,76,1.0,66384.0,65619.0,765.0,908,0,44,0.05522282996263257,18.203727741098955,0.10147742461435345,0.01028166659288822,2.907537828603305
200,lead_time_surge,safety_only,77,1.0,67242.0,66477.0,765.0,898,0,72,0.054745813594271005,18.075200339416302,0.10172535577611756,0.010239932356913622,2.9076457229371697
200,lead_time_surge,safety_only,78,1.0,68142.0,67377.0,765.0,932,0,49,0.054324847030935375,18.020481594243012,0.10126841937542584,0.010237664632067964,2.9077508321445547
200,lead_time_surge,safety_only,79,1.0,69061.0,68296.0,765.0,928,0,40,0.05383745510939712,17.887621773885158,0.10215266028879413,0.010132339917760488,2.907853262691974
200,lead_time_surge,safety_only,80,1.0,69934.0,69169.0,765.0,919,0,64,0.05320990581168288,17.760095444062053,0.10247859279202005,0.010053716657865476,2.9079531156877025
200,lead_time_surge,safety_only,81,1.0,70858.0,70093.0,765.0,930,0,34,0.052740382043307145,17.63821083620572,0.1037670565677906,0.00990894235481702,2.9080504872147013
200,lead_time_surge,safety_only,82,1.0,71727.0,70962.0,765.0,901,0,56,0.051534291993915946,17.28007966666911,0.10365702251378629,0.009893175584330335,2.908145468638979
200,lead_time_surge,safety_only,83,1.0,72603.0,71838.0,765.0,896,0,61,0.051198768915473224,17.17964858611587,0.10374747628040004,0.009877288401153268,2.908238146895538
200,lead_time_surge,safety_only,84,1.0,73471.0,72706.0,765.0,905,0,55,0.050421076496369246,16.981570899531825,0.103986529287268,0.009817788973649525,2.9083286047538004
200,lead_time_surge,safety_only,85,1.0,74340.0,73575.0,765.0,892,0,65,0.05004145966847913,16.856337775351196,0.10403228407248374,0.009811647736822249,2.908416921064109
200,lead_time_surge,safety_only,86,1.0,75198.0,74433.0,765.0,906,0,70,0.04959688720327233,16.753734101235583,0.10513691703306974,0.00968095100535754,2.9085031709870055
200,lead_time_surge,safety_only,87,1.0,76102.0,75337.0,765.0,919,0,46,0.049254376138317464,16.66449796849247,0.10557436699273447,0.009625249135757935,2.9085874262065636
200,lead_time_surge,safety_only,88,1.0,76972.0,76207.0,765.0,911,0,63,0.048713327857103576,16.525223990497032,0.1061387564002423,0.0095484314543994,2.9086697551290532
200,lead_time_surge,safety_only,89,1.0,77866.0,77101.0,765.0,908,0,47,0.048091568808153976,16.33051495877923,0.1065887741599763,0.009498415589313395,2.9087502230682296
200,lead_time_surge,safety_only,90,1.0,78727.0,77962.0,765.0,894,0,66,0.04765561258131041,16.19713030344177,0.1069682803630692,0.009455898266484662,2.908828892418091
200,lead_time_surge,safety_only,91,1.0,79605.0,78840.0,765.0,908,0,57,0.047244678877276645,16.08498350088453,0.10675876369462634,0.009457995103128908,2.9089058228142624
200,lead_time_surge,safety_only,92,1.0,80485.0,79720.0,765.0,908,0,55,0.04682422406364513,15.96921200479449,0.10663349985051813,0.00945262749806504,2.908981071284737
200,lead_time_surge,safety_only,93,1.0,81367.0,80602.0,765.0,911,0,58,0.04655496302932494,15.89848124958056,0.10658558232906931,0.009444087417647032,2.909054692390872
200,lead_time_surge,safety_only,94,1.0,82266.0,81501.0,765.0,930,0,52,0.04627818929227489,15.84423481619433,0.1066205138414659,0.009416763747399845,2.909126738359327
200,lead_time_surge,safety_only,95,1.0,83176.0,82411.0,765.0,927,0,36,0.04563861057239986,15.670117496936278,0.10677304187469529,0.009376167906771309,2.9091972592056132
200,lead_time_surge,safety_only,96,1.0,84055.0,83290.0,765.0,901,0,59,0.045353753750290646,15.577659316501974,0.10708342422968962,0.009345559550458276,2.9092663028498973
200,lead_time_surge,safety_only,97,1.0,84933.0,84168.0,765.0,913,0,53,0.04492184195667922,15.474810089174499,0.10691425052060803,0.00933260880866471,2.909333915225574
200,lead_time_surge,safety_only,98,1.0,85816.0,85051.0,765.0,894,0,53,0.04453668285167096,15.342124311842667,0.10770120910505704,0.009264208812583715,2.9094001403811887
200,lead_time_surge,safety_only,99,1.0,86661.0,85896.0,765.0,898,0,75,0.044235891064169836,15.275505959902283,0.10910002088502192,0.009123074092663434,2.909465020576132
200,lead_time_surge,safety_only,100,1.0,87569.0,86804.0,765.0,925,0,47,0.04404213547644706,15.22376691036391,0.11009234989012566,0.009031636933241974,2.9095285963705604
200,lead_time_surge,safety_only,101,1.0,88458.0,87693.0,765.0,923,0,49,0.04345803865768642,15.073847633142528,0.10993078496858927,0.009013526521877528,2.9095909067099694
200,lead_time_surge,safety_only,102,1.0,89350.0,88585.0,765.0,907,0,54,0.043162371452654134,14.974834178349768,0.11095959421963635,0.008927654363642562,2.90965198900472
200,lead_time_surge,safety_only,103,1.0,90235.0,89470.0,765.0,919,0,53,0.04292254720006637,14.928851322077705,0.11111783925613856,0.008892529593668139,2.909711879204972
200,lead_time_surge,safety_only,104,1.0,91138.0,90373.0,765.0,921,0,44,0.04269577642010399,14.87105180710143,0.11125736318420629,0.008868613180456729,2.9097706118712154
200,lead_time_surge,safety_only,105,1.0,92023.0,91258.0,765.0,912,0,52,0.04230269587737587,14.756020917266012,0.11127984370915418,0.008853498630020435,2.9098282202407955
200,lead_time_surge,safety_only,106,1.0,92901.0,92136.0,765.0,903,0,51,0.04179961309865559,14.60364809659903,0.11112398148727522,0.0088517129691353,2.9098847362906044
200,lead_time_surge,safety_only,107,1.0,93767.0,93002.0,765.0,892,0,64,0.04159059238413231,14.533771205224197,0.11146498330806642,0.008822552855351407,2.909940190796301
200,lead_time_surge,safety_only,108,1.0,94630.0,93865.0,765.0,907,0,67,0.04127095011860937,14.4464866163549,0.11206672319438983,0.0087601868393118,2.9099946133881787
200,lead_time_surge,safety_only,109,1.0,95518.0,94753.0,765.0,903,0,44,0.04049819818776366,14.188702994032784,0.11243217321377708,0.008723730504467035,2.9100480326039513
200,lead_time_surge,safety_only,110,1.0,96356.0,95591.0,765.0,876,0,80,0.0401443331676603,14.06378495872558,0.11269925086992841,0.008703481647245923,2.9101004759386595
200,lead_time_surge,safety_only,111,1.0,97219.0,96454.0,765.0,905,0,65,0.03986824859782593,13.98981244139264,0.11301520843337885,0.008664883073049209,2.9101519698918565
200,lead_time_surge,safety_only,112,1.0,98111.0,97346.0,765.0,907,0,51,0.03963090817069793,13.913294005701516,0.1134111836563513,0.00863028153959563,2.9102025400122744
200,lead_time_surge,safety_only,113,1.0,98971.0,98206.0,765.0,912,0,73,0.03935558197483039,13.844248444806267,0.11513365656002353,0.008484065816100367,2.9102522109400577
200,lead_time_surge,safety_only,114,1.0,99890.0,99125.0,765.0,928,0,36,0.03896948612545869,13.72300062053063,0.11619887609165022,0.008397224399952948,2.910301006446827
200,lead_time_surge,safety_only,115,1.0,100769.0,100004.0,765.0,910,0,61,0.03875265914421662,13.663215311112738,0.11604891669438831,0.008397740334058837,2.9103489494735855
200,lead_time_surge,safety_only,116,1.0,101665.0,100900.0,765.0,921,0,45,0.03844449812819572,13.580880678690201,0.11614432766101086,0.00837444749222969,2.9103960621667206
200,lead_time_surge,safety_only,117,1.0,102554.0,101789.0,765.0,903,0,49,0.03819614625379198,13.4967330399209,0.11688882940242226,0.008318765401065653,2.9104423659120697
200,lead_time_surge,safety_only,118,1.0,103422.0,102657.0,765.0,911,0,69,0.038079243492011826,13.469987146499214,0.11774096086168523,0.008249502519277203,2.910487881367323
200,lead_time_surge,safety_only,119,1.0,104347.0,103582.0,765.0,941,0,29,0.03783367910418393,13.423464610208669,0.11785320286465406,0.008216750345861891,2.9105326284927378
200,lead_time_surge,flex_only,0,1.0,881.0,881.0,0.0,881,0,93,,,,,
200,lead_time_surge,flex_only,1,1.0,1715.0,1715.0,0.0,838,0,111,,,,,
200,lead_time_surge,flex_only,2,1.0,2546.0,2546.0,0.0,859,0,88,1.8866671115566909,0.73430753902358,,,2.569314641744549
200,lead_time_surge,flex_only,3,1.0,3379.0,3379.0,0.0,855,0,83,3.0892424756762207,1.1593890087996015,,,2.664543524416136
200,lead_time_surge,flex_only,4,1.0,4190.0,4190.0,0.0,857,0,103,0.3679693250344745,1.5534525061338937,2.1363424848766863,0.040514049226747985,2.7367624810892592
200,lead_time_surge,flex_only,5,1.0,5066.0,5066.0,0.0,922,0,64,0.42853077478148754,1.6833406593406595,2.983360522022838,0.030730533683289585,2.7767332549941246
200,lead_time_surge,flex_only,6,1.0,5968.0,5968.0,0.0,927,0,56,0.42494276838654665,1.819910589177287,2.614937115629674,0.03186643218848656,2.8021133525456294
200,lead_time_surge,flex_only,7,1.0,6863.0,6863.0,0.0,926,0,49,0.4056713955831607,1.646362780691139,2.8595018321814556,0.030560602128211784,2.81965881397238
200,lead_time_surge,flex_only,8,1.0,7760.0,7760.0,0.0,905,0,52,0.3921705691767547,1.6206492452849086,2.7565752235764682,0.030991622405957403,2.8325123152709373
200,lead_time_surge,flex_only,9,1.0,8624.0,8624.0,0.0,910,0,63,0.3662649440007694,1.504998583397418,2.7376943005181347,0.03127513603028152,2.8423339540657975
200,lead_time_surge,flex_only,10,1.0,9517.0,9517.0,0.0,901,0,50,0.34137256691697093,1.5642220653014558,2.484249974678416,0.0308231744607983,2.850083287062741
200,lead_time_surge,flex_only,11,1.0,10354.0,10354.0,0.0,890,0,85,0.3318362888548763,1.4824231298760897,2.9348696933419287,0.02670243726417684,2.8563535911602207
200,lead_time_surge,flex_only,12,1.0,11205.0,11205.0,0.0,863,0,102,0.32860842910411836,1.4473837618348846,3.0097708259073666,0.026361071441011533,2.8615314076111873
200,lead_time_surge,flex_only,13,1.0,12036.0,12036.0,0.0,844,0,100,0.32205012844714304,1.4007340211896686,3.0559494451294698,0.026252080496292938,2.865879375790805
200,lead_time_surge,flex_only,14,1.0,12849.0,12849.0,0.0,823,0,101,0.29845805630803984,1.5079255685733979,2.643655130540376,0.026090351622608567,2.869582194455291
200,lead_time_surge,flex_only,15,1.0,13642.0,13642.0,0.0,809,0,98,0.24639593116383998,2.1816490822519286,1.5273058252427185,0.025740752357652177,2.872773536895674
200,lead_time_surge,flex_only,16,1.0,14429.0,14429.0,0.0,787,0,84,0.20719151077950845,3.3312856873029473,0.870009175247222,0.02486079082063108,2.875552533151988
200,lead_time_surge,flex_only,17,0.9857904085257548,15207.0,15167.0,40.0,748,8,97,0.17911396699275195,5.537049614352079,0.45652363061103424,0.024620555825074497,2.877994251038008
200,lead_time_surge,flex_only,18,0.9812925170068028,15979.0,15904.0,75.0,747,7,86,0.16630986781240595,9.291993161419006,0.2547416920472387,0.024394561107088264,2.8801565793435713
200,lead_time_surge,flex_only,19,0.971900826446281,16763.0,16653.0,110.0,749,7,73,0.1604478791735073,14.427532280467101,0.16229554824357864,0.023775439425021024,2.8820848761036753
200,lead_time_surge,flex_only,20,0.9561128526645768,17574.0,17409.0,165.0,772,11,44,0.15430880298610297,19.059218069679783,0.11950921588173653,0.023491827432836232,2.8838151850851137
200,lead_time_surge,flex_only,21,0.9464831804281345,18355.0,18140.0,215.0,764,10,76,0.15117488550136174,23.653709529381267,0.09458146890591661,0.023419188520566566,2.8853765098946282
200,lead_time_surge,flex_only,22,0.9605839416058394,19209.0,18859.0,350.0,769,27,82,0.14558466999435207,25.040046946630184,0.09137604621635957,0.022041065434413018,2.886792452830188
200,lead_time_surge,flex_only,23,0.9621318373071529,20056.0,19606.0,450.0,790,20,76,0.14433931380503592,28.60302892737272,0.0827637772886675,0.021111676634007717,2.88808241629595
200,lead_time_surge,flex_only,24,0.9638069705093834,20848.0,20348.0,500.0,787,10,91,0.13995276153161829,30.011604481503642,0.07897276925124339,0.020437505664157703,2.8892624971979375
200,lead_time_surge,flex_only,25,0.9714285714285714,21711.0,21101.0,610.0,805,22,96,0.13741862417737682,30.69197500707105,0.07885889475560783,0.019643560789435167,2.8903461621156743
200,lead_time_surge,flex_only,26,0.973651191969887,22570.0,21885.0,685.0,826,15,89,0.13690385492082657,31.58553660274362,0.07889666096933652,0.019000669948929433,2.8913447634786213
200,lead_time_surge,flex_only,27,0.9819494584837545,23422.0,22662.0,760.0,825,15,98,0.1330688817031683,31.127387644690067,0.08198260383316625,0.018029081493957672,2.892267938779568
200,lead_time_surge,flex_only,28,0.9953161592505855,24223.0,23458.0,765.0,845,1,93,0.13228028352962865,31.1948094792984,0.08352422331453163,0.017548229165925407,2.893123922620187
200,lead_time_surge,flex_only,29,1.0,25044.0,24279.0,765.0,860,0,88,0.13080908410703232,31.11982843159351,0.08319354051548208,0.017459210995008002,2.8939197930142297
200,lead_time_surge,flex_only,30,1.0,25857.0,25092.0,765.0,872,0,101,0.12596997569341492,30.12612692821695,0.087887231102165,0.016436152108666724,2.8946616675593653
200,lead_time_surge,flex_only,31,1.0,26737.0,25972.0,765.0,912,0,60,0.12185689326190212,29.44017352529425,0.08731859887299241,0.016371978980069153,2.895354860991193
200,lead_time_surge,flex_only,32,1.0,27591.0,26826.0,765.0,886,0,84,0.11896262934652298,28.95119951785991,0.08775701103481198,0.016168249784120348,2.896004012706906
200,lead_time_surge,flex_only,33,1.0,28444.0,27679.0,765.0,903,0,81,0.11387549914351555,28.170959062079564,0.08906411925703507,0.015668787094161894,2.896613190730838
200,lead_time_surge,flex_only,34,1.0,29342.0,28577.0,765.0,918,0,53,0.10882141632260828,27.32045097743515,0.08786481799247804,0.015647145529791934,2.897185977047635
200,lead_time_surge,flex_only,35,1.0,30211.0,29446.0,765.0,912,0,68,0.1055153198077756,26.99521744621181,0.08676382208302189,0.015546504829421676,2.8977255380857874
200,lead_time_surge,flex_only,36,1.0,31109.0,30344.0,765.0,921,0,52,0.10327187362568858,26.789936259825396,0.08753400050898331,0.015194977085070206,2.8982346832814123
200,lead_time_surge,flex_only,37,1.0,32011.0,31246.0,765.0,923,0,49,0.1020717940285416,26.835568104154962,0.0865211725309711,0.015165855134345227,2.8987159140095238
200,lead_time_surge,flex_only,38,1.0,32897.0,32132.0,765.0,916,0,50,0.09880422561163227,26.410350180739357,0.08562003058111194,0.015071347343597816,2.8991714646819267
200,lead_time_surge,flex_only,39,1.0,33782.0,33017.0,765.0,895,0,52,0.0969196207242176,26.068248536501383,0.08661067363735539,0.014804367098548555,2.8996033374367403
200,lead_time_surge,flex_only,40,1.0,34644.0,33879.0,765.0,909,0,68,0.09596092851380149,26.181776641654288,0.08677241037043475,0.01456510675423503,2.900013331555793
200,lead_time_surge,flex_only,41,1.0,35550.0,34785.0,765.0,922,0,37,0.0928108538405132,25.66100298781709,0.08608821512501638,0.014485152816209592,2.9004030685216495
200,lead_time_surge,flex_only,42,1.0,36407.0,35642.0,765.0,885,0,67,0.09048721185021441,25.15742528718509,0.08634990672546777,0.014359696010228821,2.9007740134500697
200,lead_time_surge,flex_only,43,1.0,37253.0,36488.0,765.0,892,0,70,0.08775941229369782,24.663025170066827,0.0867383044793019,0.014140657934904275,2.901127493495229
200,lead_time_surge,flex_only,44,1.0,38123.0,37358.0,765.0,882,0,61,0.08592365829465186,24.199847604525747,0.08792287357354894,0.013918132330501517,2.901464713715046
200,lead_time_surge,flex_only,45,1.0,38947.0,38182.0,765.0,889,0,89,0.08445897639685428,24.028901007542114,0.0912072374364593,0.013280581989532712,2.9017867707963565
200,lead_time_surge,flex_only,46,1.0,39837.0,39072.0,765.0,905,0,53,0.08257255984216962,23.602868773317468,0.09212844492077897,0.013084756384145389,2.9020946649693324
200,lead_time_surge,flex_only,47,1.0,40703.0,39938.0,765.0,912,0,76,0.08167681706642181,23.506197917834427,0.09291529267473471,0.01288467746071395,2.902389310383876
200,lead_time_surge,flex_only,48,1.0,41608.0,40843.0,765.0,934,0,43,0.07899065722242067,23.024642837423247,0.09256435999706278,0.012768536641181747,2.902671544174703
200,lead_time_surge,flex_only,49,1.0,42499.0,41734.0,765.0,904,0,60,0.07797768835863852,22.77335521816441,0.0937338216046853,0.012583708033150356,2.902942134404518
200,lead_time_surge,flex_only,50,1.0,43383.0,42618.0,765.0,928,0,54,0.07687368362961958,22.748808625222903,0.09310253206921483,0.012502023758235673,2.9032017870439315
200,lead_time_surge,flex_only,51,1.0,44301.0,43536.0,765.0,918,0,40,0.0761055551683237,22.584940329875067,0.09554607256013677,0.012147028404876572,2.9034511521217814
200,lead_time_surge,flex_only,52,1.0,45169.0,44404.0,765.0,917,0,62,0.07504401528238662,22.51589056487247,0.095692727155869,0.011994927555919776,2.9036908291585704
200,lead_time_surge,flex_only,53,1.0,46091.0,45326.0,765.0,925,0,37,0.07440953526810368,22.415498740532904,0.09743683198532753,0.01173200333469047,2.903921371978738
200,lead_time_surge,flex_only,54,1.0,46964.0,46199.0,765.0,914,0,58,0.0729763935948247,22.181597113705163,0.09714932498477792,0.011660891540833492,2.904143292982975
200,lead_time_surge,flex_only,55,1.0,47868.0,47103.0,765.0,916,0,45,0.07239604631277104,22.09396612083568,0.09802868242543405,0.011509010644862604,2.904357066950054
200,lead_time_surge,flex_only,56,1.0,48743.0,47978.0,765.0,910,0,55,0.07109540797768672,21.852417319424177,0.09803684950403219,0.011425412739134604,2.904563134427473
200,lead_time_surge,flex_only,57,1.0,49627.0,48862.0,765.0,905,0,54,0.07031444850930275,21.69169418773972,0.09815280096268734,0.01136940832148793,2.904761904761907
200,lead_time_surge,flex_only,58,1.0,50502.0,49737.0,765.0,905,0,55,0.06918359835108377,21.453029150266698,0.09834232245469443,0.011288463672158895,2.9049537588132943
200,lead_time_surge,flex_only,59,1.0,51368.0,50603.0,765.0,896,0,64,0.06807963186880016,21.169823768463445,0.09797567065125205,0.011298343824826602,2.9051390513905138
200,lead_time_surge,flex_only,60,1.0,52238.0,51473.0,765.0,902,0,61,0.06723138919378914,20.987193764453895,0.097544458066374,0.011303720773871696,2.905318113441289
200,lead_time_surge,flex_only,61,1.0,53118.0,52353.0,765.0,911,0,59,0.06638676393277192,20.80531829785411,0.09733040109864687,0.011283375705588702,2.9054912540248887
200,lead_time_surge,flex_only,62,1.0,53994.0,53229.0,765.0,906,0,58,0.06515412980465725,20.495883379013726,0.09765729663429064,0.011202784961991953,2.905658762092288
200,lead_time_surge,flex_only,63,1.0,54855.0,54090.0,765.0,891,0,64,0.06354139676304701,20.036286204433644,0.09745295636738294,0.011198907763235249,2.9058209080953583
200,lead_time_surge,flex_only,64,1.0,55716.0,54951.0,765.0,894,0,70,0.06306325658520102,19.920088064499392,0.09775669344623553,0.01114413392272662,2.905977945443995
200,lead_time_surge,flex_only,65,1.0,56599.0,55834.0,765.0,915,0,54,0.06229285967324372,19.774779406235794,0.09721797519832688,0.011149746539472687,2.9061301118276055
200,lead_time_surge,flex_only,66,1.0,57485.0,56720.0,765.0,911,0,57,0.06162009556483421,19.611331627394254,0.09718859319963301,0.011124048890158257,2.90627763041556
200,lead_time_surge,flex_only,67,1.0,58370.0,57605.0,765.0,917,0,57,0.06100474970273414,19.49180546591868,0.09677101875866724,0.011127760977641692,2.9064207109492526
200,lead_time_surge,flex_only,68,1.0,59276.0,58511.0,765.0,927,0,43,0.06049659693178112,19.415391045063405,0.09696729891031727,0.01105554813049463,2.906559550737071
200,lead_time_surge,flex_only,69,1.0,60162.0,59397.0,765.0,910,0,52,0.059397831571552644,19.118849761674397,0.09673673529192339,0.011048874464307188,2.9066943355622166
200,lead_time_surge,flex_only,70,1.0,61048.0,60283.0,765.0,913,0,56,0.0590887877475819,19.074259776629095,0.09643044986611582,0.011051577451769176,2.9068252405120827
200,lead_time_surge,flex_only,71,1.0,61953.0,61188.0,765.0,930,0,44,0.05872996602070091,19.051823094375948,0.0960823444437322,0.01103676239245538,2.90695243073706
200,lead_time_surge,flex_only,72,1.0,62854.0,62089.0,765.0,922,0,47,0.05818368706657954,18.937509783507625,0.09623250779931349,0.0109824736509867,2.9070760621456433
200,lead_time_surge,flex_only,73,1.0,63743.0,62978.0,765.0,915,0,45,0.05710808133874204,18.672435737500955,0.09632272428537623,0.010921781509282946,2.907196282041972
200,lead_time_surge,flex_only,74,1.0,64626.0,63861.0,765.0,899,0,56,0.0566743163008931,18.56342348522823,0.0969728539958841,0.010828946680585677,2.9073132297113387
200,lead_time_surge,flex_only,75,1.0,65487.0,64722.0,765.0,909,0,65,0.05606491846755623,18.45416111613907,0.10043635073112833,0.010403923199202627,2.9074270369585182
200,lead_time_surge,flex_only,76,1.0,66384.0,65619.0,765.0,908,0,44,0.05522282996263257,18.203727741098955,0.10147742461435345,0.01028166659288822,2.907537828603305
200,lead_time_surge,flex_only,77,1.0,67242.0,66477.0,765.0,898,0,72,0.054745813594271005,18.075200339416302,0.10172535577611756,0.010239932356913622,2.9076457229371697
200,lead_time_surge,flex_only,78,1.0,68142.0,67377.0,765.0,932,0,49,0.054324847030935375,18.020481594243012,0.10126841937542584,0.010237664632067964,2.9077508321445547
200,lead_time_surge,flex_only,79,1.0,69061.0,68296.0,765.0,928,0,40,0.05383745510939712,17.887621773885158,0.10215266028879413,0.010132339917760488,2.907853262691974
200,lead_time_surge,flex_only,80,1.0,69934.0,69169.0,765.0,919,0,64,0.05320990581168288,17.760095444062053,0.10247859279202005,0.010053716657865476,2.9079531156877025
200,lead_time_surge,flex_only,81,1.0,70858.0,70093.0,765.0,930,0,34,0.052740382043307145,17.63821083620572,0.1037670565677906,0.00990894235481702,2.9080504872147013
200,lead_time_surge,flex_only,82,1.0,71727.0,70962.0,765.0,901,0,56,0.051534291993915946,17.28007966666911,0.10365702251378629,0.009893175584330335,2.908145468638979
200,lead_time_surge,flex_only,83,1.0,72603.0,71838.0,765.0,896,0,61,0.051198768915473224,17.17964858611587,0.10374747628040004,0.009877288401153268,2.908238146895538
200,lead_time_surge,flex_only,84,1.0,73471.0,72706.0,765.0,905,0,55,0.050421076496369246,16.981570899531825,0.103986529287268,0.009817788973649525,2.9083286047538004
200,lead_time_surge,flex_only,85,1.0,74340.0,73575.0,765.0,892,0,65,0.05004145966847913,16.856337775351196,0.10403228407248374,0.009811647736822249,2.908416921064109
200,lead_time_surge,flex_only,86,1.0,75198.0,74433.0,765.0,906,0,70,0.04959688720327233,16.753734101235583,0.10513691703306974,0.00968095100535754,2.9085031709870055
200,lead_time_surge,flex_only,87,1.0,76102.0,75337.0,765.0,919,0,46,0.049254376138317464,16.66449796849247,0.10557436699273447,0.009625249135757935,2.9085874262065636
200,lead_time_surge,flex_only,88,1.0,76972.0,76207.0,765.0,911,0,63,0.048713327857103576,16.525223990497032,0.1061387564002423,0.0095484314543994,2.9086697551290532
200,lead_time_surge,flex_only,89,1.0,77866.0,77101.0,765.0,908,0,47,0.048091568808153976,16.33051495877923,0.1065887741599763,0.009498415589313395,2.9087502230682296
200,lead_time_surge,flex_only,90,1.0,78727.0,77962.0,765.0,894,0,66,0.04765561258131041,16.19713030344177,0.1069682803630692,0.009455898266484662,2.908828892418091
200,lead_time_surge,flex_only,91,1.0,79605.0,78840.0,765.0,908,0,57,0.047244678877276645,16.08498350088453,0.10675876369462634,0.009457995103128908,2.9089058228142624
200,lead_time_surge,flex_only,92,1.0,80485.0,79720.0,765.0,908,0,55,0.04682422406364513,15.96921200479449,0.10663349985051813,0.00945262749806504,2.908981071284737
200,lead_time_surge,flex_only,93,1.0,81367.0,80602.0,765.0,911,0,58,0.04655496302932494,15.89848124958056,0.10658558232906931,0.009444087417647032,2.909054692390872
200,lead_time_surge,flex_only,94,1.0,82266.0,81501.0,765.0,930,0,52,0.04627818929227489,15.84423481619433,0.1066205138414659,0.009416763747399845,2.909126738359327
200,lead_time_surge,flex_only,95,1.0,83176.0,82411.0,765.0,927,0,36,0.04563861057239986,15.670117496936278,0.10677304187469529,0.009376167906771309,2.9091972592056132
200,lead_time_surge,flex_only,96,1.0,84055.0,83290.0,765.0,901,0,59,0.045353753750290646,15.577659316501974,0.10708342422968962,0.009345559550458276,2.9092663028498973
200,lead_time_surge,flex_only,97,1.0,84933.0,84168.0,765.0,913,0,53,0.04492184195667922,15.474810089174499,0.10691425052060803,0.00933260880866471,2.909333915225574
200,lead_time_surge,flex_only,98,1.0,85816.0,85051.0,765.0,894,0,53,0.04453668285167096,15.342124311842667,0.10770120910505704,0.009264208812583715,2.9094001403811887
200,lead_time_surge,flex_only,99,1.0,86661.0,85896.0,765.0,898,0,75,0.044235891064169836,15.275505959902283,0.10910002088502192,0.009123074092663434,2.909465020576132
200,lead_time_surge,flex_only,100,1.0,87569.0,86804.0,765.0,925,0,47,0.04404213547644706,15.22376691036391,0.11009234989012566,0.009031636933241974,2.9095285963705604
200,lead_time_surge,flex_only,101,1.0,88458.0,87693.0,765.0,923,0,49,0.04345803865768642,15.073847633142528,0.10993078496858927,0.009013526521877528,2.9095909067099694
200,lead_time_surge,flex_only,102,1.0,89350.0,88585.0,765.0,907,0,54,0.043162371452654134,14.974834178349768,0.11095959421963635,0.008927654363642562,2.90965198900472
200,lead_time_surge,flex_only,103,1.0,90235.0,89470.0,765.0,919,0,53,0.04292254720006637,14.928851322077705,0.11111783925613856,0.008892529593668139,2.909711879204972
200,lead_time_surge,flex_only,104,1.0,91138.0,90373.0,765.0,921,0,44,0.04269577642010399,14.87105180710143,0.11125736318420629,0.008868613180456729,2.9097706118712154
200,lead_time_surge,flex_only,105,1.0,92023.0,91258.0,765.0,912,0,52,0.04230269587737587,14.756020917266012,0.11127984370915418,0.008853498630020435,2.9098282202407955
200,lead_time_surge,flex_only,106,1.0,92901.0,92136.0,765.0,903,0,51,0.04179961309865559,14.60364809659903,0.11112398148727522,0.0088517129691353,2.9098847362906044
200,lead_time_surge,flex_only,107,1.0,93767.0,93002.0,765.0,892,0,64,0.04159059238413231,14.533771205224197,0.11146498330806642,0.008822552855351407,2.909940190796301
200,lead_time_surge,flex_only,108,1.0,94630.0,93865.0,765.0,907,0,67,0.04127095011860937,14.4464866163549,0.11206672319438983,0.0087601868393118,2.9099946133881787
200,lead_time_surge,flex_only,109,1.0,95518.0,94753.0,765.0,903,0,44,0.04049819818776366,14.188702994032784,0.11243217321377708,0.008723730504467035,2.9100480326039513
200,lead_time_surge,flex_only,110,1.0,96356.0,95591.0,765.0,876,0,80,0.0401443331676603,14.06378495872558,0.11269925086992841,0.008703481647245923,2.9101004759386595
200,lead_time_surge,flex_only,111,1.0,97219.0,96454.0,765.0,905,0,65,0.03986824859782593,13.98981244139264,0.11301520843337885,0.008664883073049209,2.9101519698918565
200,lead_time_surge,flex_only,112,1.0,98111.0,97346.0,765.0,907,0,51,0.03963090817069793,13.913294005701516,0.1134111836563513,0.00863028153959563,2.9102025400122744
200,lead_time_surge,flex_only,113,1.0,98971.0,98206.0,765.0,912,0,73,0.03935558197483039,13.844248444806267,0.11513365656002353,0.008484065816100367,2.9102522109400577
200,lead_time_surge,flex_only,114,1.0,99890.0,99125.0,765.0,928,0,36,0.03896948612545869,13.72300062053063,0.11619887609165022,0.008397224399952948,2.910301006446827
200,lead_time_surge,flex_only,115,1.0,100769.0,100004.0,765.0,910,0,61,0.03875265914421662,13.663215311112738,0.11604891669438831,0.008397740334058837,2.9103489494735855
200,lead_time_surge,flex_only,116,1.0,101665.0,100900.0,765.0,921,0,45,0.03844449812819572,13.580880678690201,0.11614432766101086,0.00837444749222969,2.9103960621667206
200,lead_time_surge,flex_only,117,1.0,102554.0,101789.0,765.0,903,0,49,0.03819614625379198,13.4967330399209,0.11688882940242226,0.008318765401065653,2.9104423659120697
200,lead_time_surge,flex_only,118,1.0,103422.0,102657.0,765.0,911,0,69,0.038079243492011826,13.469987146499214,0.11774096086168523,0.008249502519277203,2.910487881367323
200,lead_time_surge,flex_only,119,1.0,104347.0,103582.0,765.0,941,0,29,0.03783367910418393,13.423464610208669,0.11785320286465406,0.008216750345861891,2.9105326284927378
200,lead_time_surge,dynalloc_only,0,1.0,881.0,881.0,0.0,881,0,93,,,,,
200,lead_time_surge,dynalloc_only,1,1.0,1715.0,1715.0,0.0,838,0,111,,,,,
200,lead_time_surge,dynalloc_only,2,1.0,2546.0,2546.0,0.0,859,0,88,1.8866671115566909,0.73430753902358,,,2.569314641744549
200,lead_time_surge,dynalloc_only,3,1.0,3379.0,3379.0,0.0,855,0,83,3.0892424756762207,1.1593890087996015,,,2.664543524416136
200,lead_time_surge,dynalloc_only,4,1.0,4190.0,4190.0,0.0,857,0,103,0.3679693250344745,1.5534525061338937,2.1363424848766863,0.040514049226747985,2.7367624810892592
200,lead_time_surge,dynalloc_only,5,1.0,5066.0,5066.0,0.0,922,0,64,0.42853077478148754,1.6833406593406595,2.983360522022838,0.030730533683289585,2.7767332549941246
200,lead_time_surge,dynalloc_only,6,1.0,5968.0,5968.0,0.0,927,0,56,0.42494276838654665,1.819910589177287,2.614937115629674,0.03186643218848656,2.8021133525456294
200,lead_time_surge,dynalloc_only,7,1.0,6863.0,6863.0,0.0,926,0,49,0.4056713955831607,1.646362780691139,2.8595018321814556,0.030560602128211784,2.81965881397238
200,lead_time_surge,dynalloc_only,8,1.0,7760.0,7760.0,0.0,905,0,52,0.3921705691767547,1.6206492452849086,2.7565752235764682,0.030991622405957403,2.8325123152709373
200,lead_time_surge,dynalloc_only,9,1.0,8624.0,8624.0,0.0,910,0,63,0.3662649440007694,1.504998583397418,2.7376943005181347,0.03127513603028152,2.8423339540657975
200,lead_time_surge,dynalloc_only,10,1.0,9517.0,9517.0,0.0,901,0,50,0.34137256691697093,1.5642220653014558,2.484249974678416,0.0308231744607983,2.850083287062741
200,lead_time_surge,dynalloc_only,11,1.0,10354.0,10354.0,0.0,890,0,85,0.3318362888548763,1.4824231298760897,2.9348696933419287,0.02670243726417684,2.8563535911602207
200,lead_time_surge,dynalloc_only,12,1.0,11205.0,11205.0,0.0,863,0,102,0.32860842910411836,1.4473837618348846,3.0097708259073666,0.026361071441011533,2.8615314076111873
200,lead_time_surge,dynalloc_only,13,1.0,12034.0,12034.0,0.0,842,0,102,0.32205012844714304,1.4007340211896686,3.0559494451294698,0.026252080496292938,2.865879375790805
200,lead_time_surge,dynalloc_only,14,1.0,12845.0,12845.0,0.0,824,0,103,0.3144693912332204,1.516976797610843,2.744773533012193,0.026319295217464324,2.869582194455291
200,lead_time_surge,dynalloc_only,15,1.0,13637.0,13637.0,0.0,808,0,102,0.2655782597163043,2.2478576892360467,1.5847170252572498,0.02595198566421588,2.872773536895674
200,lead_time_surge,dynalloc_only,16,0.9961464354527938,14436.0,14426.0,10.0,790,2,87,0.24681099520385025,3.3638426780187998,1.0153748460591134,0.02512934220251293,2.875552533151988
200,lead_time_surge,dynalloc_only,17,0.9733570159857904,15188.0,15168.0,20.0,757,2,104,0.23248858353167892,5.6257523406840635,0.5716483555348966,0.025118988169681323,2.877994251038008
200,lead_time_surge,dynalloc_only,18,0.967687074829932,15952.0,15922.0,30.0,766,2,86,0.21733727738033579,8.579320416013678,0.35380368881230456,0.02486010044070924,2.8801565793435713
200,lead_time_surge,dynalloc_only,19,0.9520661157024793,16747.0,16687.0,60.0,765,6,80,0.19426495331523308,12.269635269303974,0.22730613024337515,0.024168232501097016,2.8820848761036753
200,lead_time_surge,dynalloc_only,20,0.9341692789968652,17682.0,17457.0,225.0,793,33,55,0.19008002582363856,16.197213708136303,0.17059213602144893,0.023854468168407514,2.8838151850851137
200,lead_time_surge,dynalloc_only,21,0.9541284403669725,18556.0,18191.0,365.0,767,28,86,0.17850111776721742,21.16268820895836,0.12277493932528828,0.023809917273427357,2.8853765098946282
200,lead_time_surge,dynalloc_only,22,0.997080291970803,19261.0,18886.0,375.0,759,2,99,0.1680364586704046,22.763480766432522,0.12657589782891854,0.020202181643824674,2.886792452830188
200,lead_time_surge,dynalloc_only,23,0.9803646563814866,20055.0,19650.0,405.0,809,6,78,0.16593677608057997,25.327369744959853,0.12595138914208623,0.018011090706783788,2.88808241629595
200,lead_time_surge,dynalloc_only,24,0.9718498659517426,20876.0,20401.0,475.0,797,14,110,0.16484291126318557,26.849366803717384,0.12309750027758849,0.017262353009326305,2.8892624971979375
200,lead_time_surge,dynalloc_only,25,0.9792207792207792,21668.0,21158.0,510.0,833,7,121,0.1685068009676265,28.032393098660354,0.13788213945409653,0.01508340479681319,2.8903461621156743
200,lead_time_surge,dynalloc_only,26,0.9761606022584692,22523.0,21993.0,530.0,884,4,95,0.16734308806234632,28.238383482803222,0.15247262797755803,0.01344238041168766,2.8913447634786213
200,lead_time_surge,dynalloc_only,27,1.0,23346.0,22816.0,530.0,857,0,103,0.16162975099813828,27.397234967385682,0.15819321193074926,0.012894015920384486,2.892267938779568
200,lead_time_surge,dynalloc_only,28,1.0,24198.0,23668.0,530.0,927,0,85,0.15897841967234164,27.28733118753463,0.171490645784749,0.011742745307187554,2.893123922620187
200,lead_time_surge,dynalloc_only,29,1.0,25137.0,24607.0,530.0,943,0,48,0.15625247339516637,27.047382650235043,0.1733324317335328,0.011516893092112662,2.8939197930142297
200,lead_time_surge,dynalloc_only,30,1.0,26038.0,25508.0,530.0,938,0,56,0.1493687495794305,26.39086011483283,0.1756909910738934,0.011129070611564635,2.8946616675593653
200,lead_time_surge,dynalloc_only,31,1.0,26959.0,26429.0,530.0,933,0,40,0.14370245520837663,25.746397276136815,0.17467825639703224,0.011035882665019241,2.895354860991193
200,lead_time_surge,dynalloc_only,32,1.0,27850.0,27320.0,530.0,907,0,48,0.13920177580353876,25.18194307636476,0.1744169864178677,0.01094378620010094,2.896004012706906
200,lead_time_surge,dynalloc_only,33,1.0,28705.0,28175.0,530.0,893,0,64,0.1329620697888676,24.41114501249279,0.17178969369572122,0.01094591337989968,2.896613190730838
200,lead_time_surge,dynalloc_only,34,1.0,29556.0,29026.0,530.0,883,0,73,0.12721313214090657,23.460709046165906,0.17607969120966258,0.010629312359464016,2.897185977047635
200,lead_time_surge,dynalloc_only,35,1.0,30417.0,29887.0,530.0,899,0,61,0.12317764957702382,22.977173431536325,0.1747697917360636,0.01058550772655852,2.8977255380857874
200,lead_time_surge,dynalloc_only,36,1.0,31275.0,30745.0,530.0,883,0,72,0.12066832054026568,22.545476725593602,0.17603000542680566,0.010490920443311307,2.8982346832814123
200,lead_time_surge,dynalloc_only,37,1.0,32129.0,31599.0,530.0,907,0,79,0.11914926362879463,22.480865279344854,0.17689279406453431,0.01033623900646365,2.8987159140095238
200,lead_time_surge,dynalloc_only,38,1.0,33041.0,32511.0,530.0,928,0,38,0.11519372676241675,21.98079964838236,0.1757839227118379,0.010283294838710159,2.8991714646819267
200,lead_time_surge,dynalloc_only,39,1.0,33908.0,33378.0,530.0,896,0,70,0.11293447786001602,21.62542828856749,0.1751891803231176,0.01028054076054334,2.8996033374367403
200,lead_time_surge,dynalloc_only,40,1.0,34802.0,34272.0,530.0,931,0,55,0.11162161101752509,21.64042107187123,0.17610250184070403,0.01009989965920541,2.900013331555793
200,lead_time_surge,dynalloc_only,41,1.0,35725.0,35195.0,530.0,932,0,29,0.10781007327592883,21.11840051636688,0.17641815586680754,0.009976924487001151,2.9004030685216495
200,lead_time_surge,dynalloc_only,42,1.0,36584.0,36054.0,530.0,889,0,67,0.1050842826520376,20.647897762293237,0.17603528553720035,0.009966629121146004,2.9007740134500697
200,lead_time_surge,dynalloc_only,43,1.0,37447.0,36917.0,530.0,894,0,57,0.1018452520203462,20.147849230047463,0.1749356287559221,0.009960175934950402,2.901127493495229
200,lead_time_surge,dynalloc_only,44,1.0,38298.0,37768.0,530.0,872,0,69,0.09974766617900396,19.736814446518736,0.17496014654883096,0.009955641696805,2.901464713715046
200,lead_time_surge,dynalloc_only,45,1.0,39123.0,38593.0,530.0,886,0,86,0.09794658250337045,19.526791065859033,0.17862363749091306,0.009677295052568865,2.9017867707963565
200,lead_time_surge,dynalloc_only,46,1.0,40001.0,39471.0,530.0,900,0,59,0.09573756442625586,19.13923823795215,0.1804736249485096,0.009550638567449957,2.9020946649693324
200,lead_time_surge,dynalloc_only,47,1.0,40864.0,40334.0,530.0,910,0,80,0.09466430805715564,18.990065992541275,0.18275539977643165,0.009397966817761737,2.902389310383876
200,lead_time_surge,dynalloc_only,48,1.0,41771.0,41241.0,530.0,938,0,43,0.09140583543273838,18.554874414403447,0.18141385360601225,0.009355081147186646,2.902671544174703
200,lead_time_surge,dynalloc_only,49,1.0,42669.0,42139.0,530.0,907,0,57,0.09024259557445259,18.31491040897278,0.18362376771996317,0.009243565144237744,2.902942134404518
200,lead_time_surge,dynalloc_only,50,1.0,43552.0,43022.0,530.0,929,0,55,0.08882098723323394,18.24981261872438,0.18245370925711824,0.009188132868952143,2.9032017870439315
200,lead_time_surge,dynalloc_only,51,1.0,44473.0,43943.0,530.0,921,0,39,0.08792564796263996,18.08704131837188,0.18609003660440893,0.00899726271194638,2.9034511521217814
200,lead_time_surge,dynalloc_only,52,1.0,45346.0,44816.0,530.0,918,0,59,0.0866105809942099,17.98080879608214,0.1852876814242901,0.008952922173620852,2.9036908291585704
200,lead_time_surge,dynalloc_only,53,1.0,46264.0,45734.0,530.0,923,0,39,0.08585705455641944,17.866494075259343,0.1874767498690558,0.008826822161687103,2.903921371978738
200,lead_time_surge,dynalloc_only,54,1.0,47140.0,46610.0,530.0,915,0,55,0.08411708719488056,17.645091711478464,0.18642931463582635,0.008804973668472939,2.904143292982975
200,lead_time_surge,dynalloc_only,55,1.0,48040.0,47510.0,530.0,912,0,47,0.08342531965475151,17.53418859401468,0.18785262351734097,0.008720571213881496,2.904357066950054
200,lead_time_surge,dynalloc_only,56,1.0,48911.0,48381.0,530.0,910,0,57,0.08184949318300318,17.31481138159724,0.18790230762734303,0.008661344147340854,2.904563134427473
200,lead_time_surge,dynalloc_only,57,1.0,49800.0,49270.0,530.0,905,0,51,0.08093766597473023,17.151981887379858,0.1884343835972664,0.00862115940640981,2.904761904761907
200,lead_time_surge,dynalloc_only,58,1.0,50665.0,50135.0,530.0,903,0,62,0.07959833182872936,16.937542663773307,0.18848345032251373,0.008583039616637145,2.9049537588132943
200,lead_time_surge,dynalloc_only,59,1.0,51543.0,51013.0,530.0,901,0,57,0.07831876148631356,16.68967875666617,0.18830034600702317,0.008578271575775856,2.9051390513905138
200,lead_time_surge,dynalloc_only,60,1.0,52406.0,51876.0,530.0,900,0,66,0.07732605823213014,16.521461547241877,0.18802427025676408,0.00856780955997,2.905318113441289
200,lead_time_surge,dynalloc_only,61,1.0,53293.0,52763.0,530.0,915,0,55,0.07632832343196423,16.35666328591905,0.18774832241347356,0.008554514602698467,2.9054912540248887
200,lead_time_surge,dynalloc_only,62,1.0,54170.0,53640.0,530.0,905,0,57,0.07493862205219592,16.096902861031392,0.1880141037018701,0.008521741211954374,2.905658762092288
200,lead_time_surge,dynalloc_only,63,1.0,55027.0,54497.0,530.0,890,0,66,0.0730706417352261,15.718064227589583,0.1876935691479777,0.00852365033310458,2.9058209080953583
200,lead_time_surge,dynalloc_only,64,1.0,55891.0,55361.0,530.0,893,0,68,0.0725613024491698,15.615434316284599,0.18781384441684298,0.008513949801543678,2.905977945443995
200,lead_time_surge,dynalloc_only,65,1.0,56767.0,56237.0,530.0,914,0,58,0.0716397297590073,15.491455771726729,0.18726129799614696,0.008497645778455961,2.9061301118276055
200,lead_time_surge,dynalloc_only,66,1.0,57659.0,57129.0,530.0,912,0,54,0.07087366584298921,15.342926388595947,0.18813792093168036,0.008448181888966753,2.90627763041556
200,lead_time_surge,dynalloc_only,67,1.0,58537.0,58007.0,530.0,915,0,62,0.07015047234958559,15.23256140470635,0.1877324206371648,0.008440339241183275,2.9064207109492526
200,lead_time_surge,dynalloc_only,68,1.0,59449.0,58919.0,530.0,931,0,40,0.069535845991454,15.15794594846513,0.18829535190315197,0.008382036810866413,2.906559550737071
200,lead_time_surge,dynalloc_only,69,1.0,60337.0,59807.0,530.0,910,0,51,0.06825805167979317,14.906597661262222,0.18805214739974704,0.008377177098080528,2.9066943355622166
200,lead_time_surge,dynalloc_only,70,1.0,61218.0,60688.0,530.0,913,0,60,0.06789192300165624,14.862346290440353,0.18752757061256434,0.008380051427762943,2.9068252405120827
200,lead_time_surge,dynalloc_only,71,1.0,62132.0,61602.0,530.0,933,0,39,0.06744918515270708,14.82652257904597,0.18778491338836045,0.00833371762232714,2.90695243073706
200,lead_time_surge,dynalloc_only,72,1.0,63028.0,62498.0,530.0,922,0,50,0.06679074146568294,14.730697901952027,0.1881724060709153,0.00828858906600908,2.9070760621456433
200,lead_time_surge,dynalloc_only,73,1.0,63924.0,63394.0,530.0,916,0,41,0.06552882809257234,14.504094769513276,0.18942012470277853,0.008204295601707674,2.907196282041972
200,lead_time_surge,dynalloc_only,74,1.0,64800.0,64270.0,530.0,898,0,60,0.06500589502342963,14.42002006004338,0.19045730180390252,0.00814136874677884,2.9073132297113387
200,lead_time_surge,dynalloc_only,75,1.0,65667.0,65137.0,530.0,910,0,62,0.06428049460482424,14.31744208808306,0.19622342625354558,0.007869626036642412,2.9074270369585182
200,lead_time_surge,dynalloc_only,76,1.0,66560.0,66030.0,530.0,908,0,46,0.06331114884349572,14.116872383252757,0.19764679137552366,0.00780416716534954,2.907537828603305
200,lead_time_surge,dynalloc_only,77,1.0,67422.0,66892.0,530.0,899,0,70,0.062762416561468,14.005011825970627,0.19801877979236554,0.007783381316824387,2.9076457229371697
200,lead_time_surge,dynalloc_only,78,1.0,68320.0,67790.0,530.0,931,0,50,0.062253165652896944,13.952524241757565,0.19722180520197438,0.0077803034652593975,2.9077508321445547
200,lead_time_surge,dynalloc_only,79,1.0,69240.0,68710.0,530.0,929,0,39,0.06168564632090009,13.840499713337092,0.1985312738994512,0.007720242325428645,2.907853262691974
200,lead_time_surge,dynalloc_only,80,1.0,70114.0,69584.0,530.0,918,0,63,0.06094081875324601,13.728918593764092,0.19862242724068133,0.007685219390910558,2.9079531156877025
200,lead_time_surge,dynalloc_only,81,1.0,71036.0,70506.0,530.0,928,0,34,0.06039333852565676,13.624131583208575,0.20053369749741343,0.007601353063139568,2.9080504872147013
200,lead_time_surge,dynalloc_only,82,1.0,71902.0,71372.0,530.0,899,0,57,0.05900181666408776,13.337951049524378,0.20030454206324544,0.007593978103329989,2.908145468638979
200,lead_time_surge,dynalloc_only,83,1.0,72775.0,72245.0,530.0,894,0,63,0.05861837518974956,13.25804982860683,0.20037578106317847,0.007587154614787403,2.908238146895538
200,lead_time_surge,dynalloc_only,84,1.0,73642.0,73112.0,530.0,906,0,56,0.057709019161819926,13.09964163269928,0.2009430609067019,0.0075382023285067426,2.9083286047538004
200,lead_time_surge,dynalloc_only,85,1.0,74514.0,73984.0,530.0,894,0,64,0.057289688119440234,13.00135984208929,0.20109131332472088,0.0075342097432790425,2.908416921064109
200,lead_time_surge,dynalloc_only,86,1.0,75373.0,74843.0,530.0,907,0,70,0.0567717533997338,12.914811963379323,0.2026609236872603,0.007457695739384576,2.9085031709870055
200,lead_time_surge,dynalloc_only,87,1.0,76280.0,75750.0,530.0,921,0,44,0.05636763466071971,12.84145808578328,0.20342356777221976,0.007418773007009045,2.9085874262065636
200,lead_time_surge,dynalloc_only,88,1.0,77149.0,76619.0,530.0,909,0,64,0.05573394957107027,12.720677948318244,0.20429486357687474,0.007373228615910183,2.9086697551290532
200,lead_time_surge,dynalloc_only,89,1.0,78041.0,77511.0,530.0,908,0,48,0.05501637955915034,12.565507579988708,0.2047214241411153,0.007352622136323456,2.9087502230682296
200,lead_time_surge,dynalloc_only,90,1.0,78905.0,78375.0,530.0,895,0,64,0.05451919612050604,12.457058600766866,0.2054994566013227,0.00732158456754372,2.908828892418091
200,lead_time_surge,dynalloc_only,91,1.0,79780.0,79250.0,530.0,907,0,59,0.05404518033960207,12.364333121069143,0.2052709065304904,0.007320305597422168,2.9089058228142624
200,lead_time_surge,dynalloc_only,92,1.0,80663.0,80133.0,530.0,909,0,53,0.05356584958315297,12.27058379951195,0.20501688965168566,0.007319682374091784,2.908981071284737
200,lead_time_surge,dynalloc_only,93,1.0,81542.0,81012.0,530.0,910,0,60,0.05325458155840819,12.209914231105188,0.2048850364304919,0.007317828643315982,2.909054692390872
200,lead_time_surge,dynalloc_only,94,1.0,82443.0,81913.0,530.0,931,0,51,0.052930038071512246,12.162622760059119,0.2047657198998687,0.007305586293997586,2.909126738359327
200,lead_time_surge,dynalloc_only,95,1.0,83353.0,82823.0,530.0,927,0,36,0.05219399016659047,12.025092514540608,0.20489282376386966,0.007281689490487874,2.9091972592056132
200,lead_time_surge,dynalloc_only,96,1.0,84232.0,83702.0,530.0,901,0,59,0.051877821379305016,11.951759990093425,0.20540208451758218,0.007263760945281731,2.9092663028498973
200,lead_time_surge,dynalloc_only,97,1.0,85110.0,84580.0,530.0,913,0,53,0.05136943010288712,11.867282477821988,0.2050381151921317,0.007256468209111933,2.909333915225574
200,lead_time_surge,dynalloc_only,98,1.0,85993.0,85463.0,530.0,894,0,53,0.0509393162856066,11.765180642526662,0.20624372185535278,0.00721556459655844,2.9094001403811887
200,lead_time_surge,dynalloc_only,99,1.0,86838.0,86308.0,530.0,898,0,75,0.05058700074547464,11.710286998928964,0.20823773968230327,0.007130152374011366,2.909465020576132
200,lead_time_surge,dynalloc_only,100,1.0,87746.0,87216.0,530.0,925,0,47,0.05036445674853549,11.665869700474364,0.20973899939556928,0.007074654097612892,2.9095285963705604
200,lead_time_surge,dynalloc_only,101,1.0,88635.0,88105.0,530.0,923,0,49,0.04967674566634539,11.546586306416419,0.20932291923896879,0.007064002067879342,2.9095909067099694
200,lead_time_surge,dynalloc_only,102,1.0,89527.0,88997.0,530.0,907,0,54,0.04934447758119392,11.469469993406632,0.2108808137471967,0.007011599301424379,2.90965198900472
200,lead_time_surge,dynalloc_only,103,1.0,90412.0,89882.0,530.0,919,0,53,0.049067006123358,11.431418824898993,0.21102812465057014,0.006990352824775628,2.909711879204972
200,lead_time_surge,dynalloc_only,104,1.0,91315.0,90785.0,530.0,921,0,44,0.04881362077321073,11.38500130456107,0.2112239576638185,0.00697599256739177,2.9097706118712154
200,lead_time_surge,dynalloc_only,105,1.0,92200.0,91670.0,530.0,912,0,52,0.04835921243240052,11.29228778116073,0.21124219917632578,0.006967055181555863,2.9098282202407955
200,lead_time_surge,dynalloc_only,106,1.0,93078.0,92548.0,530.0,903,0,51,0.047777095066169915,11.171978564476559,0.2109638315627458,0.006966359066926883,2.9098847362906044
200,lead_time_surge,dynalloc_only,107,1.0,93944.0,93414.0,530.0,892,0,64,0.047539873374550116,11.116430640194,0.2114978547109381,0.006948685065362133,2.909940190796301
200,lead_time_surge,dynalloc_only,108,1.0,94807.0,94277.0,530.0,907,0,67,0.0471691947604949,11.045647385262463,0.2123618232795847,0.0069103279230692295,2.9099946133881787
200,lead_time_surge,dynalloc_only,109,1.0,95695.0,95165.0,530.0,903,0,44,0.04628318090232248,10.844409908636358,0.21292365591828535,0.006888001008694565,2.9100480326039513
200,lead_time_surge,dynalloc_only,110,1.0,96533.0,96003.0,530.0,876,0,80,0.0458823573845623,10.748334198731007,0.2133423402314029,0.006875741223809536,2.9101004759386595
200,lead_time_surge,dynalloc_only,111,1.0,97396.0,96866.0,530.0,905,0,65,0.04556354141345025,10.688558187420135,0.21377944682903924,0.006851990128791731,2.9101519698918565
200,lead_time_surge,dynalloc_only,112,1.0,98288.0,97758.0,530.0,907,0,51,0.04529579917289234,10.62941871760422,0.21436843343242876,0.00683068662753811,2.9102025400122744
200,lead_time_surge,dynalloc_only,113,1.0,99148.0,98618.0,530.0,912,0,73,0.04497360888529996,10.573731511155074,0.21686863043920807,0.006739103020337341,2.9102522109400577
200,lead_time_surge,dynalloc_only,114,1.0,100067.0,99537.0,530.0,928,0,36,0.04453059385450944,10.477921932208744,0.21846165083541585,0.006684519705695105,2.910301006446827
200,lead_time_surge,dynalloc_only,115,1.0,100946.0,100416.0,530.0,910,0,61,0.04428101959904569,10.43150668704839,0.2181791844111022,0.006685165968075855,2.9103489494735855
200,lead_time_surge,dynalloc_only,116,1.0,101842.0,101312.0,530.0,921,0,45,0.043921382622624336,10.36552899878552,0.2182531181351101,0.006670708773590249,2.9103960621667206
200,lead_time_surge,dynalloc_only,117,1.0,102731.0,102201.0,530.0,903,0,49,0.043641509694729436,10.29971023769466,0.21939832564256778,0.006635634346835697,2.9104423659120697
200,lead_time_surge,dynalloc_only,118,1.0,103599.0,103069.0,530.0,911,0,69,0.04350735333754101,10.27663812649348,0.22066976578423542,0.00659178405564361,2.910487881367323
200,lead_time_surge,dynalloc_only,119,1.0,104524.0,103994.0,530.0,941,0,29,0.04321156148467304,10.23892872061457,0.2206642762034283,0.0065711433011641455,2.9105326284927378
200,lead_time_surge,all_combined,0,1.0,1071.0,1071.0,0.0,1071,0,93,,,,,
200,lead_time_surge,all_combined,1,1.0,2095.0,2095.0,0.0,1028,0,113,,,,,
200,lead_time_surge,all_combined,2,1.0,3116.0,3116.0,0.0,1049,0,91,1.7888738178082233,0.73430753902358,,,2.436137071651091
200,lead_time_surge,all_combined,3,1.0,4141.0,4141.0,0.0,1047,0,82,2.9433957691552517,1.1593890087996015,,,2.5387473460721868
200,lead_time_surge,all_combined,4,1.0,5145.0,5145.0,0.0,1050,0,101,0.35449338927796037,1.5534525061338937,2.1363424848766863,0.040514049226747985,2.6365355521936458
200,lead_time_surge,all_combined,5,1.0,6212.0,6212.0,0.0,1113,0,64,0.41524686481418166,1.6833406593406595,2.983360522022838,0.030730533683289585,2.690658049353702
200,lead_time_surge,all_combined,6,1.0,7305.0,7305.0,0.0,1118,0,56,0.41325210772044435,1.819910589177287,2.614937115629674,0.03186643218848656,2.725024015369837
200,lead_time_surge,all_combined,7,1.0,8391.0,8391.0,0.0,1117,0,49,0.3954740953052492,1.646362780691139,2.8595018321814556,0.030560602128211784,2.7487814784727864
200,lead_time_surge,all_combined,8,1.0,9479.0,9479.0,0.0,1096,0,52,0.3829874446687026,1.6206492452849086,2.7565752235764682,0.030991622405957403,2.7661857846586915
200,lead_time_surge,all_combined,9,1.0,10534.0,10534.0,0.0,1101,0,63,0.3581661613888286,1.504998583397418,2.7376943005181347,0.03127513603028152,2.779484792054626
200,lead_time_surge,all_combined,10,1.0,11618.0,11618.0,0.0,1092,0,50,0.33417335001286796,1.5642220653014558,2.484249974678416,0.0308231744607983,2.7899777901166023
200,lead_time_surge,all_combined,11,1.0,12646.0,12646.0,0.0,1081,0,85,0.3251114546205658,1.4824231298760897,2.9348696933419287,0.02670243726417684,2.798468106479157
200,lead_time_surge,all_combined,12,1.0,13688.0,13688.0,0.0,1054,0,102,0.32217157916693223,1.4473837618348846,3.0097708259073666,0.026361071441011533,2.8054791380100865
200,lead_time_surge,all_combined,13,1.0,14699.0,14699.0,0.0,1024,0,111,0.31592430370810054,1.4007340211896686,3.0559494451294698,0.026252080496292938,2.811366512020244
200,lead_time_surge,all_combined,14,1.0,15688.0,15688.0,0.0,1013,0,116,0.308162988739329,1.3443448962401412,3.07295491590392,0.026486360456982976,2.816380320187427
200,lead_time_surge,all_combined,15,1.0,16671.0,16671.0,0.0,999,0,113,0.28202790364356844,1.5061918930849612,2.545297670405522,0.026080508474576273,2.8207015630679755
200,lead_time_surge,all_combined,16,1.0,17635.0,17635.0,0.0,979,0,112,0.2785136838603938,1.8547488630915192,2.031664411366712,0.026168168968222248,2.8244644678680726
200,lead_time_surge,all_combined,17,1.0,18564.0,18564.0,0.0,958,0,118,0.28469036481744897,2.6890786188296945,1.4152022131471478,0.026454927951744422,2.8277706802938356
200,lead_time_surge,all_combined,18,1.0,19512.0,19512.0,0.0,963,0,103,0.2463195470838016,4.802535973785439,0.6964138450322103,0.026017599636165498,2.8306985847636255
200,lead_time_surge,all_combined,19,0.9983471074380166,20459.0,20454.0,5.0,956,1,108,0.23371372533678453,7.538297237512219,0.4210573683638536,0.025988167398642514,2.8333095984050125
200,lead_time_surge,all_combined,20,0.987460815047022,21432.0,21422.0,10.0,1003,1,70,0.2765068279358189,12.15581651541154,0.30988094342461636,0.025886530203480872,2.835652526344232
200,lead_time_surge,all_combined,21,0.9847094801223242,22395.0,22380.0,15.0,992,1,101,0.2696898045912429,14.73699440190013,0.2515891494727004,0.025632267338428483,2.837766640966332
200,lead_time_surge,all_combined,22,1.0,23315.0,23300.0,15.0,1005,0,132,0.2659300153044708,14.6679373384011,0.33183092805375664,0.019240282819980067,2.839683901004655
200,lead_time_surge,all_combined,23,1.0,24340.0,24325.0,15.0,1075,0,84,0.2582395629221837,14.436108981848763,0.35105275431516625,0.01793342295541189,2.8414305783188953
200,lead_time_surge,all_combined,24,1.0,25344.0,25329.0,15.0,1056,0,122,0.24458967476121488,14.208210966619276,0.3456579856374054,0.0175174513200021,2.8430284689531486
200,lead_time_surge,all_combined,25,1.0,26405.0,26390.0,15.0,1144,0,93,0.23562869224914532,14.158051991463322,0.42503876426498116,0.013765463266851803,2.844495807353257
200,lead_time_surge,all_combined,26,1.0,27583.0,27568.0,15.0,1186,0,32,0.22841509498639814,13.951794301779293,0.42631246366554615,0.013494444510322414,2.845847965296426
200,lead_time_surge,all_combined,27,1.0,28749.0,28734.0,15.0,1175,0,18,0.21764648287458777,13.688649231357612,0.42097741505250985,0.013265690063461026,2.8470979924468303
200,lead_time_surge,all_combined,28,1.0,29892.0,29877.0,15.0,1143,0,27,0.21322151704885664,13.486793187018622,0.43101932820585526,0.012877940260666016,2.8482570388814397
200,lead_time_surge,all_combined,29,1.0,31011.0,30996.0,15.0,1126,0,26,0.20833066375203127,13.346335189453471,0.4321351505282326,0.012677339194313266,2.849334688597301
200,lead_time_surge,all_combined,30,1.0,32090.0,32075.0,15.0,1089,0,39,0.19940469683205805,12.831541098971211,0.43530614423305874,0.012524639020663772,2.8503392251383706
200,lead_time_surge,all_combined,31,1.0,33120.0,33105.0,15.0,1059,0,65,0.19264050948567102,12.393549836671909,0.43737218509975506,0.012464107922592045,2.851277844931791
200,lead_time_surge,all_combined,32,1.0,34131.0,34116.0,15.0,1054,0,79,0.18731169647072093,12.04256311887604,0.4423381301856783,0.012328725584054965,2.852156829961546
200,lead_time_surge,all_combined,33,1.0,35149.0,35134.0,15.0,1060,0,79,0.17953899900556633,11.539349293676723,0.4439600562042825,0.012283852643889396,2.8529816885431862
200,lead_time_surge,all_combined,34,1.0,36166.0,36151.0,15.0,1069,0,89,0.17234228780970196,11.079706362901595,0.4523321364452424,0.012050057749782688,2.8537572708693606
200,lead_time_surge,all_combined,35,1.0,37222.0,37207.0,15.0,1093,0,68,0.1669896467917964,10.781806534608245,0.4503628153378457,0.0120477871185645,2.854487864448175
200,lead_time_surge,all_combined,36,1.0,38284.0,38269.0,15.0,1095,0,69,0.16353191795663724,10.568430906235784,0.45077073690284847,0.012022733625267866,2.8551772734015737
200,lead_time_surge,all_combined,37,1.0,39365.0,39350.0,15.0,1116,0,61,0.16157003457832303,10.487456881629194,0.45154188868317824,0.01194704233357646,2.85582888472082
200,lead_time_surge,all_combined,38,1.0,40468.0,40453.0,15.0,1120,0,38,0.15598207424656935,10.20969596907568,0.44927177701439547,0.011904927859482812,2.856445723915182
200,lead_time_surge,all_combined,39,1.0,41534.0,41519.0,15.0,1087,0,63,0.15300447812784523,10.009564393939396,0.4529651144185508,0.011811616326001959,2.8570305019833135
200,lead_time_surge,all_combined,40,1.0,42611.0,42596.0,15.0,1114,0,56,0.15099320995430004,9.976458150621518,0.45092942413267767,0.011745545747695516,2.857585655245967
200,lead_time_surge,all_combined,41,1.0,43714.0,43699.0,15.0,1115,0,33,0.14575566117910174,9.69628087537507,0.45352110674520557,0.011596936729168754,2.8581133792744775
200,lead_time_surge,all_combined,42,1.0,44759.0,44744.0,15.0,1076,0,68,0.1422355883796755,9.452040229189437,0.45567660798946086,0.011552346570397106,2.8586156579114337
200,lead_time_surge,all_combined,43,1.0,45803.0,45788.0,15.0,1081,0,64,0.1378442440422317,9.18483270221506,0.4587899301597408,0.01144129097517084,2.8590942881922934
200,lead_time_surge,all_combined,44,1.0,46849.0,46834.0,15.0,1067,0,68,0.13532571228936177,9.005000607983046,0.46076592984365566,0.011405606516590134,2.8595509018278653
200,lead_time_surge,all_combined,45,1.0,47868.0,47853.0,15.0,1080,0,86,0.13275505614258432,8.888848652050186,0.47192105367546505,0.011065528208826933,2.859986983788902
200,lead_time_surge,all_combined,46,1.0,48943.0,48928.0,15.0,1094,0,56,0.12985641317118427,8.696815306303726,0.4780048881845747,0.010920523510440986,2.8604038884388383
200,lead_time_surge,all_combined,47,1.0,49999.0,49984.0,15.0,1102,0,78,0.12847372928720704,8.60987421806686,0.48791082037524347,0.010690281567899617,2.8608028535839662
200,lead_time_surge,all_combined,48,1.0,51095.0,51080.0,15.0,1126,0,44,0.12368444546238581,8.392341550915932,0.4881639710091838,0.010551647426102519,2.861185012748032
200,lead_time_surge,all_combined,49,1.0,52179.0,52164.0,15.0,1098,0,60,0.12211617473982765,8.279303788811381,0.49425445398609286,0.01042862928747635,2.861551405927696
200,lead_time_surge,all_combined,50,1.0,53261.0,53246.0,15.0,1122,0,50,0.11976781891902075,8.234448015080394,0.4882261060605597,0.010409496952377582,2.8619029890437173
200,lead_time_surge,all_combined,51,1.0,54369.0,54354.0,15.0,1109,0,40,0.11863616915175719,8.147152541894748,0.49971122292714953,0.01018089642672644,2.862240642268795
200,lead_time_surge,all_combined,52,1.0,55429.0,55414.0,15.0,1107,0,61,0.11660436113114087,8.087201854260941,0.4988662787304022,0.010096642483442173,2.8625651773847234
200,lead_time_surge,all_combined,53,1.0,56538.0,56523.0,15.0,1114,0,39,0.1156224737987771,8.023084000245985,0.5066684413129332,0.009935147559824319,2.862877344298467
200,lead_time_surge,all_combined,54,1.0,57604.0,57589.0,15.0,1106,0,56,0.1130324753698193,7.911999695886252,0.5041834680985917,0.009896464059154227,2.863177836827085
200,lead_time_surge,all_combined,55,1.0,58697.0,58682.0,15.0,1104,0,46,0.11219730595441794,7.857444381705249,0.5096034641903568,0.009785353381864615,2.8634672978456184
200,lead_time_surge,all_combined,56,1.0,59759.0,59744.0,15.0,1101,0,57,0.10993420933915503,7.746602407723053,0.5095961962756932,0.009724356420617305,2.8637463238781904
200,lead_time_surge,all_combined,57,1.0,60839.0,60824.0,15.0,1096,0,51,0.1087405979785414,7.666181280594391,0.5120292093220918,0.00967258458648358,2.864015469201381
200,lead_time_surge,all_combined,58,1.0,61895.0,61880.0,15.0,1094,0,62,0.1069105901558626,7.5573103377245765,0.5132208277743298,0.009623530945191494,2.8642752495192734
200,lead_time_surge,all_combined,59,1.0,62963.0,62948.0,15.0,1092,0,58,0.10525515676658038,7.437251042037559,0.5134882192081006,0.009621608165297488,2.8645261452614514
200,lead_time_surge,all_combined,60,1.0,64020.0,64005.0,15.0,1092,0,64,0.10397179573541113,7.354363721644946,0.5130589410741625,0.009618639126775711,2.864768604548269
200,lead_time_surge,all_combined,61,1.0,65096.0,65081.0,15.0,1105,0,56,0.10262737391316763,7.269866548945868,0.512940290537432,0.009606050731473059,2.8650030458619784
200,lead_time_surge,all_combined,62,1.0,66164.0,66149.0,15.0,1096,0,57,0.10102825008960906,7.1621816699718766,0.5147639847579457,0.009563786560999356,2.8652298604571538
200,lead_time_surge,all_combined,63,1.0,67212.0,67197.0,15.0,1081,0,66,0.0985368742944996,6.984425544871222,0.5147286752502993,0.009565264430174272,2.8654494145396345
200,lead_time_surge,all_combined,64,1.0,68267.0,68252.0,15.0,1084,0,68,0.09803924723026991,6.945691107338798,0.5156537105947985,0.009552155482995673,2.8656620512395317
200,lead_time_surge,all_combined,65,1.0,69334.0,69319.0,15.0,1105,0,58,0.0966967096390937,6.885780815289705,0.5141313281906218,0.009530775433195334,2.8658680924006177
200,lead_time_surge,all_combined,66,1.0,70417.0,70402.0,15.0,1103,0,54,0.09572034022161575,6.8147891387660735,0.5176277103868784,0.00946777279838443,2.8660678402057727
200,lead_time_surge,all_combined,67,1.0,71486.0,71471.0,15.0,1106,0,62,0.0947835122454812,6.7630907759519445,0.5170261815698165,0.009457127039437262,2.866261578655688
200,lead_time_surge,all_combined,68,1.0,72589.0,72574.0,15.0,1122,0,40,0.09389615016247622,6.723394387738572,0.5192332102676906,0.009383231479498697,2.8664495749161527
200,lead_time_surge,all_combined,69,1.0,73668.0,73653.0,15.0,1101,0,51,0.09217295618998228,6.603452115221039,0.5193069935990373,0.00937640494984559,2.86663208054723
200,lead_time_surge,all_combined,70,1.0,74740.0,74725.0,15.0,1104,0,60,0.09174635950401773,6.586669381287322,0.5180291374221254,0.00937929030617804,2.8668093326263158
200,lead_time_surge,all_combined,71,1.0,75845.0,75830.0,15.0,1124,0,39,0.09105287723373318,6.567040308610407,0.5188660127920435,0.009320599970050589,2.866981554775594
200,lead_time_surge,all_combined,72,1.0,76932.0,76917.0,15.0,1113,0,50,0.09008083443261036,6.521997964514928,0.5200260144474776,0.00926352792526454,2.8671489581032303
200,lead_time_surge,all_combined,73,1.0,78019.0,78004.0,15.0,1107,0,41,0.0883014330353407,6.417053056689388,0.5240454584043995,0.0091577386865553,2.867311742066662
200,lead_time_surge,all_combined,74,1.0,79086.0,79071.0,15.0,1089,0,60,0.08741647797360103,6.389240054511484,0.525552796012997,0.009078808399757094,2.867470095265381
200,lead_time_surge,all_combined,75,1.0,80144.0,80129.0,15.0,1101,0,62,0.08634629624541226,6.342323493222424,0.543100584355493,0.008741637994531273,2.867624196169881
200,lead_time_surge,all_combined,76,1.0,81228.0,81213.0,15.0,1099,0,46,0.08506924949335647,6.248879113128709,0.548133240207186,0.008660428553159296,2.8677742137926234
200,lead_time_surge,all_combined,77,1.0,82281.0,82266.0,15.0,1090,0,70,0.0843894324410922,6.197599173201208,0.5498804868535538,0.00863434093582142,2.8679203083063793
200,lead_time_surge,all_combined,78,1.0,83370.0,83355.0,15.0,1122,0,50,0.08362731816257028,6.177130424085864,0.546963680539463,0.008630069201410639,2.868062631614699
200,lead_time_surge,all_combined,79,1.0,84481.0,84466.0,15.0,1120,0,39,0.08287864407764439,6.122350971443053,0.5516398809519006,0.008555770493299676,2.8682013278787477
200,lead_time_surge,all_combined,80,1.0,85546.0,85531.0,15.0,1109,0,63,0.08175933147604497,6.0744431500436376,0.5512546601481616,0.008512330580944147,2.86833653400437
200,lead_time_surge,all_combined,81,1.0,86659.0,86644.0,15.0,1119,0,34,0.08102367642850261,6.022781243799984,0.5577163793696347,0.008409136261415281,2.8684683800928656
200,lead_time_surge,all_combined,82,1.0,87716.0,87701.0,15.0,1090,0,57,0.07916442391391244,5.8937721754559735,0.5574469101556481,0.008399697783385441,2.868596989858539
200,lead_time_surge,all_combined,83,1.0,88780.0,88765.0,15.0,1085,0,63,0.07859664686671933,5.865509561642358,0.5566711589068734,0.008390947682861234,2.868722481015889
200,lead_time_surge,all_combined,84,1.0,89838.0,89823.0,15.0,1097,0,56,0.0773353834743,5.7964430470827075,0.5582473377801597,0.008330727528983273,2.8688449656389903
200,lead_time_surge,all_combined,85,1.0,90901.0,90886.0,15.0,1085,0,64,0.0768669563626406,5.762110030159849,0.5585010296228414,0.008325474170932093,2.868964550495296
200,lead_time_surge,all_combined,86,1.0,91951.0,91936.0,15.0,1098,0,70,0.07618556133031817,5.724360229277111,0.5635194109645906,0.008231784171618663,2.8690813373560724
200,lead_time_surge,all_combined,87,1.0,93049.0,93034.0,15.0,1112,0,44,0.07561218547439436,5.691804496147802,0.5657361667341912,0.0081840400065809,2.869195423285254
200,lead_time_surge,all_combined,88,1.0,94109.0,94094.0,15.0,1100,0,64,0.07474523861109167,5.634702976047725,0.5687677600821925,0.008128315099121698,2.8693069009084886
200,lead_time_surge,all_combined,89,1.0,95192.0,95177.0,15.0,1099,0,48,0.07378141511582474,5.5632828000752905,0.570399295830104,0.008102953909729213,2.86941585866397
200,lead_time_surge,all_combined,90,1.0,96247.0,96232.0,15.0,1086,0,64,0.0731557375080878,5.514454434928094,0.5732367396191171,0.00806495979584726,2.8695223810364094
200,lead_time_surge,all_combined,91,1.0,97313.0,97298.0,15.0,1098,0,59,0.0725432060511511,5.472079652173455,0.5729502160026602,0.008063100367519374,2.8696265487755217
200,lead_time_surge,all_combined,92,1.0,98387.0,98372.0,15.0,1100,0,53,0.07196067803880783,5.432926168656633,0.5725000121517906,0.008062043585600018,2.8697284391001676
200,lead_time_surge,all_combined,93,1.0,99457.0,99442.0,15.0,1101,0,60,0.07156126084780622,5.403757640385728,0.5725561478049872,0.008059500961035563,2.8698281258892493
200,lead_time_surge,all_combined,94,1.0,100549.0,100534.0,15.0,1122,0,51,0.07113145925250892,5.383645775703315,0.5722986122785392,0.008044367411932436,2.86992567986037
200,lead_time_surge,all_combined,95,1.0,101650.0,101635.0,15.0,1118,0,36,0.070173967936808,5.327705755894121,0.5725856146563857,0.008015124451802153,2.8700211687371175
200,lead_time_surge,all_combined,96,1.0,102720.0,102705.0,15.0,1092,0,59,0.06982354308025596,5.299386055060336,0.5743277785035182,0.007993136970452439,2.8701146574058765
200,lead_time_surge,all_combined,97,1.0,103789.0,103774.0,15.0,1104,0,53,0.0690977740410589,5.262169868929553,0.57301138640022,0.007984042535537554,2.8702062080628434
200,lead_time_surge,all_combined,98,1.0,104863.0,104848.0,15.0,1085,0,53,0.06857142054063839,5.224253749082992,0.576346601748399,0.007934297471747774,2.8702958803520326
200,lead_time_surge,all_combined,99,1.0,105899.0,105884.0,15.0,1089,0,75,0.06808142965648202,5.202751001841222,0.5821621914570118,0.007830899832963194,2.8703837314948424
200,lead_time_surge,all_combined,100,1.0,106998.0,106983.0,15.0,1116,0,47,0.06780458679897781,5.181750165921395,0.5871604393989494,0.007763773063561823,2.8704698164118296
200,lead_time_surge,all_combined,101,1.0,108078.0,108063.0,15.0,1114,0,49,0.0667907593257223,5.130831705420407,0.5850876971891871,0.0077507172773142495,2.8705541878372016
200,lead_time_surge,all_combined,102,1.0,109161.0,109146.0,15.0,1098,0,54,0.06637383679016462,5.101265692166844,0.5896008834042853,0.007687455082809541,2.870636896426535
200,lead_time_surge,all_combined,103,1.0,110237.0,110222.0,15.0,1110,0,53,0.06602778300628202,5.088739904439889,0.5899298468223125,0.007661707380055155,2.8707179908581995
200,lead_time_surge,all_combined,104,1.0,111331.0,111316.0,15.0,1112,0,44,0.06576398215467365,5.072526012809861,0.5907808356769084,0.007644249598244803,2.8707975179288945
200,lead_time_surge,all_combined,105,1.0,112407.0,112392.0,15.0,1103,0,52,0.06515361244642263,5.02966029902776,0.5911155315812708,0.007633313744725322,2.870875522643695
200,lead_time_surge,all_combined,106,1.0,113476.0,113461.0,15.0,1094,0,51,0.06434551523534504,4.976276938476917,0.5901109828614115,0.007632276663073741,2.870952048300983
200,lead_time_surge,all_combined,107,1.0,114533.0,114518.0,15.0,1083,0,64,0.06403068600848001,4.953363284492501,0.591583870045693,0.007610870851627898,2.871027136572587
200,lead_time_surge,all_combined,108,1.0,115587.0,115572.0,15.0,1098,0,67,0.06353185670662775,4.9213017097564435,0.594390780229994,0.007564688476080885,2.8711008275794523
200,lead_time_surge,all_combined,109,1.0,116666.0,116651.0,15.0,1094,0,44,0.06234267098783794,4.829579784585582,0.5964508006206918,0.007537755542598218,2.871173159963128
200,lead_time_surge,all_combined,110,1.0,117695.0,117680.0,15.0,1067,0,80,0.06180538269998716,4.790893711521804,0.597247929485312,0.007522894730086081,2.87124417095332
200,lead_time_surge,all_combined,111,1.0,118749.0,118734.0,15.0,1096,0,65,0.061387785079679694,4.76478365511252,0.5987249204904078,0.007494294750011585,2.871313896431803
200,lead_time_surge,all_combined,112,1.0,119832.0,119817.0,15.0,1098,0,51,0.06104634508267108,4.742903504977805,0.6001813871741846,0.00746864514980457,2.8713823709928725
200,lead_time_surge,all_combined,113,1.0,120883.0,120868.0,15.0,1103,0,73,0.06059117104827342,4.719180737328237,0.6075963609647423,0.007359128214535237,2.871449628000563
200,lead_time_surge,all_combined,114,1.0,121993.0,121978.0,15.0,1119,0,36,0.06000642508630284,4.675864048836447,0.6127215441921303,0.007293929017918681,2.8715156996428757
200,lead_time_surge,all_combined,115,1.0,123063.0,123048.0,15.0,1101,0,61,0.05966098622290009,4.659731333517594,0.6112381667630102,0.007294542739199022,2.871580616983125
200,lead_time_surge,all_combined,116,1.0,124150.0,124135.0,15.0,1112,0,45,0.05915713351618228,4.630478934317272,0.6113464278548452,0.007277180868798326,2.8716444100086593
200,lead_time_surge,all_combined,117,1.0,125230.0,125215.0,15.0,1094,0,49,0.05881038830100187,4.602746010545699,0.614949843431327,0.007235310914315132,2.871707107677015
200,lead_time_surge,all_combined,118,1.0,126289.0,126274.0,15.0,1102,0,69,0.05865031750345434,4.592629161896834,0.6190842432582667,0.0071830646340515164,2.8717687379597696
200,lead_time_surge,all_combined,119,1.0,127405.0,127390.0,15.0,1132,0,29,0.058178017821725055,4.578452585366081,0.6181078841065949,0.007158421880765666,2.871829327884149
200,demand_spike,baseline,0,1.0,1071.0,1071.0,0.0,1071,0,93,,,,,
200,demand_spike,baseline,1,1.0,2095.0,2095.0,0.0,1028,0,111,,,,,
200,demand_spike,baseline,2,1.0,3116.0,3116.0,0.0,1049,0,88,1.8866671115566909,0.73430753902358,,,2.569314641744549
200,demand_spike,baseline,3,1.0,4139.0,4139.0,0.0,1045,0,83,3.0892424756762207,1.1593890087996015,,,2.664543524416136
200,demand_spike,baseline,4,1.0,5140.0,5140.0,0.0,1047,0,103,0.3679693250344745,1.5534525061338937,2.1363424848766863,0.040514049226747985,2.7367624810892592
200,demand_spike,baseline,5,1.0,6206.0,6206.0,0.0,1112,0,64,0.42853077478148754,1.6833406593406595,2.983360522022838,0.030730533683289585,2.7767332549941246
200,demand_spike,baseline,6,1.0,7298.0,7298.0,0.0,1117,0,56,0.42494276838654665,1.819910589177287,2.614937115629674,0.03186643218848656,2.8021133525456294
200,demand_spike,baseline,7,1.0,8383.0,8383.0,0.0,1116,0,49,0.4056713955831607,1.646362780691139,2.8595018321814556,0.030560602128211784,2.81965881397238
200,demand_spike,baseline,8,1.0,9470.0,9470.0,0.0,1095,0,52,0.3921705691767547,1.6206492452849086,2.7565752235764682,0.030991622405957403,2.8325123152709373
200,demand_spike,baseline,9,1.0,10524.0,10524.0,0.0,1100,0,63,0.3662649440007694,1.504998583397418,2.7376943005181347,0.03127513603028152,2.8423339540657975
200,demand_spike,baseline,10,1.0,11488.0,11488.0,0.0,972,0,49,0.09422023701881836,0.4245711979677117,2.5261477457064148,0.0308231744607983,2.850083287062741
200,demand_spike,baseline,11,0.8694915254237288,12703.0,12318.0,385.0,882,77,133,0.04656214699554338,1.1892014219987959,0.50795926339061,0.026985888695100678,2.8563535911602207
200,demand_spike,baseline,12,0.8081632653061225,13915.0,13140.0,775.0,908,78,112,0.03379438793793271,2.745254612107774,0.20793424321144147,0.02068890103881903,2.8615314076111873
200,demand_spike,baseline,13,0.8157894736842105,15306.0,14076.0,1230.0,949,91,58,0.03413665726869961,6.200073573001355,0.09341352673008135,0.02056631451051282,2.865879375790805
200,demand_spike,baseline,14,0.8364779874213837,16585.0,14880.0,1705.0,886,95,158,0.033649170128994044,9.078236104898998,0.07492783346906753,0.01723895913714153,2.869582194455291
200,demand_spike,baseline,15,0.8960096735187424,17775.0,15760.0,2015.0,938,62,88,0.034536584001855095,10.906817904141821,0.06929554524640336,0.01590649924570114,2.872773536895674
200,demand_spike,baseline,16,0.9049295774647887,18872.0,16662.0,2210.0,927,39,94,0.034484267026075155,12.889677122157543,0.05966252535550327,0.01559394587983489,2.875552533151988
200,demand_spike,baseline,17,0.9321266968325792,19870.0,17475.0,2395.0,908,37,155,0.0347504034088794,13.589442694943465,0.06558103552228582,0.013548462449735536,2.877994251038008
200,demand_spike,baseline,18,0.943010752688172,21013.0,18423.0,2590.0,976,39,62,0.03468574404940566,13.919620157838098,0.06564041382071355,0.01318063160091204,2.8801565793435713
200,demand_spike,baseline,19,0.9435318275154004,21985.0,19290.0,2695.0,916,21,129,0.03476863169704208,14.428882370762537,0.06527293087894463,0.012808994124241673,2.8820848761036753
200,demand_spike,baseline,20,0.9787664307381193,22902.0,20157.0,2745.0,956,10,129,0.03468474936950121,14.476211960279866,0.07063837289248284,0.011761846734036447,2.8838151850851137
200,demand_spike,baseline,21,0.9822134387351779,23960.0,21155.0,2805.0,1011,12,61,0.034923115583205176,14.591325870422196,0.07227923202970536,0.01147630820992532,2.8853765098946282
200,demand_spike,baseline,22,0.9923002887391723,24878.0,22033.0,2845.0,952,8,157,0.03537449307375052,14.802349273304424,0.07579759117787645,0.010921658986175121,2.886792452830188
200,demand_spike,baseline,23,1.0,25854.0,23009.0,2845.0,1050,0,100,0.03545030011154175,14.781401800557004,0.07903740366925412,0.0105065963060686,2.88808241629595
200,demand_spike,baseline,24,1.0,26903.0,24058.0,2845.0,1062,0,75,0.035423167784414164,14.71692208917852,0.08103588277104022,0.010280305895775145,2.8892624971979375
200,demand_spike,baseline,25,1.0,27860.0,25015.0,2845.0,1052,0,152,0.03538642921327524,14.89226556884431,0.08688054405788567,0.009462449563972406,2.8903461621156743
200,demand_spike,baseline,26,1.0,28972.0,26127.0,2845.0,1151,0,63,0.03511044459325679,15.197971886958262,0.08768869463303801,0.009111863538233494,2.8913447634786213
200,demand_spike,baseline,27,1.0,30114.0,27269.0,2845.0,1157,0,44,0.034868260588531166,15.489435297775916,0.08705818399189319,0.008940186345005978,2.892267938779568
200,demand_spike,baseline,28,1.0,31244.0,28399.0,2845.0,1169,0,44,0.034583521117396765,15.92798478688917,0.08442068149014255,0.00888981015424686,2.893123922620187
200,demand_spike,baseline,29,1.0,32401.0,29556.0,2845.0,1157,0,23,0.03430251855339441,16.17613483761699,0.08588108204307834,0.008532322292566036,2.8939197930142297
200,demand_spike,baseline,30,1.0,33527.0,30682.0,2845.0,1134,0,30,0.034089702060518666,16.424635430308438,0.08610072959753623,0.008327656929380306,2.8946616675593653
200,demand_spike,baseline,31,1.0,34634.0,31789.0,2845.0,1117,0,32,0.0339133991189182,16.662091292905963,0.08613445914988295,0.008161370255795618,2.895354860991193
200,demand_spike,baseline,32,1.0,35705.0,32860.0,2845.0,1082,0,40,0.03351341155335854,16.716928717708576,0.08619899452262628,0.008030836606618809,2.896004012706906
200,demand_spike,baseline,33,1.0,36719.0,33874.0,2845.0,1050,0,77,0.03326090174820719,16.77059471492733,0.08501468094438563,0.008053805224430331,2.896613190730838
200,demand_spike,baseline,34,1.0,37729.0,34884.0,2845.0,1056,0,77,0.03285232614776104,16.773736104452684,0.0851325062212101,0.007940804908861211,2.897185977047635
200,demand_spike,baseline,35,1.0,38754.0,35909.0,2845.0,1060,0,70,0.032415040468438225,16.676577706131713,0.08459922478548344,0.007928955946938546,2.8977255380857874
200,demand_spike,baseline,36,1.0,39757.0,36912.0,2845.0,1054,0,104,0.0322810779469907,16.707911334958116,0.08576964334682115,0.007772463890327787,2.8982346832814123
200,demand_spike,baseline,37,1.0,40816.0,37971.0,2845.0,1110,0,64,0.03198322336702626,16.829555933757867,0.08484732818964727,0.007726908125759442,2.8987159140095238
200,demand_spike,baseline,38,1.0,41903.0,39058.0,2845.0,1095,0,59,0.03181619262641947,16.81581965891495,0.08605470684342774,0.007583708568913561,2.8991714646819267
200,demand_spike,baseline,39,1.0,42956.0,40111.0,2845.0,1118,0,79,0.03165595004203377,16.98091974850308,0.08667929307957699,0.0074172034333349545,2.8996033374367403
200,demand_spike,baseline,40,1.0,44081.0,41236.0,2845.0,1137,0,34,0.03135005143432676,17.003333057391,0.0870854584640383,0.007300600082602465,2.900013331555793
200,demand_spike,baseline,41,1.0,45168.0,42323.0,2845.0,1104,0,60,0.031181799301776395,16.997697862754173,0.08778291678335708,0.007205144640699136,2.9004030685216495
200,demand_spike,baseline,42,1.0,46264.0,43419.0,2845.0,1135,0,47,0.031026118992294637,17.15482972680956,0.08715787947039276,0.007153531443690436,2.9007740134500697
200,demand_spike,baseline,43,1.0,47373.0,44528.0,2845.0,1109,0,36,0.030678747383615913,17.063417318429327,0.0889318007133144,0.006968634874695314,2.901127493495229
200,demand_spike,baseline,44,1.0,48417.0,45572.0,2845.0,1082,0,67,0.03045766560202466,17.061540155921918,0.08817453229330253,0.006977790459718401,2.901464713715046
200,demand_spike,baseline,45,1.0,49481.0,46636.0,2845.0,1082,0,51,0.030195428906776133,17.011920761732945,0.0881368367508485,0.00694008669581469,2.9017867707963565
200,demand_spike,baseline,46,1.0,50501.0,47656.0,2845.0,1060,0,84,0.03000165491970888,16.959141539053277,0.08816119298168529,0.006914365189747665,2.9020946649693324
200,demand_spike,baseline,47,1.0,51543.0,48698.0,2845.0,1091,0,70,0.02981867006483372,16.99295503617067,0.08795073983115258,0.0068742322117572524,2.902389310383876
200,demand_spike,baseline,48,1.0,52613.0,49768.0,2845.0,1090,0,62,0.029592002974258375,16.91768583210154,0.08869022840614786,0.0067945349591351355,2.902671544174703
200,demand_spike,baseline,49,1.0,53659.0,50814.0,2845.0,1101,0,78,0.029362589279170653,16.902694549941508,0.08899994731536222,0.006723730200717139,2.902942134404518
200,demand_spike,baseline,50,1.0,54768.0,51923.0,2845.0,1116,0,35,0.029145024451599673,16.869278918427487,0.08987190927661691,0.006621657514531206,2.9032017870439315
200,demand_spike,baseline,51,1.0,55825.0,52980.0,2845.0,1092,0,70,0.02902043113214889,16.862244342272117,0.08942608968276677,0.0066284153939995104,2.9034511521217814
200,demand_spike,baseline,52,1.0,56914.0,54069.0,2845.0,1120,0,47,0.02886440315665329,16.90159785226803,0.08894984384290454,0.006612097589043366,2.9036908291585704
200,demand_spike,baseline,53,1.0,58009.0,55164.0,2845.0,1107,0,48,0.02874973698923713,16.88969032769079,0.08972761809623271,0.006532827593605762,2.903921371978738
200,demand_spike,baseline,54,1.0,59079.0,56234.0,2845.0,1113,0,57,0.028596199804169088,16.92625128919061,0.08907622607228693,0.006530819620508572,2.904143292982975
200,demand_spike,baseline,55,1.0,60196.0,57351.0,2845.0,1119,0,36,0.028489050686515742,16.919130256514542,0.09050698370938366,0.006405718418318493,2.904357066950054
200,demand_spike,baseline,56,1.0,61263.0,58418.0,2845.0,1109,0,54,0.02828067378696652,16.920953127890634,0.08981574809001006,0.006406659125989715,2.904563134427473
200,demand_spike,baseline,57,1.0,62358.0,59513.0,2845.0,1098,0,43,0.028167875215836247,16.887860973453904,0.09118679386410672,0.0062970473168047405,2.904761904761907
200,demand_spike,baseline,58,1.0,63407.0,60562.0,2845.0,1096,0,64,0.027989007688537286,16.879489540200133,0.09079335752299796,0.0062868759690197515,2.9049537588132943
200,demand_spike,baseline,59,1.0,64496.0,61651.0,2845.0,1100,0,45,0.027868586505438185,16.85404304701895,0.09138839936271821,0.0062280608614256475,2.9051390513905138
200,demand_spike,baseline,60,1.0,65539.0,62694.0,2845.0,1085,0,67,0.027651189903172814,16.789461937325704,0.09124856841169784,0.00621236973528885,2.905318113441289
200,demand_spike,baseline,61,1.0,66602.0,63757.0,2845.0,1085,0,60,0.027492095002875288,16.725206338674948,0.09126590480500106,0.00619880843651077,2.9054912540248887
200,demand_spike,baseline,62,1.0,67650.0,64805.0,2845.0,1088,0,66,0.027323523938538513,16.683840975324213,0.0909217905426299,0.0061990919570971866,2.905658762092288
200,demand_spike,baseline,63,1.0,68713.0,65868.0,2845.0,1093,0,66,0.027166433047472266,16.624485379189643,0.09083334765699387,0.006191134575391176,2.9058209080953583
200,demand_spike,baseline,64,1.0,69775.0,66930.0,2845.0,1099,0,59,0.02692027011587594,16.540492682411845,0.09136838146935593,0.006129749488406485,2.905977945443995
200,demand_spike,baseline,65,1.0,70844.0,67999.0,2845.0,1086,0,59,0.026783230119282565,16.47826464731116,0.09199262179641894,0.006079717899463056,2.9061301118276055
200,demand_spike,baseline,66,1.0,71896.0,69051.0,2845.0,1099,0,68,0.026676712703105097,16.482177530497733,0.0925885592860607,0.006014829187166517,2.90627763041556
200,demand_spike,baseline,67,1.0,72992.0,70147.0,2845.0,1112,0,47,0.026541919534584665,16.437147497704522,0.0932139979046196,0.005960274495221445,2.9064207109492526
200,demand_spike,baseline,68,1.0,74067.0,71222.0,2845.0,1108,0,56,0.02641478492994101,16.4198217903502,0.09281408742411472,0.00596328430785907,2.906559550737071
200,demand_spike,baseline,69,1.0,75154.0,72309.0,2845.0,1107,0,49,0.026288476067400084,16.38086462830158,0.09343615082475645,0.0059090040318432215,2.9066943355622166
200,demand_spike,baseline,70,1.0,76233.0,73388.0,2845.0,1105,0,50,0.026172465750752764,16.35875500615409,0.09323677158495791,0.005903210121957157,2.9068252405120827
200,demand_spike,baseline,71,1.0,77305.0,74460.0,2845.0,1097,0,54,0.02599410189901577,16.283968819925565,0.09312114289836038,0.005896962042863921,2.90695243073706
200,demand_spike,baseline,72,1.0,78382.0,75537.0,2845.0,1104,0,56,0.025929643349027382,16.281105716509458,0.09295283347273961,0.005893775907483857,2.9070760621456433
200,demand_spike,baseline,73,1.0,79474.0,76629.0,2845.0,1124,0,47,0.025848245904567642,16.298371124307003,0.09253297821376402,0.0058954366775134485,2.907196282041972
200,demand_spike,baseline,74,1.0,80578.0,77733.0,2845.0,1115,0,39,0.025733737343714824,16.262678019142108,0.09302855510894363,0.005850630894172564,2.9073132297113387
200,demand_spike,baseline,75,1.0,81643.0,78798.0,2845.0,1102,0,55,0.025535854496880287,16.194411352654704,0.09291759058721859,0.005836849078376183,2.9074270369585182
200,demand_spike,baseline,76,1.0,82728.0,79883.0,2845.0,1093,0,50,0.025438177405039956,16.149453581690842,0.0938088068507388,0.0057750955375139735,2.907537828603305
200,demand_spike,baseline,77,1.0,83779.0,80934.0,2845.0,1099,0,64,0.02532101435891163,16.134619802883478,0.09473274638912701,0.005697452928105559,2.9076457229371697
200,demand_spike,baseline,78,1.0,84867.0,82022.0,2845.0,1100,0,45,0.02515763198924765,16.051961785985444,0.09542709425116193,0.005648234955928935,2.9077508321445547
200,demand_spike,baseline,79,1.0,85919.0,83074.0,2845.0,1092,0,68,0.025053748996857556,16.01540016729908,0.09536387109782014,0.005641291848888841,2.907853262691974
200,demand_spike,baseline,80,1.0,87008.0,84163.0,2845.0,1117,0,51,0.02496519009829006,15.997616974740582,0.09514410465888648,0.005640405132799133,2.9079531156877025
200,demand_spike,baseline,81,1.0,88111.0,85266.0,2845.0,1120,0,42,0.024852833080067017,15.95965913947291,0.09527837562083427,0.005620254795873333,2.9080504872147013
200,demand_spike,baseline,82,1.0,89181.0,86336.0,2845.0,1104,0,57,0.024694439313404093,15.896166669991285,0.09521409621906625,0.005610342647467222,2.908145468638979
200,demand_spike,baseline,83,1.0,90269.0,87424.0,2845.0,1099,0,42,0.0244816603286176,15.78059308934484,0.0957402459134361,0.005571768210530395,2.908238146895538
200,demand_spike,baseline,84,1.0,91317.0,88472.0,2845.0,1083,0,66,0.024385029364960058,15.740390133065667,0.09557038092372981,0.005573666751137855,2.9083286047538004
200,demand_spike,baseline,85,1.0,92378.0,89533.0,2845.0,1093,0,60,0.024241217376808205,15.672047639741185,0.09547042598669979,0.005570615199205509,2.908416921064109
200,demand_spike,baseline,86,1.0,93448.0,90603.0,2845.0,1096,0,58,0.02414455186343502,15.632866656798946,0.09535373199179072,0.005568949614830609,2.9085031709870055
200,demand_spike,baseline,87,1.0,94510.0,91665.0,2845.0,1101,0,63,0.024042339750874418,15.601230503885258,0.09592405004832942,0.005523422277130238,2.9085874262065636
200,demand_spike,baseline,88,1.0,95597.0,92752.0,2845.0,1107,0,48,0.023938061456536455,15.556157185575426,0.09654727656164713,0.005479642333558631,2.9086697551290532
200,demand_spike,baseline,89,1.0,96663.0,93818.0,2845.0,1096,0,59,0.023825496696673037,15.507097746155877,0.0965093671088094,0.005473127200517964,2.9087502230682296
200,demand_spike,baseline,90,1.0,97736.0,94891.0,2845.0,1099,0,52,0.023720757473981908,15.46379213535033,0.09706862817426679,0.005432696988497291,2.908828892418091
200,demand_spike,baseline,91,1.0,98795.0,95950.0,2845.0,1082,0,57,0.023559908159677505,15.371541543659959,0.09707634920259844,0.00542766548727925,2.9089058228142624
200,demand_spike,baseline,92,1.0,99838.0,96993.0,2845.0,1084,0,76,0.023485948846512207,15.334025935806425,0.0970907732978298,0.005422918302301679,2.908981071284737
200,demand_spike,baseline,93,1.0,100923.0,98078.0,2845.0,1114,0,45,0.023375163509578252,15.303890788522894,0.09681475508622733,0.005423246717871922,2.909054692390872
200,demand_spike,baseline,94,1.0,101996.0,99151.0,2845.0,1094,0,58,0.02327607709446086,15.247239173986868,0.09690907095558725,0.005414913232616736,2.909126738359327
200,demand_spike,baseline,95,1.0,103060.0,100215.0,2845.0,1106,0,62,0.023189821240549854,15.223809001365003,0.09680324102882515,0.005408925584704946,2.9091972592056132
200,demand_spike,baseline,96,1.0,104174.0,101329.0,2845.0,1121,0,38,0.023120893713407135,15.195272769733362,0.09763324959956253,0.005356916730132268,2.9092663028498973
200,demand_spike,baseline,97,1.0,105247.0,102402.0,2845.0,1113,0,52,0.02296255816543148,15.13707758512118,0.0976688986102225,0.005338612173882168,2.909333915225574
200,demand_spike,baseline,98,1.0,106342.0,103497.0,2845.0,1100,0,43,0.022884516712079462,15.091157349994711,0.09866673291423454,0.005282566761870892,2.9094001403811887
200,demand_spike,baseline,99,1.0,107397.0,104552.0,2845.0,1094,0,60,0.02277950971430347,15.049217026101458,0.09859457943908342,0.005276722897860954,2.909465020576132
200,demand_spike,baseline,100,1.0,108467.0,105622.0,2845.0,1089,0,54,0.02269061975168169,14.998626968966631,0.09874365385712718,0.005265783877370495,2.9095285963705604
200,demand_spike,baseline,101,1.0,109518.0,106673.0,2845.0,1086,0,64,0.022610494954531227,14.960520929222652,0.0986966766641792,0.005262945749279781,2.9095909067099694
200,demand_spike,baseline,102,1.0,110590.0,107745.0,2845.0,1104,0,58,0.02254295760192934,14.934216920007652,0.0985437417246257,0.005264514698340981,2.90965198900472
200,demand_spike,baseline,103,1.0,111673.0,108828.0,2845.0,1108,0,45,0.022398231909203273,14.865164079548732,0.09846903534651665,0.005258893299324982,2.909711879204972
200,demand_spike,baseline,104,1.0,112740.0,109895.0,2845.0,1092,0,64,0.022332583276109992,14.825973933544846,0.09848620355522991,0.005256317376074149,2.9097706118712154
200,demand_spike,baseline,105,1.0,113821.0,110976.0,2845.0,1120,0,51,0.022257958917987406,14.817524597903795,0.0984262789705342,0.005244828132140607,2.9098282202407955
200,demand_spike,baseline,106,1.0,114923.0,112078.0,2845.0,1110,0,40,0.022170360238915058,14.770701114977015,0.09919293221744416,0.0052001410609346125,2.9098847362906044
200,demand_spike,baseline,107,1.0,115984.0,113139.0,2845.0,1101,0,64,0.02208123730644205,14.730218484187334,0.09958736543343603,0.0051728026580455,2.909940190796301
200,demand_spike,baseline,108,1.0,117076.0,114231.0,2845.0,1105,0,38,0.02194859679370445,14.660482610427652,0.10002394522803804,0.005143542442400861,2.9099946133881787
200,demand_spike,baseline,109,1.0,118126.0,115281.0,2845.0,1076,0,66,0.021871350873489424,14.611038969361609,0.10037891683618591,0.005124504116851402,2.9100480326039513
200,demand_spike,baseline,110,1.0,119180.0,116335.0,2845.0,1097,0,65,0.021798071541292364,14.582645012250044,0.1005072344547308,0.005110653802163733,2.9101004759386595
200,demand_spike,baseline,111,1.0,120257.0,117412.0,2845.0,1092,0,43,0.02158933068498072,14.455435015452109,0.10078183334440628,0.005092254371659301,2.9101519698918565
200,demand_spike,baseline,112,1.0,121280.0,118435.0,2845.0,1063,0,84,0.021490822989509793,14.38879330726899,0.10088452470394164,0.005087224521142955,2.9102025400122744
200,demand_spike,baseline,113,1.0,122335.0,119490.0,2845.0,1099,0,61,0.021397820538503573,14.353709803227963,0.10088902520908699,0.005077276622226247,2.9102522109400577
200,demand_spike,baseline,114,1.0,123413.0,120568.0,2845.0,1088,0,54,0.021318621137966277,14.299811259002025,0.10155671019938006,0.005044083564093677,2.910301006446827
200,demand_spike,baseline,115,1.0,124455.0,121610.0,2845.0,1104,0,81,0.0212543383429989,14.280159481319822,0.10267165771853531,0.004981026979982593,2.9103489494735855
200,demand_spike,baseline,116,1.0,125586.0,122741.0,2845.0,1133,0,23,0.021143357914358746,14.225458552700141,0.10371021785668273,0.004924181433297944,2.9103960621667206
200,demand_spike,baseline,117,1.0,126649.0,123804.0,2845.0,1092,0,65,0.021065313777924848,14.177932664095882,0.10365782408294966,0.004924860477881929,2.9104423659120697
200,demand_spike,baseline,118,1.0,127728.0,124883.0,2845.0,1111,0,48,0.02097289700773835,14.14189088793412,0.1034915524520942,0.00492357145307372,2.910487881367323
200,demand_spike,baseline,119,1.0,128823.0,125978.0,2845.0,1095,0,41,0.02090787071356439,14.098546920913266,0.10480616494619478,0.004861565596077233,2.9105326284927378
200,demand_spike,dual_only,0,1.0,1071.0,1071.0,0.0,1071,0,93,,,,,
200,demand_spike,dual_only,1,1.0,2095.0,2095.0,0.0,1028,0,113,,,,,
200,demand_spike,dual_only,2,1.0,3116.0,3116.0,0.0,1049,0,91,1.7888738178082233,0.73430753902358,,,2.436137071651091
200,demand_spike,dual_only,3,1.0,4141.0,4141.0,0.0,1047,0,82,2.9433957691552517,1.1593890087996015,,,2.5387473460721868
200,demand_spike,dual_only,4,1.0,5145.0,5145.0,0.0,1050,0,101,0.35449338927796037,1.5534525061338937,2.1363424848766863,0.040514049226747985,2.6365355521936458
200,demand_spike,dual_only,5,1.0,6212.0,6212.0,0.0,1113,0,64,0.41524686481418166,1.6833406593406595,2.983360522022838,0.030730533683289585,2.690658049353702
200,demand_spike,dual_only,6,1.0,7305.0,7305.0,0.0,1118,0,56,0.41325210772044435,1.819910589177287,2.614937115629674,0.03186643218848656,2.725024015369837
200,demand_spike,dual_only,7,1.0,8391.0,8391.0,0.0,1117,0,49,0.3954740953052492,1.646362780691139,2.8595018321814556,0.030560602128211784,2.7487814784727864
200,demand_spike,dual_only,8,1.0,9479.0,9479.0,0.0,1096,0,52,0.3829874446687026,1.6206492452849086,2.7565752235764682,0.030991622405957403,2.7661857846586915
200,demand_spike,dual_only,9,1.0,10534.0,10534.0,0.0,1101,0,63,0.3581661613888286,1.504998583397418,2.7376943005181347,0.03127513603028152,2.779484792054626
200,demand_spike,dual_only,10,1.0,11499.0,11499.0,0.0,973,0,49,0.09223322344833586,0.4245711979677117,2.5261477457064148,0.0308231744607983,2.7899777901166023
200,demand_spike,dual_only,11,0.8694915254237288,12715.0,12330.0,385.0,883,77,133,0.04561854097457691,1.1892014219987959,0.50795926339061,0.026985888695100678,2.798468106479157
200,demand_spike,dual_only,12,0.8081632653061225,13928.0,13153.0,775.0,909,78,112,0.033132416470954294,2.745254612107774,0.20793424321144147,0.02068890103881903,2.8054791380100865
200,demand_spike,dual_only,13,0.8157894736842105,15320.0,14090.0,1230.0,950,91,58,0.03348733233095429,6.200073573001355,0.09341352673008135,0.02056631451051282,2.811366512020244
200,demand_spike,dual_only,14,0.8364779874213837,16600.0,14895.0,1705.0,887,95,158,0.03302531662102351,9.078236104898998,0.07492783346906753,0.01723895913714153,2.816380320187427
200,demand_spike,dual_only,15,0.8960096735187424,17791.0,15776.0,2015.0,939,62,88,0.03391057291008416,10.906817904141821,0.06929554524640336,0.01590649924570114,2.8207015630679755
200,demand_spike,dual_only,16,0.9049295774647887,18889.0,16679.0,2210.0,928,39,94,0.033871607558099794,12.889677122157543,0.05966252535550327,0.01559394587983489,2.8244644678680726
200,demand_spike,dual_only,17,0.9321266968325792,19888.0,17493.0,2395.0,909,37,155,0.034143977825032285,13.589442694943465,0.06558103552228582,0.013548462449735536,2.8277706802938356
200,demand_spike,dual_only,18,0.943010752688172,21032.0,18442.0,2590.0,977,39,62,0.034090121105326734,13.919620157838098,0.06564041382071355,0.01318063160091204,2.8306985847636255
200,demand_spike,dual_only,19,0.9435318275154004,22005.0,19310.0,2695.0,917,21,129,0.03418022096691868,14.428882370762537,0.06527293087894463,0.012808994124241673,2.8333095984050125
200,demand_spike,dual_only,20,0.9787664307381193,22923.0,20178.0,2745.0,957,10,129,0.03410547863258434,14.476211960279866,0.07063837289248284,0.011761846734036447,2.835652526344232
200,demand_spike,dual_only,21,0.9822134387351779,23982.0,21177.0,2805.0,1012,12,61,0.0343468701782182,14.591325870422196,0.07227923202970536,0.01147630820992532,2.837766640966332
200,demand_spike,dual_only,22,0.9923002887391723,24901.0,22056.0,2845.0,953,8,157,0.0347972291493444,14.802349273304424,0.07579759117787645,0.010921658986175121,2.839683901004655
200,demand_spike,dual_only,23,1.0,25878.0,23033.0,2845.0,1051,0,100,0.03487766352481903,14.781401800557004,0.07903740366925412,0.0105065963060686,2.8414305783188953
200,demand_spike,dual_only,24,1.0,26928.0,24083.0,2845.0,1063,0,75,0.03485632564339969,14.71692208917852,0.08103588277104022,0.010280305895775145,2.8430284689531486
200,demand_spike,dual_only,25,1.0,27886.0,25041.0,2845.0,1053,0,152,0.034825084570730344,14.89226556884431,0.08688054405788567,0.009462449563972406,2.844495807353257
200,demand_spike,dual_only,26,1.0,28999.0,26154.0,2845.0,1152,0,63,0.03455796367436952,15.197971886958262,0.08768869463303801,0.009111863538233494,2.845847965296426
200,demand_spike,dual_only,27,1.0,30142.0,27297.0,2845.0,1158,0,44,0.03432370610988751,15.489435297775916,0.08705818399189319,0.008940186345005978,2.8470979924468303
200,demand_spike,dual_only,28,1.0,31273.0,28428.0,2845.0,1170,0,44,0.03404719607126964,15.92798478688917,0.08442068149014255,0.00888981015424686,2.8482570388814397
200,demand_spike,dual_only,29,1.0,32431.0,29586.0,2845.0,1158,0,23,0.03377403764139451,16.17613483761699,0.08588108204307834,0.008532322292566036,2.849334688597301
200,demand_spike,dual_only,30,1.0,33558.0,30713.0,2845.0,1135,0,30,0.03356772780920654,16.424635430308438,0.08610072959753623,0.008327656929380306,2.8503392251383706
200,demand_spike,dual_only,31,1.0,34666.0,31821.0,2845.0,1118,0,32,0.03339712339129228,16.662091292905963,0.08613445914988295,0.008161370255795618,2.851277844931791
200,demand_spike,dual_only,32,1.0,35738.0,32893.0,2845.0,1083,0,40,0.033005999037922465,16.716928717708576,0.08619899452262628,0.008030836606618809,2.852156829961546
200,demand_spike,dual_only,33,1.0,36753.0,33908.0,2845.0,1051,0,77,0.032759894878517416,16.77059471492733,0.08501468094438563,0.008053805224430331,2.8529816885431862
200,demand_spike,dual_only,34,1.0,37764.0,34919.0,2845.0,1057,0,77,0.03235987104448256,16.773736104452684,0.0851325062212101,0.007940804908861211,2.8537572708693606
200,demand_spike,dual_only,35,1.0,38790.0,35945.0,2845.0,1061,0,70,0.0319313676973965,16.676577706131713,0.08459922478548344,0.007928955946938546,2.854487864448175
200,demand_spike,dual_only,36,1.0,39794.0,36949.0,2845.0,1055,0,104,0.031801496492616245,16.707911334958116,0.08576964334682115,0.007772463890327787,2.8551772734015737
200,demand_spike,dual_only,37,1.0,40854.0,38009.0,2845.0,1111,0,64,0.03151002575885102,16.829555933757867,0.08484732818964727,0.007726908125759442,2.85582888472082
200,demand_spike,dual_only,38,1.0,41942.0,39097.0,2845.0,1096,0,59,0.03134731025264433,16.81581965891495,0.08605470684342774,0.007583708568913561,2.856445723915182
200,demand_spike,dual_only,39,1.0,42996.0,40151.0,2845.0,1119,0,79,0.031191168002759125,16.98091974850308,0.08667929307957699,0.0074172034333349545,2.8570305019833135
200,demand_spike,dual_only,40,1.0,44122.0,41277.0,2845.0,1138,0,34,0.030891394979172315,17.003333057391,0.0870854584640383,0.007300600082602465,2.857585655245967
200,demand_spike,dual_only,41,1.0,45210.0,42365.0,2845.0,1105,0,60,0.0307271491819529,16.997697862754173,0.08778291678335708,0.007205144640699136,2.8581133792744775
200,demand_spike,dual_only,42,1.0,46307.0,43462.0,2845.0,1136,0,47,0.03057520135810586,17.15482972680956,0.08715787947039276,0.007153531443690436,2.8586156579114337
200,demand_spike,dual_only,43,1.0,47417.0,44572.0,2845.0,1110,0,36,0.030234256029787535,17.063417318429327,0.0889318007133144,0.006968634874695314,2.8590942881922934
200,demand_spike,dual_only,44,1.0,48462.0,45617.0,2845.0,1083,0,67,0.03001768201010589,17.061540155921918,0.08817453229330253,0.006977790459718401,2.8595509018278653
200,demand_spike,dual_only,45,1.0,49527.0,46682.0,2845.0,1083,0,51,0.02976046845082382,17.011920761732945,0.0881368367508485,0.00694008669581469,2.859986983788902
200,demand_spike,dual_only,46,1.0,50548.0,47703.0,2845.0,1061,0,84,0.029570658541161803,16.959141539053277,0.08816119298168529,0.006914365189747665,2.8604038884388383
200,demand_spike,dual_only,47,1.0,51591.0,48746.0,2845.0,1092,0,70,0.029391417652469387,16.99295503617067,0.08795073983115258,0.0068742322117572524,2.8608028535839662
200,demand_spike,dual_only,48,1.0,52662.0,49817.0,2845.0,1091,0,62,0.0291690582687737,16.91768583210154,0.08869022840614786,0.0067945349591351355,2.861185012748032
200,demand_spike,dual_only,49,1.0,53709.0,50864.0,2845.0,1102,0,78,0.02894393161947193,16.902694549941508,0.08899994731536222,0.006723730200717139,2.861551405927696
200,demand_spike,dual_only,50,1.0,54819.0,51974.0,2845.0,1117,0,35,0.02873042892368651,16.869278918427487,0.08987190927661691,0.006621657514531206,2.8619029890437173
200,demand_spike,dual_only,51,1.0,55877.0,53032.0,2845.0,1093,0,70,0.02860852588544434,16.862244342272117,0.08942608968276677,0.0066284153939995104,2.862240642268795
200,demand_spike,dual_only,52,1.0,56967.0,54122.0,2845.0,1121,0,47,0.028455589869453412,16.90159785226803,0.08894984384290454,0.006612097589043366,2.8625651773847234
200,demand_spike,dual_only,53,1.0,58063.0,55218.0,2845.0,1108,0,48,0.028343388176843943,16.88969032769079,0.08972761809623271,0.006532827593605762,2.862877344298467
200,demand_spike,dual_only,54,1.0,59134.0,56289.0,2845.0,1114,0,57,0.02819282564142262,16.92625128919061,0.08907622607228693,0.006530819620508572,2.863177836827085
200,demand_spike,dual_only,55,1.0,60252.0,57407.0,2845.0,1120,0,36,0.028087959953619217,16.919130256514542,0.09050698370938366,0.006405718418318493,2.8634672978456184
200,demand_spike,dual_only,56,1.0,61320.0,58475.0,2845.0,1110,0,54,0.027883255362664918,16.920953127890634,0.08981574809001006,0.006406659125989715,2.8637463238781904
200,demand_spike,dual_only,57,1.0,62416.0,59571.0,2845.0,1099,0,43,0.027772751432892984,16.887860973453904,0.09118679386410672,0.0062970473168047405,2.864015469201381
200,demand_spike,dual_only,58,1.0,63466.0,60621.0,2845.0,1097,0,64,0.02759707335707526,16.879489540200133,0.09079335752299796,0.0062868759690197515,2.8642752495192734
200,demand_spike,dual_only,59,1.0,64556.0,61711.0,2845.0,1101,0,45,0.027478992662364383,16.85404304701895,0.09138839936271821,0.0062280608614256475,2.8645261452614514
200,demand_spike,dual_only,60,1.0,65600.0,62755.0,2845.0,1086,0,67,0.02726526239812821,16.789461937325704,0.09124856841169784,0.00621236973528885,2.864768604548269
200,demand_spike,dual_only,61,1.0,66664.0,63819.0,2845.0,1086,0,60,0.02710899088450323,16.725206338674948,0.09126590480500106,0.00619880843651077,2.8650030458619784
200,demand_spike,dual_only,62,1.0,67713.0,64868.0,2845.0,1089,0,66,0.026943348511180014,16.683840975324213,0.0909217905426299,0.0061990919570971866,2.8652298604571538
200,demand_spike,dual_only,63,1.0,68777.0,65932.0,2845.0,1094,0,66,0.026789001157691106,16.624485379189643,0.09083334765699387,0.006191134575391176,2.8654494145396345
200,demand_spike,dual_only,64,1.0,69840.0,66995.0,2845.0,1100,0,59,0.02654679351614854,16.540492682411845,0.09136838146935593,0.006129749488406485,2.8656620512395317
200,demand_spike,dual_only,65,1.0,70910.0,68065.0,2845.0,1087,0,59,0.026412170706976386,16.47826464731116,0.09199262179641894,0.006079717899463056,2.8658680924006177
200,demand_spike,dual_only,66,1.0,71963.0,69118.0,2845.0,1100,0,68,0.02630762717250999,16.482177530497733,0.0925885592860607,0.006014829187166517,2.8660678402057727
200,demand_spike,dual_only,67,1.0,73060.0,70215.0,2845.0,1113,0,47,0.026175179628727608,16.437147497704522,0.0932139979046196,0.005960274495221445,2.866261578655688
200,demand_spike,dual_only,68,1.0,74136.0,71291.0,2845.0,1109,0,56,0.026050265859761966,16.4198217903502,0.09281408742411472,0.00596328430785907,2.8664495749161527
200,demand_spike,dual_only,69,1.0,75224.0,72379.0,2845.0,1108,0,49,0.025926148450325807,16.38086462830158,0.09343615082475645,0.0059090040318432215,2.86663208054723
200,demand_spike,dual_only,70,1.0,76304.0,73459.0,2845.0,1106,0,50,0.025812170620509223,16.35875500615409,0.09323677158495791,0.005903210121957157,2.8668093326263158
200,demand_spike,dual_only,71,1.0,77377.0,74532.0,2845.0,1098,0,54,0.025636680493784234,16.283968819925565,0.09312114289836038,0.005896962042863921,2.866981554775594
200,demand_spike,dual_only,72,1.0,78455.0,75610.0,2845.0,1105,0,56,0.025573513841010607,16.281105716509458,0.09295283347273961,0.005893775907483857,2.8671489581032303
200,demand_spike,dual_only,73,1.0,79548.0,76703.0,2845.0,1125,0,47,0.025493627469121566,16.298371124307003,0.09253297821376402,0.0058954366775134485,2.867311742066662
200,demand_spike,dual_only,74,1.0,80653.0,77808.0,2845.0,1116,0,39,0.025381070576919833,16.262678019142108,0.09302855510894363,0.005850630894172564,2.867470095265381
200,demand_spike,dual_only,75,1.0,81719.0,78874.0,2845.0,1103,0,55,0.02518626720267792,16.194411352654704,0.09291759058721859,0.005836849078376183,2.867624196169881
200,demand_spike,dual_only,76,1.0,82805.0,79960.0,2845.0,1094,0,50,0.025090283775636792,16.149453581690842,0.0938088068507388,0.0057750955375139735,2.8677742137926234
200,demand_spike,dual_only,77,1.0,83857.0,81012.0,2845.0,1100,0,64,0.02497506856973073,16.134619802883478,0.09473274638912701,0.005697452928105559,2.8679203083063793
200,demand_spike,dual_only,78,1.0,84946.0,82101.0,2845.0,1101,0,45,0.024814252793132287,16.051961785985444,0.09542709425116193,0.005648234955928935,2.868062631614699
200,demand_spike,dual_only,79,1.0,85999.0,83154.0,2845.0,1093,0,68,0.024712112218002128,16.01540016729908,0.09536387109782014,0.005641291848888841,2.8682013278787477
200,demand_spike,dual_only,80,1.0,87089.0,84244.0,2845.0,1118,0,51,0.02462507612346934,15.997616974740582,0.09514410465888648,0.005640405132799133,2.86833653400437
200,demand_spike,dual_only,81,1.0,88193.0,85348.0,2845.0,1121,0,42,0.02451455576831425,15.95965913947291,0.09527837562083427,0.005620254795873333,2.8684683800928656
200,demand_spike,dual_only,82,1.0,89264.0,86419.0,2845.0,1105,0,57,0.024358614465674555,15.896166669991285,0.09521409621906625,0.005610342647467222,2.868596989858539
200,demand_spike,dual_only,83,1.0,90353.0,87508.0,2845.0,1100,0,42,0.02414901593676909,15.78059308934484,0.0957402459134361,0.005571768210530395,2.868722481015889
200,demand_spike,dual_only,84,1.0,91402.0,88557.0,2845.0,1084,0,66,0.024053976781123292,15.740390133065667,0.09557038092372981,0.005573666751137855,2.8688449656389903
200,demand_spike,dual_only,85,1.0,92464.0,89619.0,2845.0,1094,0,60,0.0239123878049327,15.672047639741185,0.09547042598669979,0.005570615199205509,2.868964550495296
200,demand_spike,dual_only,86,1.0,93535.0,90690.0,2845.0,1097,0,58,0.02381729675979669,15.632866656798946,0.09535373199179072,0.005568949614830609,2.8690813373560724
200,demand_spike,dual_only,87,1.0,94598.0,91753.0,2845.0,1102,0,63,0.02371672604947134,15.601230503885258,0.09592405004832942,0.005523422277130238,2.869195423285254
200,demand_spike,dual_only,88,1.0,95686.0,92841.0,2845.0,1108,0,48,0.023614109099354966,15.556157185575426,0.09654727656164713,0.005479642333558631,2.8693069009084886
200,demand_spike,dual_only,89,1.0,96753.0,93908.0,2845.0,1097,0,59,0.023503309950713504,15.507097746155877,0.0965093671088094,0.005473127200517964,2.86941585866397
200,demand_spike,dual_only,90,1.0,97827.0,94982.0,2845.0,1100,0,52,0.023400222902126053,15.46379213535033,0.09706862817426679,0.005432696988497291,2.8695223810364094
200,demand_spike,dual_only,91,1.0,98887.0,96042.0,2845.0,1083,0,57,0.023241776138464038,15.371541543659959,0.09707634920259844,0.00542766548727925,2.8696265487755217
200,demand_spike,dual_only,92,1.0,99931.0,97086.0,2845.0,1085,0,76,0.023169038805165458,15.334025935806425,0.0970907732978298,0.005422918302301679,2.8697284391001676
200,demand_spike,dual_only,93,1.0,101017.0,98172.0,2845.0,1115,0,45,0.02305996578975086,15.303890788522894,0.09681475508622733,0.005423246717871922,2.8698281258892493
200,demand_spike,dual_only,94,1.0,102091.0,99246.0,2845.0,1095,0,58,0.02296242734941029,15.247239173986868,0.09690907095558725,0.005414913232616736,2.86992567986037
200,demand_spike,dual_only,95,1.0,103156.0,100311.0,2845.0,1107,0,62,0.022877540410505316,15.223809001365003,0.09680324102882515,0.005408925584704946,2.8700211687371175
200,demand_spike,dual_only,96,1.0,104271.0,101426.0,2845.0,1122,0,38,0.022809742743099104,15.195272769733362,0.09763324959956253,0.005356916730132268,2.8701146574058765
200,demand_spike,dual_only,97,1.0,105345.0,102500.0,2845.0,1114,0,52,0.022653734126051827,15.13707758512118,0.0976688986102225,0.005338612173882168,2.8702062080628434
200,demand_spike,dual_only,98,1.0,106441.0,103596.0,2845.0,1101,0,43,0.02257693368844165,15.091157349994711,0.09866673291423454,0.005282566761870892,2.8702958803520326
200,demand_spike,dual_only,99,1.0,107497.0,104652.0,2845.0,1095,0,60,0.022473524731504657,15.049217026101458,0.09859457943908342,0.005276722897860954,2.8703837314948424
200,demand_spike,dual_only,100,1.0,108568.0,105723.0,2845.0,1090,0,54,0.022386010982716944,14.998626968966631,0.09874365385712718,0.005265783877370495,2.8704698164118296
200,demand_spike,dual_only,101,1.0,109620.0,106775.0,2845.0,1087,0,64,0.022307139753262668,14.960520929222652,0.0986966766641792,0.005262945749279781,2.8705541878372016
200,demand_spike,dual_only,102,1.0,110693.0,107848.0,2845.0,1105,0,58,0.02224068242223466,14.934216920007652,0.0985437417246257,0.005264514698340981,2.870636896426535
200,demand_spike,dual_only,103,1.0,111777.0,108932.0,2845.0,1109,0,45,0.022098066741485282,14.865164079548732,0.09846903534651665,0.005258893299324982,2.8707179908581995
200,demand_spike,dual_only,104,1.0,112845.0,110000.0,2845.0,1093,0,64,0.022033463523355726,14.825973933544846,0.09848620355522991,0.005256317376074149,2.8707975179288945
200,demand_spike,dual_only,105,1.0,113927.0,111082.0,2845.0,1121,0,51,0.021960000592877303,14.817524597903795,0.0984262789705342,0.005244828132140607,2.870875522643695
200,demand_spike,dual_only,106,1.0,115030.0,112185.0,2845.0,1111,0,40,0.02187373277905921,14.770701114977015,0.09919293221744416,0.0052001410609346125,2.870952048300983
200,demand_spike,dual_only,107,1.0,116092.0,113247.0,2845.0,1102,0,64,0.02178595687856592,14.730218484187334,0.09958736543343603,0.0051728026580455,2.871027136572587
200,demand_spike,dual_only,108,1.0,117185.0,114340.0,2845.0,1106,0,38,0.02165524091649116,14.660482610427652,0.10002394522803804,0.005143542442400861,2.8711008275794523
200,demand_spike,dual_only,109,1.0,118236.0,115391.0,2845.0,1077,0,66,0.021579174947125468,14.611038969361609,0.10037891683618591,0.005124504116851402,2.871173159963128
200,demand_spike,dual_only,110,1.0,119291.0,116446.0,2845.0,1098,0,65,0.021507018870464044,14.582645012250044,0.1005072344547308,0.005110653802163733,2.87124417095332
200,demand_spike,dual_only,111,1.0,120369.0,117524.0,2845.0,1093,0,43,0.021301205521837493,14.455435015452109,0.10078183334440628,0.005092254371659301,2.871313896431803
200,demand_spike,dual_only,112,1.0,121393.0,118548.0,2845.0,1064,0,84,0.021204149684353756,14.38879330726899,0.10088452470394164,0.005087224521142955,2.8713823709928725
200,demand_spike,dual_only,113,1.0,122449.0,119604.0,2845.0,1100,0,61,0.021112521998724605,14.353709803227963,0.10088902520908699,0.005077276622226247,2.871449628000563
200,demand_spike,dual_only,114,1.0,123528.0,120683.0,2845.0,1089,0,54,0.02103450988636666,14.299811259002025,0.10155671019938006,0.005044083564093677,2.8715156996428757
200,demand_spike,dual_only,115,1.0,124571.0,121726.0,2845.0,1105,0,81,0.020971212412036165,14.280159481319822,0.10267165771853531,0.004981026979982593,2.871580616983125
200,demand_spike,dual_only,116,1.0,125703.0,122858.0,2845.0,1134,0,23,0.020861836075458016,14.225458552700141,0.10371021785668273,0.004924181433297944,2.8716444100086593
200,demand_spike,dual_only,117,1.0,126767.0,123922.0,2845.0,1093,0,65,0.02078495420834627,14.177932664095882,0.10365782408294966,0.004924860477881929,2.871707107677015
200,demand_spike,dual_only,118,1.0,127847.0,125002.0,2845.0,1112,0,48,0.020693887906854214,14.14189088793412,0.1034915524520942,0.00492357145307372,2.8717687379597696
200,demand_spike,dual_only,119,1.0,128943.0,126098.0,2845.0,1096,0,41,0.020629844761410183,14.098546920913266,0.10480616494619478,0.004861565596077233,2.871829327884149
200,demand_spike,safety_only,0,1.0,1413.0,1413.0,0.0,1413,0,93,,,,,
200,demand_spike,safety_only,1,1.0,2779.0,2779.0,0.0,1370,0,111,,,,,
200,demand_spike,safety_only,2,1.0,4142.0,4142.0,0.0,1391,0,88,1.8866671115566909,0.73430753902358,,,2.569314641744549
200,demand_spike,safety_only,3,1.0,5507.0,5507.0,0.0,1387,0,83,3.0892424756762207,1.1593890087996015,,,2.664543524416136
200,demand_spike,safety_only,4,1.0,6850.0,6850.0,0.0,1389,0,103,0.3679693250344745,1.5534525061338937,2.1363424848766863,0.040514049226747985,2.7367624810892592
200,demand_spike,safety_only,5,1.0,8258.0,8258.0,0.0,1454,0,64,0.42853077478148754,1.6833406593406595,2.983360522022838,0.030730533683289585,2.7767332549941246
200,demand_spike,safety_only,6,1.0,9692.0,9692.0,0.0,1459,0,56,0.42494276838654665,1.819910589177287,2.614937115629674,0.03186643218848656,2.8021133525456294
200,demand_spike,safety_only,7,1.0,11119.0,11119.0,0.0,1458,0,49,0.4056713955831607,1.646362780691139,2.8595018321814556,0.030560602128211784,2.81965881397238
200,demand_spike,safety_only,8,1.0,12548.0,12548.0,0.0,1437,0,52,0.3921705691767547,1.6206492452849086,2.7565752235764682,0.030991622405957403,2.8325123152709373
200,demand_spike,safety_only,9,1.0,13944.0,13944.0,0.0,1442,0,63,0.3662649440007694,1.504998583397418,2.7376943005181347,0.03127513603028152,2.8423339540657975
200,demand_spike,safety_only,10,1.0,15250.0,15250.0,0.0,1314,0,49,0.09422023701881836,0.4245711979677117,2.5261477457064148,0.0308231744607983,2.850083287062741
200,demand_spike,safety_only,11,0.964406779661017,16440.0,16335.0,105.0,1137,21,164,0.04656214699554338,1.1892014219987959,0.50795926339061,0.026985888695100678,2.8563535911602207
200,demand_spike,safety_only,12,0.926530612244898,17738.0,17363.0,375.0,1138,54,161,0.0361007617454043,1.9932070600796346,0.4265097241574265,0.014840088632664674,2.8615314076111873
200,demand_spike,safety_only,13,0.9434210526315789,19046.0,18546.0,500.0,1209,25,80,0.03431920333971602,6.277047340785909,0.12547279643330417,0.04496443893331053,0.9690876029521877
200,demand_spike,safety_only,14,0.9534591194968554,20181.0,19571.0,610.0,1119,22,223,0.033777310983043096,9.360595632555324,0.10079851474363224,0.036839943186852436,0.9717364715216029
200,demand_spike,safety_only,15,0.9891172914147521,21376.0,20721.0,655.0,1237,9,132,0.03342217101412761,10.43335662402462,0.10334553445485724,0.03284821109357424,0.9436417910447761
200,demand_spike,safety_only,16,0.9953051643192489,22609.0,21934.0,675.0,1248,4,126,0.03333781105653925,11.922465346120024,0.093530871347503,0.037679573401249555,0.7934326257769438
200,demand_spike,safety_only,17,1.0,23723.0,23048.0,675.0,1225,0,224,0.03395118496874741,12.38511053112766,0.11037527218724272,0.03129868530435051,0.7935187019791736
200,demand_spike,safety_only,18,1.0,25031.0,24356.0,675.0,1361,0,95,0.033356507642173364,12.271687314338804,0.11337270562155322,0.03323985214777862,0.7212879873312723
200,demand_spike,safety_only,19,1.0,26260.0,25585.0,675.0,1283,0,183,0.032998015818160184,12.167497981656346,0.11672198176767659,0.032602736515038845,0.712655820832453
200,demand_spike,safety_only,20,1.0,27512.0,26837.0,675.0,1372,0,199,0.03300234406813358,12.267031212946703,0.1374629582628554,0.02749297031267264,0.7118655372507169
200,demand_spike,safety_only,21,1.0,29001.0,28326.0,675.0,1542,0,59,0.03237429737989659,12.58339351810057,0.1358654711427176,0.03734579374782032,0.5070511590095632
200,demand_spike,safety_only,22,1.0,30528.0,29853.0,675.0,1536,0,47,0.0322920752167304,12.842152724133475,0.13462961615715832,0.036889979592548826,0.5063013698630139
200,demand_spike,safety_only,23,1.0,32068.0,31393.0,675.0,1558,0,18,0.032126475886218094,13.11474233036119,0.13314480762177744,0.03638765863695431,0.5056208560917375
200,demand_spike,safety_only,24,1.0,33600.0,32925.0,675.0,1539,0,18,0.031631875914518985,13.317133960386501,0.13527985998166905,0.035521077251793584,0.49430488974113157
200,demand_spike,safety_only,25,1.0,35105.0,34430.0,675.0,1505,0,24,0.03159167992572923,13.461870306264517,0.1375184449271884,0.034578115996769826,0.4935203201292266
200,demand_spike,safety_only,26,1.0,36577.0,35902.0,675.0,1472,0,28,0.03149132685859854,13.507900645576676,0.1401129249458658,0.03376402039039233,0.49280005633207796
200,demand_spike,safety_only,27,1.0,38018.0,37343.0,675.0,1441,0,31,0.03143264093168429,13.548810439958434,0.14261633291468362,0.03305406373075546,0.4921365035343456
200,demand_spike,safety_only,28,1.0,39403.0,38728.0,675.0,1406,0,60,0.03137227948709764,13.578389125791587,0.14181123623833153,0.03314691731635112,0.49152321759786544
200,demand_spike,safety_only,29,1.0,40778.0,40103.0,675.0,1406,0,58,0.03124571279761285,13.598890861771215,0.14037428300572818,0.03333941534190511,0.49095469509327505
200,demand_spike,safety_only,30,1.0,42139.0,41464.0,675.0,1402,0,79,0.031184753830488694,13.596428022463817,0.14003744324574988,0.03339639960703576,0.49042620768928274
200,demand_spike,safety_only,31,1.0,43529.0,42854.0,675.0,1437,0,66,0.03112247362369538,13.668512277778829,0.1384766425258891,0.03356132110991822,0.48993367033866114
200,demand_spike,safety_only,32,1.0,44946.0,44271.0,675.0,1436,0,48,0.03084450346988324,13.596765355098105,0.13833856723288643,0.03350191956412927,0.48947353547913075
200,demand_spike,safety_only,33,1.0,46323.0,45648.0,675.0,1414,0,76,0.03068545138342458,13.55108519639225,0.13752454845991494,0.033669093648004016,0.48904270744986467
200,demand_spike,safety_only,34,1.0,47712.0,47037.0,675.0,1422,0,61,0.030374850231304196,13.463673839972426,0.13874927139331958,0.033276082611784,0.4886384727561978
200,demand_spike,safety_only,35,1.0,49089.0,48414.0,675.0,1398,0,68,0.030033330623678047,13.318507309676152,0.13951918647728712,0.03310276314914801,0.48825844286118447
200,demand_spike,safety_only,36,1.0,50439.0,49764.0,675.0,1410,0,93,0.029971178102524188,13.318619427052958,0.14380697453784155,0.03207254227184984,0.4879005069550232
200,demand_spike,safety_only,37,1.0,51864.0,51189.0,675.0,1444,0,43,0.029767231391927242,13.284440599118641,0.14423546063419826,0.0318634333679796,0.4875627927293907
200,demand_spike,safety_only,38,1.0,53247.0,52572.0,675.0,1420,0,76,0.029659126602287214,13.245057527588292,0.1443129880217489,0.03184585524728979,0.4872436336173323
200,demand_spike,safety_only,39,1.0,54667.0,53992.0,675.0,1457,0,54,0.029571700129054718,13.283636892713128,0.14319649739172693,0.031926409271977776,0.4869415412886185
200,demand_spike,safety_only,40,1.0,56099.0,55424.0,675.0,1445,0,41,0.02933714582599229,13.212026387280392,0.14419087233468678,0.0316438491385529,0.4866551824425602
200,demand_spike,safety_only,41,1.0,57491.0,56816.0,675.0,1423,0,70,0.029217002824617585,13.167051990899996,0.14383178471838243,0.031718565297277325,0.48638335913481473
200,demand_spike,safety_only,42,1.0,58918.0,58243.0,675.0,1457,0,45,0.02913249255314731,13.20143007502272,0.1442757480883998,0.0314641048422129,0.48612499202585735
200,demand_spike,safety_only,43,1.0,60339.0,59664.0,675.0,1434,0,44,0.028842774544928687,13.092030548860166,0.1453236661841926,0.031200780330369337,0.48587910605714757
200,demand_spike,safety_only,44,1.0,61711.0,61036.0,675.0,1411,0,72,0.028673330956502114,13.030493105717188,0.14480283418779863,0.03129114645614089,0.4856448181541889
200,demand_spike,safety_only,45,1.0,63105.0,62430.0,675.0,1418,0,55,0.02846130244986822,12.952819381616873,0.14461976280697292,0.031299973012719605,0.4854213266295849
200,demand_spike,safety_only,46,1.0,64466.0,63791.0,675.0,1400,0,83,0.028314402563867226,12.880418351282694,0.1449983752342875,0.031245424726639447,0.4852079020180717
200,demand_spike,safety_only,47,1.0,65848.0,65173.0,675.0,1430,0,69,0.028177101463396362,12.862459583868771,0.14532524742935965,0.03108035777782493,0.48500387912275056
200,demand_spike,safety_only,48,1.0,67258.0,66583.0,675.0,1428,0,60,0.02798947889216611,12.77284480079475,0.1465378436889538,0.03084515954956121,0.48480865008979634
200,demand_spike,safety_only,49,1.0,68642.0,67967.0,675.0,1437,0,76,0.027804696831086044,12.723334967870136,0.14704365331909244,0.030666774475717244,0.48462165835976456
200,demand_spike,safety_only,50,1.0,70085.0,69410.0,675.0,1450,0,35,0.027628965755176316,12.66419972645674,0.14840770314066923,0.03034508037911714,0.4844423933687143
200,demand_spike,safety_only,51,1.0,71476.0,70801.0,675.0,1426,0,70,0.027536914863843884,12.628935028512306,0.14811322879429253,0.030399524571479593,0.4842703858929098
200,demand_spike,safety_only,52,1.0,72898.0,72223.0,675.0,1454,0,48,0.02741620075062219,12.623528496763086,0.14761508438591062,0.030391771576139603,0.4841052039477045
200,demand_spike,safety_only,53,1.0,74328.0,73653.0,675.0,1442,0,48,0.027329034833529376,12.587238842092834,0.14885527728911666,0.030139238656069867,0.48394644916514856
200,demand_spike,safety_only,54,1.0,75732.0,75057.0,675.0,1448,0,58,0.02720808376852305,12.58214354021122,0.14819197063737014,0.03016187880876968,0.4837937535863597
200,demand_spike,safety_only,55,1.0,77186.0,76511.0,675.0,1455,0,35,0.027126086955865658,12.551519354494681,0.1504097990104583,0.02970888965700184,0.48364677681429885
200,demand_spike,safety_only,56,1.0,78587.0,77912.0,675.0,1444,0,55,0.026950436509600367,12.523259889519121,0.14967358473943748,0.02973733858759726,0.48350520348056786
200,demand_spike,safety_only,57,1.0,80019.0,79344.0,675.0,1434,0,42,0.026860216925223192,12.478024092505645,0.1518035247205355,0.029336160892103367,0.4833687409865558
200,demand_spike,safety_only,58,1.0,81403.0,80728.0,675.0,1431,0,64,0.026709310032208965,12.445176852910881,0.15144408469346243,0.029325741150908687,0.483237117484882
200,demand_spike,safety_only,59,1.0,82827.0,82152.0,675.0,1435,0,45,0.026611352569520054,12.405954037651242,0.15240206942894,0.029133979998990648,0.4831100800718401
200,demand_spike,safety_only,60,1.0,84205.0,83530.0,675.0,1420,0,67,0.026420723381277236,12.335514803403068,0.1523872311740919,0.029100674292112005,0.48298739316553635
200,demand_spike,safety_only,61,1.0,85603.0,84928.0,675.0,1420,0,60,0.026282708685255615,12.27022264918278,0.15257360236165465,0.02907428876980422,0.48286883704785727
200,demand_spike,safety_only,62,1.0,86986.0,86311.0,675.0,1423,0,66,0.026137258436036037,12.219554547214392,0.1522670522616029,0.029098637252890042,0.48275420655126805
200,demand_spike,safety_only,63,1.0,88384.0,87709.0,675.0,1428,0,66,0.026002159202426663,12.160473230908375,0.15228855909616182,0.02909145003533043,0.4826433098739349
200,demand_spike,safety_only,64,1.0,89781.0,89106.0,675.0,1434,0,59,0.025784310585306947,12.080735570152758,0.15313937627626076,0.028883218190493967,0.4825359675087769
200,demand_spike,safety_only,65,1.0,91185.0,90510.0,675.0,1421,0,59,0.02566662712626071,12.023338929678053,0.15409441725095957,0.028715784775651596,0.48243201127386576
200,demand_spike,safety_only,66,1.0,92572.0,91897.0,675.0,1434,0,68,0.025578564872623975,12.008871911794936,0.15499896625776965,0.02849047756342218,0.4823312834331601
200,demand_spike,safety_only,67,1.0,94003.0,93328.0,675.0,1447,0,47,0.025461613458571866,11.960224732851776,0.15597861531194854,0.028302449275732642,0.4822336358979077
200,demand_spike,safety_only,68,1.0,95413.0,94738.0,675.0,1443,0,56,0.025352206982644752,11.932161206463105,0.1555393582026884,0.028332451751264514,0.48213892950020054
200,demand_spike,safety_only,69,1.0,96835.0,96160.0,675.0,1442,0,49,0.025242934908699242,11.888870468383818,0.15650818849977075,0.028143154372645134,0.482047033331209
200,demand_spike,safety_only,70,1.0,98249.0,97574.0,675.0,1440,0,50,0.025143079859543702,11.8573987559715,0.156358825486982,0.028138284418416745,0.4819578241374549
200,demand_spike,safety_only,71,1.0,99656.0,98981.0,675.0,1432,0,54,0.02498192182027132,11.788885307753507,0.15632732590205356,0.02813113439835955,0.48187118576928306
200,demand_spike,safety_only,72,1.0,101068.0,100393.0,675.0,1439,0,56,0.024933896519426058,11.775395976299679,0.15621015786066605,0.02813521745152082,0.48178700867633933
200,demand_spike,safety_only,73,1.0,102495.0,101820.0,675.0,1459,0,47,0.02486714350295059,11.77350173120997,0.15572048072928446,0.028157441324453816,0.48170518944544044
200,demand_spike,safety_only,74,1.0,103934.0,103259.0,675.0,1450,0,39,0.024767042882653006,11.735420690989802,0.15649531081750556,0.02800042181558527,0.48162563037674283
200,demand_spike,safety_only,75,1.0,105334.0,104659.0,675.0,1437,0,55,0.024586867471094086,11.672857695292342,0.156428532380966,0.02796212928693246,0.4815482390945584
200,demand_spike,safety_only,76,1.0,106754.0,106079.0,675.0,1428,0,50,0.0245004732180804,11.633850915105919,0.1576924272562505,0.02773756081841369,0.48147292818955456
200,demand_spike,safety_only,77,1.0,108140.0,107465.0,675.0,1434,0,64,0.02439764578677981,11.610910668538866,0.1590169033747618,0.02744938430644245,0.48139961488942334
200,demand_spike,safety_only,78,1.0,109563.0,108888.0,675.0,1435,0,45,0.024248123615636982,11.54110346890361,0.1600659427503129,0.027270339228531858,0.48132822075541704
200,demand_spike,safety_only,79,1.0,110950.0,110275.0,675.0,1427,0,68,0.02415905632750282,11.505372398983253,0.16008023656552542,0.027256055253380047,0.4812586714024087
200,demand_spike,safety_only,80,1.0,112374.0,111699.0,675.0,1452,0,51,0.0240845452602324,11.482795777285588,0.1598694000412796,0.027265160749156914,0.4811908962403708
200,demand_spike,safety_only,81,1.0,113812.0,113137.0,675.0,1455,0,42,0.02398428928911202,11.445273419223065,0.16014055778536135,0.02719828847746416,0.4811248282353958
200,demand_spike,safety_only,82,1.0,115217.0,114542.0,675.0,1439,0,57,0.023840457749297175,11.390449996561728,0.16012714808858936,0.027171219305541058,0.48106040368854674
200,demand_spike,safety_only,83,1.0,116640.0,115965.0,675.0,1434,0,42,0.02364170757235897,11.298631359164744,0.16093542062363603,0.027030774374250652,0.48099756203100735
200,demand_spike,safety_only,84,1.0,118023.0,117348.0,675.0,1418,0,66,0.023559625439377292,11.263724209707188,0.16078269284107827,0.027049520219727487,0.48093624563415543
200,demand_spike,safety_only,85,1.0,119419.0,118744.0,675.0,1428,0,60,0.02342864100747455,11.206475710089219,0.1607319548295597,0.027048448166679215,0.4808763996332884
200,demand_spike,safety_only,86,1.0,120824.0,120149.0,675.0,1431,0,58,0.023346187014895905,11.174168028221667,0.16062433851616603,0.02705258175466468,0.4808179717638912
200,demand_spike,safety_only,87,1.0,122221.0,121546.0,675.0,1436,0,63,0.023254229696686814,11.144027189259042,0.16145731586001497,0.026882701892558165,0.48076091220940204
200,demand_spike,safety_only,88,1.0,123643.0,122968.0,675.0,1442,0,48,0.0231596467007016,11.103725615661116,0.16239292078887305,0.02671882277873729,0.48070517345954605
200,demand_spike,safety_only,89,1.0,125044.0,124369.0,675.0,1431,0,59,0.0230566189126041,11.061865642893574,0.1623986545875705,0.026702703097510855,0.4806507101784045
200,demand_spike,safety_only,90,1.0,126452.0,125777.0,675.0,1434,0,52,0.02296093566760172,11.02301046413731,0.1632405687476676,0.026550932242804623,0.4805974790814292
200,demand_spike,safety_only,91,1.0,127846.0,127171.0,675.0,1417,0,57,0.02281043146050674,10.950698140428704,0.16332558710972905,0.02654012750230498,0.4805454388207143
200,demand_spike,safety_only,92,1.0,129224.0,128549.0,675.0,1419,0,76,0.022745149585743498,10.918323985318436,0.1634192875665857,0.026530231606725834,0.4804945498778829
200,demand_spike,safety_only,93,1.0,130644.0,129969.0,675.0,1449,0,45,0.02264404973100903,10.88977353274108,0.16307358447099124,0.026540442554677437,0.4804447744640055
200,demand_spike,safety_only,94,1.0,132052.0,131377.0,675.0,1429,0,58,0.0225525424304744,10.844024527119018,0.163268183665791,0.026515755414288713,0.4803960764260146
200,demand_spike,safety_only,95,1.0,133451.0,132776.0,675.0,1441,0,62,0.022474647969996996,10.820639268945616,0.16316750490285067,0.02650024803082829,0.48034842115913495
200,demand_spike,safety_only,96,1.0,134900.0,134225.0,675.0,1456,0,38,0.022412324443557567,10.794725515080303,0.16436657236191024,0.026299506930391875,0.4803017755248766
200,demand_spike,safety_only,97,1.0,136308.0,135633.0,675.0,1448,0,52,0.022265379371686284,10.747436245006506,0.16443385081884554,0.026233793610263685,0.48025610777418565
200,demand_spike,safety_only,98,1.0,137738.0,137063.0,675.0,1435,0,43,0.02219598054922757,10.711252239696606,0.16587302653757857,0.02601512191803686,0.48021138747538145
200,demand_spike,safety_only,99,1.0,139128.0,138453.0,675.0,1429,0,60,0.022100194261516055,10.675619807060585,0.16582586830833046,0.02599907359893619,0.48016758544652677
200,demand_spike,safety_only,100,1.0,140533.0,139858.0,675.0,1424,0,54,0.02202419726502911,10.637820211475443,0.1660933779791252,0.025962176577210824,0.4801246736919299
200,demand_spike,safety_only,101,1.0,141919.0,141244.0,675.0,1421,0,64,0.021952145061234093,10.60589441789386,0.1660898610694341,0.025957959706855063,0.4800826253424718
200,demand_spike,safety_only,102,1.0,143326.0,142651.0,675.0,1439,0,58,0.02189185470510955,10.581966728206686,0.16593602972545468,0.025971483884685353,0.48004141459950195
200,demand_spike,safety_only,103,1.0,144744.0,144069.0,675.0,1443,0,45,0.021757607978031,10.528134941875626,0.16587671266851756,0.02595566304400939,0.4800010166820582
200,demand_spike,safety_only,104,1.0,146146.0,145471.0,675.0,1427,0,64,0.02169908262736978,10.497831287694153,0.1659447711565654,0.025952063409087348,0.4799614077771717
200,demand_spike,safety_only,105,1.0,147562.0,146887.0,675.0,1455,0,51,0.02163244298210438,10.487672520525596,0.165864449329522,0.025912061661228298,0.4799225649930624
200,demand_spike,safety_only,106,1.0,148999.0,148324.0,675.0,1445,0,40,0.021552363410603178,10.451147325618177,0.1669725890187807,0.02573647468416633,0.4798844663150187
200,demand_spike,safety_only,107,1.0,150395.0,149720.0,675.0,1436,0,64,0.021469861145654242,10.417416967767403,0.1675708777775728,0.025631131429751333,0.47984709056379216
200,demand_spike,safety_only,108,1.0,151822.0,151147.0,675.0,1440,0,38,0.02134506307769907,10.363732306554377,0.1682182791669734,0.025517516074898907,0.47981041735633945
200,demand_spike,safety_only,109,1.0,153207.0,152532.0,675.0,1411,0,66,0.021273164445819236,10.326023275439303,0.1687529144164958,0.025445478385005802,0.47977442706875195
200,demand_spike,safety_only,110,1.0,154596.0,153921.0,675.0,1432,0,65,0.02120615579380194,10.30133215686531,0.16897536343853647,0.025394522487650346,0.47973910080124305
200,demand_spike,safety_only,111,1.0,156008.0,155333.0,675.0,1427,0,43,0.0210064335914164,10.20698048150824,0.16940960818462908,0.025324640138652176,0.4797044203450522
200,demand_spike,safety_only,112,1.0,157366.0,156691.0,675.0,1398,0,84,0.02091352489058473,10.158334503000898,0.1695804919057205,0.025309638768552814,0.47967036815115094
200,demand_spike,safety_only,113,1.0,158756.0,158081.0,675.0,1434,0,61,0.020827595640694755,10.129715708679651,0.1696099293252753,0.02527423359677374,0.4796369273006299
200,demand_spike,safety_only,114,1.0,160169.0,159494.0,675.0,1423,0,54,0.020752975489454945,10.090054803676697,0.17056631097612127,0.02514263097243221,0.4796040814766693
200,demand_spike,safety_only,115,1.0,161546.0,160871.0,675.0,1439,0,81,0.020694149212863906,10.072176793836016,0.17214901494083365,0.024886627243962425,0.47957181493799195
200,demand_spike,safety_only,116,1.0,163012.0,162337.0,675.0,1468,0,23,0.020590486622549597,10.029956261562619,0.17363377941372968,0.02465519331908639,0.479540112493711
200,demand_spike,safety_only,117,1.0,164410.0,163735.0,675.0,1427,0,65,0.020518379547483315,9.994393686860406,0.17359705407490703,0.02466309235717812,0.4795089594794791
200,demand_spike,safety_only,118,1.0,165824.0,165149.0,675.0,1446,0,48,0.02043165991918106,9.965124119823368,0.17338496987016822,0.024662692999033634,0.4794783417348753
200,demand_spike,safety_only,119,1.0,167254.0,166579.0,675.0,1430,0,41,0.020370539475305004,9.932615422554823,0.17525124404621678,0.024408217622009818,0.47944824558194
200,demand_spike,flex_only,0,1.0,1413.0,1413.0,0.0,1413,0,93,,,,,
200,demand_spike,flex_only,1,1.0,2779.0,2779.0,0.0,1370,0,111,,,,,
200,demand_spike,flex_only,2,1.0,4142.0,4142.0,0.0,1391,0,88,1.8866671115566909,0.73430753902358,,,2.569314641744549
200,demand_spike,flex_only,3,1.0,5507.0,5507.0,0.0,1387,0,83,3.0892424756762207,1.1593890087996015,,,2.664543524416136
200,demand_spike,flex_only,4,1.0,6850.0,6850.0,0.0,1389,0,103,0.3679693250344745,1.5534525061338937,2.1363424848766863,0.040514049226747985,2.7367624810892592
200,demand_spike,flex_only,5,1.0,8258.0,8258.0,0.0,1454,0,64,0.42853077478148754,1.6833406593406595,2.983360522022838,0.030730533683289585,2.7767332549941246
200,demand_spike,flex_only,6,1.0,9692.0,9692.0,0.0,1459,0,56,0.42494276838654665,1.819910589177287,2.614937115629674,0.03186643218848656,2.8021133525456294
200,demand_spike,flex_only,7,1.0,11119.0,11119.0,0.0,1458,0,49,0.4056713955831607,1.646362780691139,2.8595018321814556,0.030560602128211784,2.81965881397238
200,demand_spike,flex_only,8,1.0,12548.0,12548.0,0.0,1437,0,52,0.3921705691767547,1.6206492452849086,2.7565752235764682,0.030991622405957403,2.8325123152709373
200,demand_spike,flex_only,9,1.0,13944.0,13944.0,0.0,1442,0,63,0.3662649440007694,1.504998583397418,2.7376943005181347,0.03127513603028152,2.8423339540657975
200,demand_spike,flex_only,10,1.0,15250.0,15250.0,0.0,1314,0,49,0.09422023701881836,0.4245711979677117,2.5261477457064148,0.0308231744607983,2.850083287062741
200,demand_spike,flex_only,11,0.964406779661017,16440.0,16335.0,105.0,1137,21,164,0.04656214699554338,1.1892014219987959,0.50795926339061,0.026985888695100678,2.8563535911602207
200,demand_spike,flex_only,12,0.926530612244898,17738.0,17363.0,375.0,1153,54,161,0.0361007617454043,1.9932070600796346,0.4265097241574265,0.014840088632664674,2.8615314076111873
200,demand_spike,flex_only,13,0.9434210526315789,19080.0,18580.0,500.0,1232,25,61,0.03349020821092669,6.277047340785909,0.12547279643330417,0.014837302775045967,2.865879375790805
200,demand_spike,flex_only,14,0.9534591194968554,20238.0,19628.0,610.0,1147,22,204,0.033032983203325296,9.360595632555324,0.10079851474363224,0.012200328098612153,2.869582194455291
200,demand_spike,flex_only,15,0.9891172914147521,21447.0,20792.0,655.0,1253,9,127,0.03324997438887974,10.43335662402462,0.10334553445485724,0.010734310553806713,2.872773536895674
200,demand_spike,flex_only,16,0.9953051643192489,22707.0,22032.0,675.0,1264,4,110,0.03384080368793664,11.922465346120024,0.093530871347503,0.010553543714433521,2.875552533151988
200,demand_spike,flex_only,17,1.0,23832.0,23157.0,675.0,1249,0,213,0.034425719103564886,12.38511053112766,0.11037527218724272,0.008750269404846208,2.877994251038008
200,demand_spike,flex_only,18,1.0,25162.0,24487.0,675.0,1377,0,86,0.03439925794245063,12.271687314338804,0.11337270562155322,0.008584602360482519,2.8801565793435713
200,demand_spike,flex_only,19,1.0,26411.0,25736.0,675.0,1303,0,170,0.03434830771770282,12.167497981656346,0.11672198176767659,0.008391597463768585,2.8820848761036753
200,demand_spike,flex_only,20,1.0,27674.0,26999.0,675.0,1399,0,195,0.03426730556152789,12.267031212946703,0.1374629582628554,0.007046725864395963,2.8838151850851137
200,demand_spike,flex_only,21,1.0,29207.0,28532.0,675.0,1564,0,38,0.034048193524957054,12.58339351810057,0.1358654711427176,0.00690215495931906,2.8853765098946282
200,demand_spike,flex_only,22,1.0,30756.0,30081.0,675.0,1564,0,26,0.03386536840837004,12.842152724133475,0.13462961615715832,0.006785186749203075,2.886792452830188
200,demand_spike,flex_only,23,1.0,32303.0,31628.0,675.0,1565,0,18,0.0336062066767066,13.11474233036119,0.13314480762177744,0.006663860771833055,2.88808241629595
200,demand_spike,flex_only,24,1.0,33849.0,33174.0,675.0,1546,0,11,0.03346496785759401,13.317133960386501,0.13527985998166905,0.006429237930346327,2.8892624971979375
200,demand_spike,flex_only,25,1.0,35361.0,34686.0,675.0,1512,0,17,0.03333010363165278,13.461870306264517,0.1375184449271884,0.006229030394726603,2.8903461621156743
200,demand_spike,flex_only,26,1.0,36833.0,36158.0,675.0,1472,0,28,0.033140949818649075,13.507900645576676,0.1401129249458658,0.006056183340573167,2.8913447634786213
200,demand_spike,flex_only,27,1.0,38274.0,37599.0,675.0,1441,0,31,0.033003630803563576,13.548810439958434,0.14261633291468362,0.005905446846930993,2.892267938779568
200,demand_spike,flex_only,28,1.0,39659.0,38984.0,675.0,1413,0,60,0.03287140844995225,13.578389125791587,0.14181123623833153,0.005900548480626712,2.893123922620187
200,demand_spike,flex_only,29,1.0,41041.0,40366.0,675.0,1413,0,58,0.03267595575511615,13.598890861771215,0.14037428300572818,0.005914945804684379,2.8939197930142297
200,demand_spike,flex_only,30,1.0,42409.0,41734.0,675.0,1409,0,79,0.032554524016968435,13.596428022463817,0.14003744324574988,0.005906694902862554,2.8946616675593653
200,demand_spike,flex_only,31,1.0,43806.0,43131.0,675.0,1444,0,66,0.032436385419993455,13.668512277778829,0.1384766425258891,0.005918789305300662,2.895354860991193
200,demand_spike,flex_only,32,1.0,45230.0,44555.0,675.0,1443,0,48,0.03209794768952814,13.596765355098105,0.13833856723288643,0.005892495091744139,2.896004012706906
200,demand_spike,flex_only,33,1.0,46614.0,45939.0,675.0,1421,0,76,0.03188742958233484,13.55108519639225,0.13752454845991494,0.005907105197087622,2.896613190730838
200,demand_spike,flex_only,34,1.0,48010.0,47335.0,675.0,1429,0,61,0.03152320198701074,13.463673839972426,0.13874927139331958,0.005824513508756194,2.897185977047635
200,demand_spike,flex_only,35,1.0,49394.0,48719.0,675.0,1405,0,68,0.031130524130564313,13.318507309676152,0.13951918647728712,0.0057814888949619244,2.8977255380857874
200,demand_spike,flex_only,36,1.0,50751.0,50076.0,675.0,1417,0,93,0.031030409156878727,13.318619427052958,0.14380697453784155,0.005590038433680241,2.8982346832814123
200,demand_spike,flex_only,37,1.0,52183.0,51508.0,675.0,1451,0,43,0.030786033681818994,13.284440599118641,0.14423546063419826,0.005542845435810603,2.8987159140095238
200,demand_spike,flex_only,38,1.0,53573.0,52898.0,675.0,1427,0,76,0.030643146399644505,13.245057527588292,0.1443129880217489,0.005529682383202455,2.8991714646819267
200,demand_spike,flex_only,39,1.0,55000.0,54325.0,675.0,1464,0,54,0.030523662325529322,13.283636892713128,0.14319649739172693,0.005534121103624487,2.8996033374367403
200,demand_spike,flex_only,40,1.0,56439.0,55764.0,675.0,1452,0,41,0.03025429463834515,13.212026387280392,0.14419087233468678,0.005476206747306318,2.900013331555793
200,demand_spike,flex_only,41,1.0,57838.0,57163.0,675.0,1430,0,70,0.03010476247017484,13.167051990899996,0.14383178471838243,0.005480667172380753,2.9004030685216495
200,demand_spike,flex_only,42,1.0,59272.0,58597.0,675.0,1464,0,45,0.029993515647080207,13.20143007502272,0.1442757480883998,0.005428741510887694,2.9007740134500697
200,demand_spike,flex_only,43,1.0,60700.0,60025.0,675.0,1441,0,44,0.029672574063954023,13.092030548860166,0.1453236661841926,0.005375824127240273,2.901127493495229
200,demand_spike,flex_only,44,1.0,62079.0,61404.0,675.0,1418,0,72,0.029476890722195878,13.030493105717188,0.14480283418779863,0.005384265476977232,2.901464713715046
200,demand_spike,flex_only,45,1.0,63480.0,62805.0,675.0,1425,0,55,0.02923878060786318,12.952819381616873,0.14461976280697292,0.00537900323682607,2.9017867707963565
200,demand_spike,flex_only,46,1.0,64848.0,64173.0,675.0,1407,0,83,0.0290688160540209,12.880418351282694,0.1449983752342875,0.005363183594000836,2.9020946649693324
200,demand_spike,flex_only,47,1.0,66237.0,65562.0,675.0,1437,0,69,0.028909806126684347,12.862459583868771,0.14532524742935965,0.0053287386322945765,2.902389310383876
200,demand_spike,flex_only,48,1.0,67654.0,66979.0,675.0,1435,0,60,0.028700213908955947,12.77284480079475,0.1465378436889538,0.005282625292958233,2.902671544174703
200,demand_spike,flex_only,49,1.0,69045.0,68370.0,675.0,1444,0,76,0.02849453864955425,12.723334967870136,0.14704365331909244,0.005246576450092987,2.902942134404518
200,demand_spike,flex_only,50,1.0,70495.0,69820.0,675.0,1457,0,35,0.02829906932021056,12.66419972645674,0.14840770314066923,0.00518633702994552,2.9032017870439315
200,demand_spike,flex_only,51,1.0,71893.0,71218.0,675.0,1433,0,70,0.02819012967535088,12.628935028512306,0.14811322879429253,0.005190652695838747,2.9034511521217814
200,demand_spike,flex_only,52,1.0,73322.0,72647.0,675.0,1461,0,48,0.028052585252877203,12.623528496763086,0.14761508438591062,0.005184549365600033,2.9036908291585704
200,demand_spike,flex_only,53,1.0,74759.0,74084.0,675.0,1449,0,48,0.027950057673352853,12.587238842092834,0.14885527728911666,0.005136924069078416,2.903921371978738
200,demand_spike,flex_only,54,1.0,76170.0,75495.0,675.0,1455,0,58,0.027813624468244487,12.58214354021122,0.14819197063737014,0.005136416553392689,2.904143292982975
200,demand_spike,flex_only,55,1.0,77631.0,76956.0,675.0,1462,0,35,0.02771761869987887,12.551519354494681,0.1504097990104583,0.005055143364709852,2.904357066950054
200,demand_spike,flex_only,56,1.0,79039.0,78364.0,675.0,1451,0,55,0.027526510653619895,12.523259889519121,0.14967358473943748,0.005056008411556718,2.904563134427473
200,demand_spike,flex_only,57,1.0,80478.0,79803.0,675.0,1441,0,42,0.027423222986827984,12.478024092505645,0.1518035247205355,0.004984025772596783,2.904761904761907
200,demand_spike,flex_only,58,1.0,81869.0,81194.0,675.0,1438,0,64,0.02725849677467048,12.445176852910881,0.15144408469346243,0.004978623573539123,2.9049537588132943
200,demand_spike,flex_only,59,1.0,83300.0,82625.0,675.0,1442,0,45,0.02714830386447461,12.405954037651242,0.15240206942894,0.0049425918098303335,2.9051390513905138
200,demand_spike,flex_only,60,1.0,84685.0,84010.0,675.0,1427,0,67,0.026944051665725097,12.335514803403068,0.1523872311740919,0.004933593393859306,2.905318113441289
200,demand_spike,flex_only,61,1.0,86090.0,85415.0,675.0,1427,0,60,0.026793927374720746,12.27022264918278,0.15257360236165465,0.0049258928400639276,2.9054912540248887
200,demand_spike,flex_only,62,1.0,87480.0,86805.0,675.0,1430,0,66,0.026636653343606872,12.219554547214392,0.1522670522616029,0.004926899848175192,2.905658762092288
200,demand_spike,flex_only,63,1.0,88885.0,88210.0,675.0,1435,0,66,0.026490335235075893,12.160473230908375,0.15228855909616182,0.004922671511983126,2.9058209080953583
200,demand_spike,flex_only,64,1.0,90289.0,89614.0,675.0,1441,0,59,0.026260123662325947,12.080735570152758,0.15313937627626076,0.004884545963776686,2.905977945443995
200,demand_spike,flex_only,65,1.0,91700.0,91025.0,675.0,1428,0,59,0.02613230960710207,12.023338929678053,0.15409441725095957,0.004853452079666888,2.9061301118276055
200,demand_spike,flex_only,66,1.0,93094.0,92419.0,675.0,1441,0,68,0.026034979728307386,12.008871911794936,0.15499896625776965,0.004812703763667413,2.90627763041556
200,demand_spike,flex_only,67,1.0,94532.0,93857.0,675.0,1454,0,47,0.025908554548558258,11.960224732851776,0.15597861531194854,0.00477837581681886,2.9064207109492526
200,demand_spike,flex_only,68,1.0,95949.0,95274.0,675.0,1450,0,56,0.02579010741476272,11.932161206463105,0.1555393582026884,0.004780953401918062,2.906559550737071
200,demand_spike,flex_only,69,1.0,97378.0,96703.0,675.0,1449,0,49,0.02567208138154013,11.888870468383818,0.15650818849977075,0.004746615536640478,2.9066943355622166
200,demand_spike,flex_only,70,1.0,98799.0,98124.0,675.0,1447,0,50,0.025563901133275786,11.8573987559715,0.156358825486982,0.00474347244445514,2.9068252405120827
200,demand_spike,flex_only,71,1.0,100213.0,99538.0,675.0,1439,0,54,0.02539366147330408,11.788885307753507,0.15632732590205356,0.004740015469627652,2.90695243073706
200,demand_spike,flex_only,72,1.0,101632.0,100957.0,675.0,1446,0,56,0.025338664011401005,11.775395976299679,0.15621015786066605,0.004738517908385682,2.9070760621456433
200,demand_spike,flex_only,73,1.0,103066.0,102391.0,675.0,1466,0,47,0.02526484569412583,11.77350173120997,0.15572048072928446,0.00474013715176543,2.907196282041972
200,demand_spike,flex_only,74,1.0,104512.0,103837.0,675.0,1457,0,39,0.025157360332202148,11.735420690989802,0.15649531081750556,0.004711652517694545,2.9073132297113387
200,demand_spike,flex_only,75,1.0,105919.0,105244.0,675.0,1444,0,55,0.02496876875007812,11.672857695292342,0.156428532380966,0.004703218338819347,2.9074270369585182
200,demand_spike,flex_only,76,1.0,107346.0,106671.0,675.0,1435,0,50,0.024875632963287996,11.633850915105919,0.1576924272562505,0.004663526342103773,2.907537828603305
200,demand_spike,flex_only,77,1.0,108739.0,108064.0,675.0,1441,0,64,0.024766004338399285,11.610910668538866,0.1590169033747618,0.004613227576554166,2.9076457229371697
200,demand_spike,flex_only,78,1.0,110169.0,109494.0,675.0,1442,0,45,0.02460917321120707,11.54110346890361,0.1600659427503129,0.004581350962053545,2.9077508321445547
200,demand_spike,flex_only,79,1.0,111563.0,110888.0,675.0,1434,0,68,0.024513883673827862,11.505372398983253,0.16008023656552542,0.004577214194497794,2.907853262691974
200,demand_spike,flex_only,80,1.0,112994.0,112319.0,675.0,1459,0,51,0.024433528233723755,11.482795777285588,0.1598694000412796,0.00457705148827563,2.9079531156877025
200,demand_spike,flex_only,81,1.0,114439.0,113764.0,675.0,1462,0,42,0.024327214535642298,11.445273419223065,0.16014055778536135,0.004564181790855693,2.9080504872147013
200,demand_spike,flex_only,82,1.0,115851.0,115176.0,675.0,1446,0,57,0.024176868689735332,11.390449996561728,0.16012714808858936,0.0045580393949976785,2.908145468638979
200,demand_spike,flex_only,83,1.0,117281.0,116606.0,675.0,1441,0,42,0.02397100732617458,11.298631359164744,0.16093542062363603,0.0045329281929302875,2.908238146895538
200,demand_spike,flex_only,84,1.0,118671.0,117996.0,675.0,1425,0,66,0.023883599488479457,11.263724209707188,0.16078269284107827,0.004534558390156059,2.9083286047538004
200,demand_spike,flex_only,85,1.0,120074.0,119399.0,675.0,1435,0,60,0.02374675928962195,11.206475710089219,0.1607319548295597,0.004532902800552851,2.908416921064109
200,demand_spike,flex_only,86,1.0,121486.0,120811.0,675.0,1438,0,58,0.02365924575695265,11.174168028221667,0.16062433851616603,0.004532155518393698,2.9085031709870055
200,demand_spike,flex_only,87,1.0,122890.0,122215.0,675.0,1443,0,63,0.023562227163804947,11.144027189259042,0.16145731586001497,0.004502298914212965,2.9085874262065636
200,demand_spike,flex_only,88,1.0,124319.0,123644.0,675.0,1449,0,48,0.023462671216799423,11.103725615661116,0.16239292078887305,0.00447349777153689,2.9086697551290532
200,demand_spike,flex_only,89,1.0,125727.0,125052.0,675.0,1438,0,59,0.023354680407576572,11.061865642893574,0.1623986545875705,0.004469476857228999,2.9087502230682296
200,demand_spike,flex_only,90,1.0,127142.0,126467.0,675.0,1441,0,52,0.02325424542274733,11.02301046413731,0.1632405687476676,0.00444278971145394,2.908828892418091
200,demand_spike,flex_only,91,1.0,128543.0,127868.0,675.0,1424,0,57,0.02309840851854255,10.950698140428704,0.16332558710972905,0.004439727974068752,2.9089058228142624
200,demand_spike,flex_only,92,1.0,129928.0,129253.0,675.0,1426,0,76,0.02302898072229596,10.918323985318436,0.1634192875665857,0.004436847797715875,2.908981071284737
200,demand_spike,flex_only,93,1.0,131355.0,130680.0,675.0,1456,0,45,0.022923387852919808,10.88977353274108,0.16307358447099124,0.004437357818140737,2.909054692390872
200,demand_spike,flex_only,94,1.0,132770.0,132095.0,675.0,1436,0,58,0.022827606075481784,10.844024527119018,0.163268183665791,0.004432060447703554,2.909126738359327
200,demand_spike,flex_only,95,1.0,134176.0,133501.0,675.0,1448,0,62,0.022745696835883303,10.820639268945616,0.16316750490285067,0.004428324982690493,2.9091972592056132
200,demand_spike,flex_only,96,1.0,135632.0,134957.0,675.0,1463,0,38,0.0226796329717947,10.794725515080303,0.16436657236191024,0.004393670082926462,2.9092663028498973
200,demand_spike,flex_only,97,1.0,137047.0,136372.0,675.0,1455,0,52,0.022528031091145352,10.747436245006506,0.16443385081884554,0.0043816084160298585,2.909333915225574
200,demand_spike,flex_only,98,1.0,138484.0,137809.0,675.0,1442,0,43,0.02245498103996269,10.711252239696606,0.16587302653757857,0.004344034059399996,2.9094001403811887
200,demand_spike,flex_only,99,1.0,139881.0,139206.0,675.0,1436,0,60,0.02235531701849127,10.675619807060585,0.16582586830833046,0.0043403256351572505,2.909465020576132
200,demand_spike,flex_only,100,1.0,141293.0,140618.0,675.0,1431,0,54,0.022275750397802885,10.637820211475443,0.1660933779791252,0.004333160235083021,2.9095285963705604
200,demand_spike,flex_only,101,1.0,142686.0,142011.0,675.0,1428,0,64,0.022200247922460663,10.60589441789386,0.1660898610694341,0.004331471612988241,2.9095909067099694
200,demand_spike,flex_only,102,1.0,144100.0,143425.0,675.0,1446,0,58,0.022136710369240694,10.581966728206686,0.16593602972545468,0.004332763144866959,2.90965198900472
200,demand_spike,flex_only,103,1.0,145525.0,144850.0,675.0,1450,0,45,0.021998464369801452,10.528134941875626,0.16587671266851756,0.004329178725546386,2.909711879204972
200,demand_spike,flex_only,104,1.0,146934.0,146259.0,675.0,1434,0,64,0.021936850693026453,10.497831287694153,0.1659447711565654,0.004327652340198331,2.9097706118712154
200,demand_spike,flex_only,105,1.0,148357.0,147682.0,675.0,1462,0,51,0.021867096793024638,10.487672520525596,0.165864449329522,0.004320075598010364,2.9098282202407955
200,demand_spike,flex_only,106,1.0,149801.0,149126.0,675.0,1452,0,40,0.021783820621339555,10.451147325618177,0.1669725890187807,0.004289919221941747,2.9098847362906044
200,demand_spike,flex_only,107,1.0,151204.0,150529.0,675.0,1443,0,64,0.021698158999257377,10.417416967767403,0.1675708777775728,0.004271498244823763,2.909940190796301
200,demand_spike,flex_only,108,1.0,152638.0,151963.0,675.0,1447,0,38,0.021569817880775582,10.363732306554377,0.1682182791669734,0.004251722589673292,2.9099946133881787
200,demand_spike,flex_only,109,1.0,154030.0,153355.0,675.0,1418,0,66,0.021494996311813504,10.326023275439303,0.1687529144164958,0.004238896727109498,2.9100480326039513
200,demand_spike,flex_only,110,1.0,155426.0,154751.0,675.0,1439,0,65,0.02142517118456387,10.30133215686531,0.16897536343853647,0.004229602329333063,2.9101004759386595
200,demand_spike,flex_only,111,1.0,156845.0,156170.0,675.0,1434,0,43,0.02122132826413175,10.20698048150824,0.16940960818462908,0.004217174505303961,2.9101519698918565
200,demand_spike,flex_only,112,1.0,158210.0,157535.0,675.0,1405,0,84,0.021125458694555222,10.158334503000898,0.1695804919057205,0.004213902975347902,2.9102025400122744
200,demand_spike,flex_only,113,1.0,159607.0,158932.0,675.0,1441,0,61,0.021036693752688077,10.129715708679651,0.1696099293252753,0.004207250072542234,2.9102522109400577
200,demand_spike,flex_only,114,1.0,161027.0,160352.0,675.0,1430,0,54,0.020959402690327412,10.090054803676697,0.17056631097612127,0.0041846025040730645,2.910301006446827
200,demand_spike,flex_only,115,1.0,162411.0,161736.0,675.0,1446,0,81,0.02089810996852097,10.072176793836016,0.17214901494083365,0.004141274938436596,2.9103489494735855
200,demand_spike,flex_only,116,1.0,163884.0,163209.0,675.0,1475,0,23,0.020791587687923094,10.029956261562619,0.17363377941372968,0.004102062777550432,2.9103960621667206
200,demand_spike,flex_only,117,1.0,165289.0,164614.0,675.0,1434,0,65,0.02071697766677323,9.994393686860406,0.17359705407490703,0.004102688940499648,2.9104423659120697
200,demand_spike,flex_only,118,1.0,166710.0,166035.0,675.0,1453,0,48,0.020627659429958888,9.965124119823368,0.17338496987016822,0.0041019465534907745,2.910487881367323
200,demand_spike,flex_only,119,1.0,168147.0,167472.0,675.0,1437,0,41,0.020564229593796612,9.932615422554823,0.17525124404621678,0.004058964394195182,2.9105326284927378
200,demand_spike,dynalloc_only,0,1.0,1413.0,1413.0,0.0,1413,0,93,,,,,
200,demand_spike,dynalloc_only,1,1.0,2779.0,2779.0,0.0,1370,0,111,,,,,
200,demand_spike,dynalloc_only,2,1.0,4142.0,4142.0,0.0,1391,0,88,1.8866671115566909,0.73430753902358,,,2.569314641744549
200,demand_spike,dynalloc_only,3,1.0,5507.0,5507.0,0.0,1387,0,83,3.0892424756762207,1.1593890087996015,,,2.664543524416136
200,demand_spike,dynalloc_only,4,1.0,6850.0,6850.0,0.0,1389,0,103,0.3679693250344745,1.5534525061338937,2.1363424848766863,0.040514049226747985,2.7367624810892592
200,demand_spike,dynalloc_only,5,1.0,8258.0,8258.0,0.0,1454,0,64,0.42853077478148754,1.6833406593406595,2.983360522022838,0.030730533683289585,2.7767332549941246
200,demand_spike,dynalloc_only,6,1.0,9692.0,9692.0,0.0,1459,0,56,0.42494276838654665,1.819910589177287,2.614937115629674,0.03186643218848656,2.8021133525456294
200,demand_spike,dynalloc_only,7,1.0,11119.0,11119.0,0.0,1458,0,49,0.4056713955831607,1.646362780691139,2.8595018321814556,0.030560602128211784,2.81965881397238
200,demand_spike,dynalloc_only,8,1.0,12548.0,12548.0,0.0,1437,0,52,0.3921705691767547,1.6206492452849086,2.7565752235764682,0.030991622405957403,2.8325123152709373
200,demand_spike,dynalloc_only,9,1.0,13944.0,13944.0,0.0,1442,0,63,0.3662649440007694,1.504998583397418,2.7376943005181347,0.03127513603028152,2.8423339540657975
200,demand_spike,dynalloc_only,10,1.0,15250.0,15250.0,0.0,1314,0,49,0.09422023701881836,0.4245711979677117,2.5261477457064148,0.0308231744607983,2.850083287062741
200,demand_spike,dynalloc_only,11,0.964406779661017,16401.0,16296.0,105.0,1098,21,203,0.04656214699554338,1.1892014219987959,0.50795926339061,0.026985888695100678,2.8563535911602207
200,demand_spike,dynalloc_only,12,0.9768707482993197,17456.0,17266.0,190.0,1090,17,182,0.034060170389013,1.2317864388928765,1.0177938487625,0.00949408376070092,2.8615314076111873
200,demand_spike,dynalloc_only,13,0.9578947368421052,18710.0,18410.0,300.0,1203,22,118,0.034821238339486506,5.301109417344174,0.23189510282098597,0.16991455420745033,0.1667075564278705
200,demand_spike,dynalloc_only,14,0.9547169811320755,19738.0,19378.0,360.0,1038,12,322,0.035034577688090526,8.354947833468733,0.16165668421726184,0.1547750054274186,0.16759407069555296
200,demand_spike,dynalloc_only,15,0.9637243047158404,21039.0,20529.0,510.0,1271,30,171,0.03985266093459502,9.711848918671947,0.24973516999988207,0.09759482773766229,0.16836386876864082
200,demand_spike,dynalloc_only,16,0.9471830985915493,22454.0,21794.0,660.0,1327,30,167,0.04629084257876746,12.5091230788559,0.2348609466247397,0.2552750707449684,0.06172328161749004
200,demand_spike,dynalloc_only,17,0.9886877828054299,23618.0,22908.0,710.0,1174,10,338,0.10303368332915878,12.994983316793386,0.24639640032248927,0.24234714406868846,0.1327795628109378
200,demand_spike,dynalloc_only,18,1.0,24903.0,24193.0,710.0,1382,0,171,0.10097826659049494,13.03439302739574,0.27975910514713176,0.20812830417416023,0.13305209686601363
200,demand_spike,dynalloc_only,19,1.0,26316.0,25606.0,710.0,1466,0,96,0.09790276789777927,12.998300698507695,0.2833534897235916,0.2852018762071185,0.09320247534326052
200,demand_spike,dynalloc_only,20,1.0,27716.0,27006.0,710.0,1430,0,173,0.1519907794006869,13.013677260960797,0.27938629108321844,0.28651278930037305,0.1459043045803737
200,demand_spike,dynalloc_only,21,1.0,29248.0,28538.0,710.0,1533,0,48,0.14996863686942546,13.160408955493367,0.2751028070355922,0.28357372621470295,0.14607303311885744
200,demand_spike,dynalloc_only,22,1.0,30756.0,30046.0,710.0,1516,0,46,0.14732727935743398,13.194056513763035,0.27851819411371415,0.2833615729387629,0.14148496894142779
200,demand_spike,dynalloc_only,23,1.0,32252.0,31542.0,710.0,1496,0,54,0.1574709814255488,13.211144454759387,0.2808938195226596,0.27771610059210095,0.15279771181941176
200,demand_spike,dynalloc_only,24,1.0,33744.0,33034.0,710.0,1492,0,32,0.1564403597965036,13.238600365959357,0.28324377719038324,0.27277338163790626,0.15294819946142918
200,demand_spike,dynalloc_only,25,1.0,35202.0,34492.0,710.0,1461,0,38,0.15576244353508767,13.210749564989525,0.2859384551079084,0.2693556173622319,0.15308642752189086
200,demand_spike,dynalloc_only,26,1.0,36609.0,35899.0,710.0,1426,0,63,0.1546023519481825,13.198654267842958,0.28257251568714714,0.27055685436596844,0.15321383547024692
200,demand_spike,dynalloc_only,27,1.0,38018.0,37308.0,710.0,1424,0,52,0.1539155576073674,13.152711914413874,0.28321926121003305,0.2694713692371419,0.153331645908431
200,demand_spike,dynalloc_only,28,1.0,39385.0,38675.0,710.0,1426,0,82,0.15302920216697058,13.142643235224595,0.28179700206207614,0.26928618790166275,0.1534409039294577
200,demand_spike,dynalloc_only,29,1.0,40812.0,40102.0,710.0,1445,0,48,0.151962723316382,13.086905281592323,0.2815629871563176,0.26859375693796916,0.15354250820457174
200,demand_spike,dynalloc_only,30,1.0,42204.0,41494.0,710.0,1435,0,77,0.15126060241299122,13.041816288109352,0.28103837682574107,0.2686121383759949,0.15363723575833135
200,demand_spike,dynalloc_only,31,1.0,43642.0,42932.0,710.0,1468,0,49,0.1504910133060939,13.046811753346335,0.27899853161655125,0.26894136115450884,0.15372576187791243
200,demand_spike,dynalloc_only,32,1.0,45078.0,44368.0,710.0,1448,0,43,0.14883284070363242,12.924130947323803,0.2800377547001238,0.2673621962561196,0.15380867623620087
200,demand_spike,dynalloc_only,33,1.0,46462.0,45752.0,710.0,1422,0,76,0.1477630285263811,12.846718608844398,0.2788892758448749,0.2680039818586466,0.15388649604290514
200,demand_spike,dynalloc_only,34,1.0,47861.0,47151.0,710.0,1429,0,59,0.14598049411537206,12.719511226228033,0.280506214175249,0.2657510130201831,0.1539596768437702
200,demand_spike,dynalloc_only,35,1.0,49235.0,48525.0,710.0,1402,0,76,0.14410071708326913,12.557451141195273,0.28103407134515074,0.2650966510450772,0.154028621444397
200,demand_spike,dynalloc_only,36,1.0,50597.0,49887.0,710.0,1424,0,93,0.14358644638618903,12.529784053733584,0.28752528543397293,0.2586479081353011,0.1540936873279404
200,demand_spike,dynalloc_only,37,1.0,52034.0,51324.0,710.0,1457,0,45,0.1423368737814023,12.457419005653113,0.2883100694877425,0.2570818290313336,0.15415519285513518
200,demand_spike,dynalloc_only,38,1.0,53432.0,52722.0,710.0,1436,0,76,0.14164511435314067,12.397455148478196,0.288817954024284,0.2565208621207776,0.15421342247364364
200,demand_spike,dynalloc_only,39,1.0,54871.0,54161.0,710.0,1472,0,51,0.14093501991349863,12.392453136017552,0.28728460404256817,0.25660886624552287,0.1542686311166147
200,demand_spike,dynalloc_only,40,1.0,56314.0,55604.0,710.0,1457,0,42,0.13961488484690204,12.296330366025979,0.2886095914762587,0.2549296065824564,0.15432104793395535
200,demand_spike,dynalloc_only,41,1.0,57721.0,57011.0,710.0,1436,0,68,0.13888929867454175,12.23382574081397,0.2882409047257215,0.2551440847781968,0.15437087947150563
200,demand_spike,dynalloc_only,42,1.0,59157.0,58447.0,710.0,1468,0,47,0.1382216121447328,12.233023972844201,0.28877371247022376,0.2533877815585883,0.15441831239112933
200,demand_spike,dynalloc_only,43,1.0,60590.0,59880.0,710.0,1447,0,45,0.13669030708178692,12.108995512705055,0.29021208430300915,0.2518188248161416,0.15446351580724513
200,demand_spike,dynalloc_only,44,1.0,61977.0,61267.0,710.0,1425,0,71,0.13575183349334527,12.031855598101757,0.2895340233589561,0.25221233921539726,0.15450664330144862
200,demand_spike,dynalloc_only,45,1.0,63383.0,62673.0,710.0,1431,0,56,0.13461205581997765,11.939911907239793,0.28925325943655983,0.2521980058396535,0.15454783466580668
200,demand_spike,dynalloc_only,46,1.0,64759.0,64049.0,710.0,1414,0,82,0.13383655716373477,11.861775018784213,0.2899699597119057,0.25170885004444066,0.15458721741652015
200,demand_spike,dynalloc_only,47,1.0,66154.0,65444.0,710.0,1443,0,69,0.13301093719475277,11.822857754787423,0.290210437465509,0.250710432820837,0.15462490811248525
200,demand_spike,dynalloc_only,48,1.0,67577.0,66867.0,710.0,1441,0,60,0.1320437511016266,11.728515574739363,0.29202698930693954,0.24927054401169457,0.15466101350747663
200,demand_spike,dynalloc_only,49,1.0,68974.0,68264.0,710.0,1450,0,76,0.1310278879712615,11.663666939089468,0.2925772104876164,0.24820474870755954,0.15469563155993893
200,demand_spike,dynalloc_only,50,1.0,70430.0,69720.0,710.0,1463,0,35,0.13008898425354107,11.593212059828618,0.2944929259181447,0.24625812676969802,0.15472885232050407
200,demand_spike,dynalloc_only,51,1.0,71834.0,71124.0,710.0,1439,0,70,0.12957242917450362,11.548167024529137,0.2941479322655987,0.2464750107552231,0.1547607587141651
200,demand_spike,dynalloc_only,52,1.0,73269.0,72559.0,710.0,1467,0,48,0.1288345240984077,11.523784253664562,0.2931934977722414,0.24634054586497497,0.15479142723141173
200,demand_spike,dynalloc_only,53,1.0,74712.0,74002.0,710.0,1455,0,48,0.12835103977998538,11.479316502192097,0.2950172263697105,0.24479712761739414,0.15482092854045557
200,demand_spike,dynalloc_only,54,1.0,76129.0,75419.0,710.0,1461,0,58,0.1276186520435937,11.456103766448628,0.2938000839927207,0.24485894487232251,0.15484932803085705
200,demand_spike,dynalloc_only,55,1.0,77596.0,76886.0,710.0,1468,0,35,0.1271584365701957,11.417325575805263,0.2969586685272088,0.24215795406509796,0.1548766862973604
200,demand_spike,dynalloc_only,56,1.0,79010.0,78300.0,710.0,1457,0,55,0.12617008870698396,11.374029461926941,0.29559965909176306,0.24225800409641218,0.1549030595714682
200,demand_spike,dynalloc_only,57,1.0,80455.0,79745.0,710.0,1447,0,42,0.12569618486430031,11.325293084458652,0.2986859568343315,0.2398427117595486,0.15492850010722597
200,demand_spike,dynalloc_only,58,1.0,81852.0,81142.0,710.0,1444,0,64,0.12486393311289266,11.280512945671767,0.2979789554854816,0.23973002002272276,0.15495305652678695
200,demand_spike,dynalloc_only,59,1.0,83289.0,82579.0,710.0,1448,0,45,0.12434169150514145,11.236170706250725,0.29935987121113766,0.2385273824802786,0.1549767741305636
200,demand_spike,dynalloc_only,60,1.0,84680.0,83970.0,710.0,1433,0,67,0.12336848456765734,11.16082532878913,0.2992881675062169,0.2382799648932343,0.15499969517612983
200,demand_spike,dynalloc_only,61,1.0,86091.0,85381.0,710.0,1433,0,60,0.12267592783964788,11.094781789364076,0.2996252309183583,0.2380505908142031,0.15502185912948752
200,demand_spike,dynalloc_only,62,1.0,87487.0,86777.0,710.0,1436,0,66,0.12191966094120925,11.038742927460897,0.2991377735340435,0.23813863404969882,0.15504330289183751
200,demand_spike,dynalloc_only,63,1.0,88898.0,88188.0,710.0,1441,0,66,0.1212378226118966,10.97895083425833,0.29917587157751097,0.2380343148989543,0.15506406100460005
200,demand_spike,dynalloc_only,64,1.0,90308.0,89598.0,710.0,1447,0,59,0.12014485084823422,10.896866293644731,0.3002650860575735,0.2367724922263892,0.1550841658350765
200,demand_spike,dynalloc_only,65,1.0,91725.0,91015.0,710.0,1434,0,59,0.11955743760648875,10.841233965981887,0.3016290217187665,0.23572342582665348,0.15510364774485536
200,demand_spike,dynalloc_only,66,1.0,93125.0,92415.0,710.0,1447,0,68,0.11905507261420874,10.818437900612015,0.30270101879363587,0.23436598015591936,0.1551225352428021
200,demand_spike,dynalloc_only,67,1.0,94569.0,93859.0,710.0,1460,0,47,0.11846341699113572,10.76734513929062,0.3041152245887492,0.23319072781936417,0.1551408551242573
200,demand_spike,dynalloc_only,68,1.0,95992.0,95282.0,710.0,1456,0,56,0.11787053058755839,10.733571217967292,0.3033467534632967,0.23331663350558013,0.1551586325978697
200,demand_spike,dynalloc_only,69,1.0,97427.0,96717.0,710.0,1455,0,49,0.11731530445932806,10.687436258107684,0.30472650696866066,0.232138221172957,0.15517589140132798
200,demand_spike,dynalloc_only,70,1.0,98854.0,98144.0,710.0,1453,0,50,0.11678971891026994,10.650985797955238,0.30447579487793075,0.23205497022349716,0.15519265390710982
200,demand_spike,dynalloc_only,71,1.0,100274.0,99564.0,710.0,1445,0,54,0.11599576989093749,10.58261494090958,0.30445381626099466,0.23195887783195895,0.15520894121923526
200,demand_spike,dynalloc_only,72,1.0,101699.0,100989.0,710.0,1452,0,56,0.115731242078142,10.564791235486704,0.30427538487289946,0.23193262320494173,0.15522477326190853
200,demand_spike,dynalloc_only,73,1.0,103139.0,102429.0,710.0,1472,0,47,0.11533439644472106,10.554070116107043,0.3033960765503547,0.23201967034849239,0.1552401688608282
200,demand_spike,dynalloc_only,74,1.0,104591.0,103881.0,710.0,1463,0,39,0.11482458800395386,10.513852718328256,0.3044821674171486,0.23102827795309694,0.1552551458178644
200,demand_spike,dynalloc_only,75,1.0,106004.0,105294.0,710.0,1450,0,55,0.11391827401573715,10.449857924311594,0.304248156101232,0.2307641194150026,0.15526972097972602
200,demand_spike,dynalloc_only,76,1.0,107437.0,106727.0,710.0,1441,0,50,0.11347626775353345,10.413212810234018,0.30595824754817325,0.22936739168664436,0.15528391030117386
200,demand_spike,dynalloc_only,77,1.0,108836.0,108126.0,710.0,1447,0,64,0.11292433078667158,10.384959408985006,0.30761507971430846,0.22761977839701586,0.15529772890328036
200,demand_spike,dynalloc_only,78,1.0,110272.0,109562.0,710.0,1448,0,45,0.11220488629318387,10.318093148779353,0.30914460061428023,0.22648941476088458,0.15531119112718075
200,demand_spike,dynalloc_only,79,1.0,111672.0,110962.0,710.0,1440,0,68,0.11176285286155781,10.281353044254187,0.3091603988757505,0.2263726282307516,0.15532431058371882
200,demand_spike,dynalloc_only,80,1.0,113109.0,112399.0,710.0,1465,0,51,0.11137641800627418,10.255584017926736,0.30881968162572265,0.22638762584718636,0.1553371001993481
200,demand_spike,dynalloc_only,81,1.0,114560.0,113850.0,710.0,1468,0,42,0.11087200589436304,10.216627147622141,0.309183312165161,0.22593746593951353,0.1553495722586144
200,demand_spike,dynalloc_only,82,1.0,115978.0,115268.0,710.0,1452,0,57,0.11016111144443042,10.162396594589609,0.30908429804203597,0.22574136898127511,0.15536173844351267
200,demand_spike,dynalloc_only,83,1.0,117414.0,116704.0,710.0,1447,0,42,0.10921529421497776,10.076401592462267,0.310256001638723,0.22484360757228142,0.15537360986998155
200,demand_spike,dynalloc_only,84,1.0,118810.0,118100.0,710.0,1431,0,66,0.10881535552232997,10.042308414463491,0.310031938652593,0.22492646156320503,0.15538519712178073
200,demand_spike,dynalloc_only,85,1.0,120219.0,119509.0,710.0,1441,0,60,0.10818386109372227,9.98709760023611,0.3099670892007585,0.22488802820522788,0.15539651028196022
200,demand_spike,dynalloc_only,86,1.0,121637.0,120927.0,710.0,1444,0,58,0.10777507918932457,9.956206318753782,0.3097466234630994,0.22487736466739225,0.1554075589621258
200,demand_spike,dynalloc_only,87,1.0,123047.0,122337.0,710.0,1449,0,63,0.10730356981024268,9.925048378618124,0.31079446495266444,0.2238236439283994,0.15541835232967322
200,demand_spike,dynalloc_only,88,1.0,124482.0,123772.0,710.0,1455,0,48,0.10684062572173078,9.88515164499872,0.3121232411473758,0.22278975078722515,0.15542889913315833
200,demand_spike,dynalloc_only,89,1.0,125896.0,125186.0,710.0,1444,0,59,0.10633106097469296,9.84450767920249,0.3120764911331261,0.22266118545149868,0.15543920772594547
200,demand_spike,dynalloc_only,90,1.0,127317.0,126607.0,710.0,1447,0,52,0.10585960877457334,9.805790427492022,0.3132467444216693,0.22170341335994037,0.15544928608827438
200,demand_spike,dynalloc_only,91,1.0,128724.0,128014.0,710.0,1430,0,57,0.10514838427729328,9.738810002671464,0.31340339292037894,0.22160356903673897,0.15545914184786191
200,demand_spike,dynalloc_only,92,1.0,130115.0,129405.0,710.0,1432,0,76,0.1048349941603514,9.707828219434084,0.313562312128567,0.22152213953725983,0.15546878229915576
200,demand_spike,dynalloc_only,93,1.0,131548.0,130838.0,710.0,1462,0,45,0.10431420983884962,9.677592017652056,0.3129126409230696,0.22155599756236655,0.1554782144213395
200,demand_spike,dynalloc_only,94,1.0,132969.0,132259.0,710.0,1442,0,58,0.10387826705903255,9.635065429624403,0.3132217803476424,0.22137202972725809,0.15548744489518218
200,demand_spike,dynalloc_only,95,1.0,134381.0,133671.0,710.0,1454,0,62,0.10347777938640057,9.61009090968532,0.3129674168911758,0.22125847575589386,0.155496480118819
200,demand_spike,dynalloc_only,96,1.0,135843.0,135133.0,710.0,1469,0,38,0.10316622614840121,9.584503045204883,0.3146469581130735,0.21998807443258753,0.15550532622254118
200,demand_spike,dynalloc_only,97,1.0,137264.0,136554.0,710.0,1461,0,52,0.10243108796318837,9.537857345417569,0.31451961391416716,0.2195653313730337,0.15551398908266717
200,demand_spike,dynalloc_only,98,1.0,138707.0,137997.0,710.0,1448,0,43,0.10210531926116898,9.504722533557795,0.3165954632263675,0.2181780621193583,0.15552247433455935
200,demand_spike,dynalloc_only,99,1.0,140110.0,139400.0,710.0,1442,0,60,0.10163438346818873,9.46947362827073,0.31646248004422656,0.21806010668285714,0.1555307873848497
200,demand_spike,dynalloc_only,100,1.0,141528.0,140818.0,710.0,1437,0,54,0.1012853306006547,9.435271284943017,0.31687775262766515,0.21780171371139764,0.1555389334229274
200,demand_spike,dynalloc_only,101,1.0,142927.0,142217.0,710.0,1434,0,64,0.10093923016481265,9.404531931945062,0.31687844832220413,0.217755278421053,0.15554691743174245
200,demand_spike,dynalloc_only,102,1.0,144347.0,143637.0,710.0,1452,0,58,0.10064256092169017,9.38046595542181,0.31665180181792457,0.21781713579963052,0.15555474419796925
200,demand_spike,dynalloc_only,103,1.0,145778.0,145068.0,710.0,1456,0,45,0.09999663240704769,9.329496804417543,0.31650164350221827,0.21769401975394018,0.15556241832157677
200,demand_spike,dynalloc_only,104,1.0,147193.0,146483.0,710.0,1440,0,64,0.09971982475091265,9.30211755627344,0.3166076784283427,0.2176469290323133,0.1555699442248432
200,demand_spike,dynalloc_only,105,1.0,148622.0,147912.0,710.0,1468,0,51,0.09936023725581962,9.28945506621251,0.31626434129210446,0.21738313627524844,0.15557732616085476
200,demand_spike,dynalloc_only,106,1.0,150072.0,149362.0,710.0,1458,0,40,0.09897809339675467,9.255617258126883,0.3178249939818763,0.21626145979101008,0.15558456822151953
200,demand_spike,dynalloc_only,107,1.0,151481.0,150771.0,710.0,1449,0,64,0.0985777836765963,9.222881284619357,0.3186356502903247,0.21559153862273062,0.15559167434513152
200,demand_spike,dynalloc_only,108,1.0,152921.0,152211.0,710.0,1453,0,38,0.09798158430204684,9.172879644913204,0.3195132647154877,0.2148542997732853,0.15559864832351183
200,demand_spike,dynalloc_only,109,1.0,154319.0,153609.0,710.0,1424,0,66,0.09764350332533482,9.138981267804493,0.3202807592271385,0.21438272670091799,0.1556054938087557
200,demand_spike,dynalloc_only,110,1.0,155721.0,155011.0,710.0,1445,0,65,0.0973128518129755,9.114317329712897,0.3205411700133832,0.21405163741010716,0.15561221431960948
200,demand_spike,dynalloc_only,111,1.0,157146.0,156436.0,710.0,1440,0,43,0.09638199985751764,9.028611903190738,0.3211716055819185,0.2135874379651386,0.1556188132475022
200,demand_spike,dynalloc_only,112,1.0,158517.0,157807.0,710.0,1411,0,84,0.09594807799750442,8.985831527652735,0.32139637422006156,0.21347983087681344,0.15562529386225182
200,demand_spike,dynalloc_only,113,1.0,159920.0,159210.0,710.0,1447,0,61,0.09552115799546408,8.957647693552738,0.32131097965901256,0.21324658603766275,0.15563165931746825
200,demand_spike,dynalloc_only,114,1.0,161346.0,160636.0,710.0,1436,0,54,0.09517084201577536,8.922793655739437,0.3226626927108232,0.21239236972041958,0.15563791265566962
200,demand_spike,dynalloc_only,115,1.0,162736.0,162026.0,710.0,1452,0,81,0.09487247567751202,8.90424901074967,0.3247784866459652,0.21077696219915432,0.15564405681313206
200,demand_spike,dynalloc_only,116,1.0,164215.0,163505.0,710.0,1481,0,23,0.09437569054677478,8.864520415938296,0.32683410800908436,0.20928019730776015,0.15565009462448687
200,demand_spike,dynalloc_only,117,1.0,165626.0,164916.0,710.0,1440,0,65,0.09403773517671998,8.832495640516514,0.3267814646592525,0.20931259784158363,0.15565602882708068
200,demand_spike,dynalloc_only,118,1.0,167053.0,166343.0,710.0,1459,0,48,0.09360713390431054,8.803784461152881,0.32636266953783327,0.20929403387738962,0.15566186206511348
200,demand_spike,dynalloc_only,119,1.0,168496.0,167786.0,710.0,1443,0,41,0.09332020701883956,8.774886405336428,0.32901516466430797,0.20764431913804113,0.15566759689356785
200,demand_spike,all_combined,0,1.0,1707.0,1707.0,0.0,1707,0,93,,,,,
200,demand_spike,all_combined,1,1.0,3367.0,3367.0,0.0,1664,0,113,,,,,
200,demand_spike,all_combined,2,1.0,5024.0,5024.0,0.0,1685,0,91,1.7888738178082233,0.73430753902358,,,2.436137071651091
200,demand_spike,all_combined,3,1.0,6685.0,6685.0,0.0,1683,0,82,2.9433957691552517,1.1593890087996015,,,2.5387473460721868
200,demand_spike,all_combined,4,1.0,8325.0,8325.0,0.0,1686,0,101,0.35449338927796037,1.5534525061338937,2.1363424848766863,0.040514049226747985,2.6365355521936458
200,demand_spike,all_combined,5,1.0,10028.0,10028.0,0.0,1749,0,64,0.41524686481418166,1.6833406593406595,2.983360522022838,0.030730533683289585,2.690658049353702
200,demand_spike,all_combined,6,1.0,11757.0,11757.0,0.0,1754,0,56,0.41325210772044435,1.819910589177287,2.614937115629674,0.03186643218848656,2.725024015369837
200,demand_spike,all_combined,7,1.0,13479.0,13479.0,0.0,1753,0,49,0.3954740953052492,1.646362780691139,2.8595018321814556,0.030560602128211784,2.7487814784727864
200,demand_spike,all_combined,8,1.0,15203.0,15203.0,0.0,1732,0,52,0.3829874446687026,1.6206492452849086,2.7565752235764682,0.030991622405957403,2.7661857846586915
200,demand_spike,all_combined,9,1.0,16894.0,16894.0,0.0,1737,0,63,0.3581661613888286,1.504998583397418,2.7376943005181347,0.03127513603028152,2.779484792054626
200,demand_spike,all_combined,10,1.0,18495.0,18495.0,0.0,1609,0,49,0.09223322344833586,0.4245711979677117,2.5261477457064148,0.0308231744607983,2.7899777901166023
200,demand_spike,all_combined,11,0.9932203389830508,19824.0,19804.0,20.0,1361,4,218,0.04561854097457691,1.1892014219987959,0.50795926339061,0.026985888695100678,2.798468106479157
200,demand_spike,all_combined,12,1.0,21032.0,21012.0,20.0,1388,0,222,0.034456021192385736,1.0909151490962667,1.3695464607035748,0.008220350581442085,2.8054791380100865
200,demand_spike,all_combined,13,1.0,22548.0,22528.0,20.0,1529,0,69,0.033446897532294205,4.057712461890244,0.3618350246946949,0.016499934031307967,1.3806441590720793
200,demand_spike,all_combined,14,1.0,23792.0,23772.0,20.0,1356,0,319,0.03293510519755697,6.968075725904357,0.23462000168702332,0.014563015341719058,1.3833429228998855
200,demand_spike,all_combined,15,1.0,25233.0,25213.0,20.0,1617,0,202,0.03758211434787974,8.081420953627127,0.35140060368228154,0.009550613594606489,1.385669642857143
200,demand_spike,all_combined,16,1.0,26883.0,26863.0,20.0,1682,0,144,0.04480957338782946,9.841459022572135,0.3435061484966734,0.0356953504099294,0.37133437639696026
200,demand_spike,all_combined,17,1.0,28455.0,28435.0,20.0,1673,0,222,0.045616285233490095,10.03592163972088,0.3607896721212222,0.033837101359510055,0.37231917577796475
200,demand_spike,all_combined,18,1.0,30238.0,30218.0,20.0,1845,0,66,0.04466795553178957,10.120445459840926,0.3655006953614826,0.032357421254806805,0.3731937276697103
200,demand_spike,all_combined,19,1.0,32069.0,32049.0,20.0,1843,0,36,0.04347171526060165,10.103186867310617,0.3710991125682327,0.03375920038175257,0.34345221654467617
200,demand_spike,all_combined,20,1.0,33884.0,33864.0,20.0,1826,0,49,0.043235998131431114,10.14355444579732,0.37124069255832337,0.03338748621687643,0.3438872141031523
200,demand_spike,all_combined,21,1.0,35733.0,35713.0,20.0,1849,0,3,0.04273562287839432,10.247612169359934,0.3704038052198442,0.03270243199502193,0.3442800573709154
200,demand_spike,all_combined,22,1.0,37540.0,37520.0,20.0,1807,0,18,0.04245277029957264,10.28220697210354,0.3734984077304911,0.0320752133724425,0.344636590733361
200,demand_spike,all_combined,23,1.0,39323.0,39303.0,20.0,1783,0,17,0.04206897805518361,10.291023931863812,0.37587619455009,0.031527371668560206,0.3449616259238203
200,demand_spike,all_combined,24,1.0,41068.0,41048.0,20.0,1752,0,29,0.0418398309673821,10.307566370260986,0.3766328042417888,0.031215509467989185,0.3452591604508086
200,demand_spike,all_combined,25,1.0,42770.0,42750.0,20.0,1711,0,51,0.04168081767549052,10.281685967131452,0.3770317931805312,0.031117519132301923,0.3455325428332636
200,demand_spike,all_combined,26,1.0,44436.0,44416.0,20.0,1709,0,67,0.0413903157619506,10.254514060461048,0.3736232710053665,0.031242378531651266,0.34578459916670834
200,demand_spike,all_combined,27,1.0,46126.0,46106.0,20.0,1712,0,58,0.04121437564601775,10.214612357758163,0.3732833118107196,0.031238480909574238,0.34601773118175666
200,demand_spike,all_combined,28,1.0,47789.0,47769.0,20.0,1718,0,80,0.04098743561227488,10.193831331692657,0.37171653743055255,0.031241488427321502,0.3462339930151335
200,demand_spike,all_combined,29,1.0,49508.0,49488.0,20.0,1737,0,46,0.04070022144498525,10.14766132366891,0.37140521119676556,0.031171726887783833,0.34643515189645874
200,demand_spike,all_combined,30,1.0,51193.0,51173.0,20.0,1724,0,74,0.04051915854924433,10.103937069842194,0.37046003981984704,0.031229955797480752,0.3466227365495683
200,demand_spike,all_combined,31,1.0,52918.0,52898.0,20.0,1756,0,48,0.04030706065823503,10.109429372006286,0.36739492591794715,0.03129281646353207,0.3467980761152651
200,demand_spike,all_combined,32,1.0,54643.0,54623.0,20.0,1734,0,41,0.03987385731696898,10.007736083699335,0.36998295796725705,0.031037616205527738,0.3469623316926332
200,demand_spike,all_combined,33,1.0,56312.0,56292.0,20.0,1708,0,75,0.03958586010094077,9.9457304910367,0.3684657213304819,0.03111938616620228,0.3471165220820189
200,demand_spike,all_combined,34,1.0,57994.0,57974.0,20.0,1711,0,61,0.03912209716227167,9.836708538464412,0.3708620423721837,0.030881845448548068,0.3472615449362971
200,demand_spike,all_combined,35,1.0,59651.0,59631.0,20.0,1688,0,77,0.03862503852950522,9.709416885269047,0.37064696585112,0.030894969530409842,0.34739819424834656
200,demand_spike,all_combined,36,1.0,61301.0,61281.0,20.0,1709,0,92,0.03848845342517626,9.680044185750095,0.37600349936035515,0.030427933878396228,0.3475271748943699
200,demand_spike,all_combined,37,1.0,63019.0,62999.0,20.0,1741,0,48,0.038155897262181264,9.620399689221216,0.3754577201393115,0.030385500096998586,0.34764911479556004
200,demand_spike,all_combined,38,1.0,64705.0,64685.0,20.0,1724,0,75,0.03797351491685821,9.572204442050403,0.3752475760413572,0.03039944090998802,0.3477645751410496
200,demand_spike,all_combined,39,1.0,66430.0,66410.0,20.0,1758,0,52,0.037787902413375624,9.564855545768484,0.37319335069735954,0.030431154424922998,0.34787405902338275
200,demand_spike,all_combined,40,1.0,68161.0,68141.0,20.0,1745,0,41,0.03743338504931974,9.489291442477574,0.3749018488999072,0.03023819914905817,0.34797801876684326
200,demand_spike,all_combined,41,1.0,69857.0,69837.0,20.0,1723,0,66,0.03723808580845626,9.438786247463979,0.3747450234245583,0.0302454581763727,0.348076862173803
200,demand_spike,all_combined,42,1.0,71577.0,71557.0,20.0,1753,0,48,0.037062178501474974,9.438683167304294,0.37477810043158233,0.030092120157898295,0.3481709578709856
200,demand_spike,all_combined,43,1.0,73299.0,73279.0,20.0,1733,0,42,0.03665212948563404,9.340376074402492,0.37697437050039834,0.02988949869480409,0.348260639903411
200,demand_spike,all_combined,44,1.0,74966.0,74946.0,20.0,1708,0,74,0.03640282260628659,9.27864358956028,0.3763253697149356,0.029927881631397073,0.3483462116966998
200,demand_spike,all_combined,45,1.0,76659.0,76639.0,20.0,1717,0,55,0.03609849287557681,9.205349848817825,0.37618383670406513,0.029918213377470092,0.3484279494867951
200,demand_spike,all_combined,46,1.0,78319.0,78299.0,20.0,1699,0,83,0.035901281086909896,9.146388846649256,0.37708473203490184,0.02986833034965472,0.34850610529877873
200,demand_spike,all_combined,47,1.0,80000.0,79980.0,20.0,1729,0,69,0.035682825542657996,9.116496304655547,0.377466282121992,0.029747434304930664,0.34858090954246945
200,demand_spike,all_combined,48,1.0,81709.0,81689.0,20.0,1727,0,60,0.03542368727940139,9.041992893082021,0.3798600364502735,0.02958101852423155,0.34865257328110244
200,demand_spike,all_combined,49,1.0,83392.0,83372.0,20.0,1736,0,76,0.035156099954150075,8.992038972485297,0.3806763240053902,0.029451551640334122,0.3487212902201523
200,demand_spike,all_combined,50,1.0,85134.0,85114.0,20.0,1749,0,35,0.034910840472810796,8.937592958852877,0.3831626920018196,0.029227786772967463,0.34878723845575443
200,demand_spike,all_combined,51,1.0,86824.0,86804.0,20.0,1725,0,70,0.03477637216929861,8.90201569927105,0.3828289884693317,0.02925173641120357,0.34885058201596125
200,demand_spike,all_combined,52,1.0,88545.0,88525.0,20.0,1753,0,48,0.034578365925158436,8.884011186341171,0.3815700162081959,0.029235187221383106,0.3489114722229142
200,demand_spike,all_combined,53,1.0,90274.0,90254.0,20.0,1741,0,48,0.03444975328508571,8.848259873685382,0.38395895429185245,0.02905730233192473,0.34897004889975564
200,demand_spike,all_combined,54,1.0,91977.0,91957.0,20.0,1747,0,58,0.03425284794655809,8.831233024620886,0.3823806655105083,0.029061704877274403,0.3490264414425221
200,demand_spike,all_combined,55,1.0,93730.0,93710.0,20.0,1754,0,35,0.03412997527140164,8.800211749792643,0.3864381742506954,0.028749937494096663,0.3490807697743439
200,demand_spike,all_combined,56,1.0,95430.0,95410.0,20.0,1743,0,55,0.03386336965530812,8.768140459772768,0.38464176082555024,0.028759091210535576,0.34913314519673366
200,demand_spike,all_combined,57,1.0,97161.0,97141.0,20.0,1733,0,42,0.0337368464732035,8.729595155028223,0.38860989210626007,0.028480171716537096,0.3491836711507001
200,demand_spike,all_combined,58,1.0,98844.0,98824.0,20.0,1730,0,64,0.03351274135095799,8.69514979230211,0.38772468285403056,0.028463929437419645,0.3492324438986266
200,demand_spike,all_combined,59,1.0,100567.0,100547.0,20.0,1734,0,45,0.033373543643834866,8.660452262682488,0.38950465306749815,0.02832539259363923,0.3492795531363856
200,demand_spike,all_combined,60,1.0,102244.0,102224.0,20.0,1719,0,67,0.033112831852357937,8.601508762031365,0.38948811186292337,0.028294219011976807,0.34932508254386124
200,demand_spike,all_combined,61,1.0,103941.0,103921.0,20.0,1719,0,60,0.03292648934665031,8.549567356868383,0.38996128946714015,0.028268013393826386,0.34936911028100853
200,demand_spike,all_combined,62,1.0,105623.0,105603.0,20.0,1722,0,66,0.03272404586087522,8.505967643271433,0.38938581167032116,0.028276502353331318,0.34941170943561684
200,demand_spike,all_combined,63,1.0,107320.0,107300.0,20.0,1727,0,66,0.03254326208155881,8.460278027379882,0.3894540165310961,0.028263865133421835,0.34945294842818986
200,demand_spike,all_combined,64,1.0,109016.0,108996.0,20.0,1733,0,59,0.032254647514546694,8.397937941412774,0.39088324795164575,0.02811475052654513,0.34949289137864764
200,demand_spike,all_combined,65,1.0,110719.0,110699.0,20.0,1720,0,59,0.03209893921218403,8.355989186628753,0.39260399980865573,0.02799314206166594,0.34953159843899306
200,demand_spike,all_combined,66,1.0,112405.0,112385.0,20.0,1733,0,68,0.03196350916345639,8.339209140828414,0.39396585067407464,0.027831585001047685,0.34956912609556684
200,demand_spike,all_combined,67,1.0,114135.0,114115.0,20.0,1746,0,47,0.03180554900435191,8.299042054798479,0.39581461997657136,0.0276952193530174,0.3496055274440882
200,demand_spike,all_combined,68,1.0,115844.0,115824.0,20.0,1742,0,56,0.03164538034321342,8.273811314701138,0.39478246683433527,0.02770924422131074,0.34964085244030063
200,demand_spike,all_combined,69,1.0,117565.0,117545.0,20.0,1741,0,49,0.031497699040436755,8.237676621425852,0.39659016126650287,0.027571943909338658,0.3496751481287032
200,demand_spike,all_combined,70,1.0,119278.0,119258.0,20.0,1739,0,50,0.031356829513270325,8.209226438844581,0.39628592146746816,0.027562279251021487,0.34970845885157736
200,demand_spike,all_combined,71,1.0,120984.0,120964.0,20.0,1731,0,54,0.03114361422624798,8.155645452675245,0.396299507760272,0.0275512183536934,0.34974082644025806
200,demand_spike,all_combined,72,1.0,122695.0,122675.0,20.0,1738,0,56,0.031078189739290003,8.14305885603188,0.3960872321067994,0.027548115554771907,0.3497722903903849
200,demand_spike,all_combined,73,1.0,124421.0,124401.0,20.0,1758,0,47,0.030971173343737415,8.135753962674128,0.3949050959798706,0.027557747954484603,0.34980288802267895
200,demand_spike,all_combined,74,1.0,126159.0,126139.0,20.0,1749,0,39,0.030835051949431033,8.104613423076968,0.39629358384643093,0.027443215330944376,0.3498326546306166
200,demand_spike,all_combined,75,1.0,127858.0,127838.0,20.0,1736,0,55,0.030591398748453187,8.055715214416027,0.3959787065661586,0.02741113953064874,0.3498616236162361
200,demand_spike,all_combined,76,1.0,129577.0,129557.0,20.0,1727,0,50,0.030470694642204713,8.028894152881325,0.398052620581923,0.02724926671955549,0.3498898266151676
200,demand_spike,all_combined,77,1.0,131262.0,131242.0,20.0,1733,0,64,0.03032214225571248,8.008049891426424,0.4001543043499516,0.02704208734030162,0.34991729361187607
200,demand_spike,all_combined,78,1.0,132984.0,132964.0,20.0,1734,0,45,0.030129315099454077,7.955845495871484,0.4021387930766886,0.026910906745264824,0.3499440530460005
200,demand_spike,all_combined,79,1.0,134670.0,134650.0,20.0,1726,0,68,0.030015348827528977,7.928141329771773,0.40221202586094285,0.026895893643771193,0.34997013191057585
200,demand_spike,all_combined,80,1.0,136393.0,136373.0,20.0,1751,0,51,0.0299155230073517,7.909122352569474,0.40178484291238603,0.02689751923995633,0.3499955558428546
200,demand_spike,all_combined,81,1.0,138130.0,138110.0,20.0,1754,0,42,0.029780622864084953,7.878961830760115,0.4022521981590774,0.026845596634429092,0.35002034920837594
200,demand_spike,all_combined,82,1.0,139834.0,139814.0,20.0,1738,0,57,0.029591299900470405,7.837843924978546,0.4021191641876728,0.026821888897393554,0.35004453517885026
200,demand_spike,all_combined,83,1.0,141556.0,141536.0,20.0,1733,0,42,0.029337204896212023,7.7710201424309115,0.40363166866235006,0.026717934707708592,0.3500681358043918
200,demand_spike,all_combined,84,1.0,143238.0,143218.0,20.0,1717,0,66,0.0292363733128715,7.746346910339172,0.4033639123231689,0.026726885669181796,0.35009117208056983
200,demand_spike,all_combined,85,1.0,144933.0,144913.0,20.0,1727,0,60,0.029068902161209016,7.7037983045036995,0.4033179872101252,0.02672188401960635,0.35011366401070476
200,demand_spike,all_combined,86,1.0,146637.0,146617.0,20.0,1730,0,58,0.02896503829485876,7.68252593596232,0.4029826135619783,0.026720676849275413,0.3501356306638012
200,demand_spike,all_combined,87,1.0,148333.0,148313.0,20.0,1735,0,63,0.028837963997300806,7.659320447114905,0.40429320591362605,0.026595918152727632,0.3501570902284679
200,demand_spike,all_combined,88,1.0,150054.0,150034.0,20.0,1741,0,48,0.02871406903773298,7.628194102841284,0.40601908945059645,0.026475100631309735,0.3501780600631473
200,demand_spike,all_combined,89,1.0,151754.0,151734.0,20.0,1730,0,59,0.028576633672558444,7.597198158148889,0.4059364598819118,0.0264597173979353,0.35019855674294353
200,demand_spike,all_combined,90,1.0,153461.0,153441.0,20.0,1733,0,52,0.02844977174956373,7.5669980528990965,0.4074551016712554,0.026347305159208443,0.3502185961033183
200,demand_spike,all_combined,91,1.0,155154.0,155134.0,20.0,1716,0,57,0.02825874126290821,7.514968910428166,0.407675484757683,0.026335861198378878,0.3502381932808906
200,demand_spike,all_combined,92,1.0,156831.0,156811.0,20.0,1718,0,76,0.02817655479895705,7.491194740343281,0.40792345823136283,0.0263251496563835,0.3502573627515696
200,demand_spike,all_combined,93,1.0,158550.0,158530.0,20.0,1748,0,45,0.028035905852065595,7.468910444843124,0.4070178465907823,0.026328939113261004,0.35027611836621253
200,demand_spike,all_combined,94,1.0,160257.0,160237.0,20.0,1728,0,58,0.027918467406695062,7.435895274368405,0.40741868420761507,0.026307772761884084,0.35029447338400443
200,demand_spike,all_combined,95,1.0,161955.0,161935.0,20.0,1740,0,62,0.027810642830679348,7.417186629510687,0.40707254136224874,0.026293260955155037,0.3503124405037126
200,demand_spike,all_combined,96,1.0,163703.0,163683.0,20.0,1755,0,38,0.02772627534298067,7.397518277247958,0.40919505463178896,0.026145547461772833,0.3503300318929905
200,demand_spike,all_combined,97,1.0,165410.0,165390.0,20.0,1747,0,52,0.027528762155217185,7.363234028474167,0.4089439115196198,0.026094898294049974,0.35034725921585314
200,demand_spike,all_combined,98,1.0,167139.0,167119.0,20.0,1734,0,43,0.027444249686719602,7.338358036851413,0.41159653007390695,0.02593349910614934,0.3503641336584724
200,demand_spike,all_combined,99,1.0,168828.0,168808.0,20.0,1728,0,60,0.027319250793614153,7.311698263684901,0.4114305006637338,0.02591874126214643,0.35038066595339384
200,demand_spike,all_combined,100,1.0,170532.0,170512.0,20.0,1723,0,54,0.027234292621693176,7.287406448525764,0.41197337267166173,0.025888908844755636,0.35039686640230433
200,demand_spike,all_combined,101,1.0,172217.0,172197.0,20.0,1720,0,64,0.027143511951845507,7.26394320261098,0.41200408703657093,0.025882855066346248,0.350412744897437
200,demand_spike,all_combined,102,1.0,173923.0,173903.0,20.0,1738,0,58,0.027065280962352264,7.245526814556188,0.411732973683505,0.025889742890247626,0.35042831094171434
200,demand_spike,all_combined,103,1.0,175640.0,175620.0,20.0,1742,0,45,0.026893948487704586,7.207074658139014,0.411519735464026,0.025875382570007283,0.3504435736677116
200,demand_spike,all_combined,104,1.0,177341.0,177321.0,20.0,1726,0,64,0.02682165938995693,7.186795927170573,0.4116404630207302,0.02586995196729022,0.3504585418555268
200,demand_spike,all_combined,105,1.0,179056.0,179036.0,20.0,1754,0,51,0.026725243554995448,7.179020355853003,0.411093541290008,0.025838124692955752,0.35047322394962105
200,demand_spike,all_combined,106,1.0,180792.0,180772.0,20.0,1744,0,40,0.02662425038648101,7.153563984828803,0.4130681512310457,0.02570753996724806,0.35048762807470646
200,demand_spike,all_combined,107,1.0,182487.0,182467.0,20.0,1735,0,64,0.026516996565779147,7.128261712565553,0.41413020282466273,0.025627933319438478,0.35050176205073735
200,demand_spike,all_combined,108,1.0,184213.0,184193.0,20.0,1739,0,38,0.02635699490036768,7.0899848006771125,0.41522730398957003,0.025542140650194493,0.3505156334070665
200,demand_spike,all_combined,109,1.0,185897.0,185877.0,20.0,1710,0,66,0.02626603997633265,7.064036464675016,0.4162011294045542,0.02548673194136897,0.3505292493958208
200,demand_spike,all_combined,110,1.0,187585.0,187565.0,20.0,1731,0,65,0.026177828066606703,7.045234748710021,0.4165473527105749,0.025446786095960308,0.3505426170045426
200,demand_spike,all_combined,111,1.0,189296.0,189276.0,20.0,1726,0,43,0.025927605386622605,6.978750130284394,0.41736407979848306,0.025392917628530944,0.35055574296815034
200,demand_spike,all_combined,112,1.0,190953.0,190933.0,20.0,1697,0,84,0.02581065316432775,6.9463228371940025,0.41762723060214196,0.02537944769748561,0.3505686337802478
200,demand_spike,all_combined,113,1.0,192642.0,192622.0,20.0,1733,0,61,0.025696522841510465,6.925529562887142,0.41748200390681284,0.025350986938650347,0.3505812957038392
200,demand_spike,all_combined,114,1.0,194354.0,194334.0,20.0,1722,0,54,0.025601578041250787,6.899097378921819,0.4191624943366548,0.02525154140660573,0.3505937347814765
200,demand_spike,all_combined,115,1.0,196030.0,196010.0,20.0,1738,0,81,0.025521388192213196,6.885318742446253,0.42187845144598124,0.025059569719990283,0.3506059568448705
200,demand_spike,all_combined,116,1.0,197795.0,197775.0,20.0,1767,0,23,0.025389159226873965,6.855206352349606,0.4244795533765218,0.024884954065703686,0.35061796752401203
200,demand_spike,all_combined,117,1.0,199492.0,199472.0,20.0,1726,0,65,0.02529975611766023,6.831077061039418,0.4244020277548124,0.024888625346648863,0.35062977225581526
200,demand_spike,all_combined,118,1.0,201205.0,201185.0,20.0,1745,0,48,0.02518331074520098,6.80953261129013,0.42381351811439905,0.02488614074826313,0.35064137629232567
200,demand_spike,all_combined,119,1.0,202934.0,202914.0,20.0,1729,0,41,0.02510559490606439,6.7874183577233405,0.4271746481149295,0.024693527602958402,0.3506527847085114
