seed,scenario,strategy,step,fill_rate,total_cost,holding_cost,backlog_cost,total_inventory,total_backlog,total_pipeline,bullwhip_total,bullwhip_retailer,bullwhip_dc,bullwhip_plant,bullwhip_supplier
2411,capacity_loss,baseline,0,1.0,407.0,407.0,0.0,407,0,89,,,,,
2411,capacity_loss,baseline,1,1.0,771.0,771.0,0.0,370,0,105,,,,,
2411,capacity_loss,baseline,2,1.0,1156.0,1156.0,0.0,402,0,76,1.6852779736625254,0.6395474137931033,,,2.6351102941176476
2411,capacity_loss,baseline,3,1.0,1549.0,1549.0,0.0,417,0,58,2.404403841670084,0.8562540693047819,,,2.808049535603715
2411,capacity_loss,baseline,4,1.0,1945.0,1945.0,0.0,407,0,48,0.2800897823729429,1.555516698723553,0.44525267993874434,0.13327601031814273,3.0343387470997674
2411,capacity_loss,baseline,5,0.9606741573033708,2344.0,2309.0,35.0,393,7,63,0.33857949686139804,2.1296192294732115,0.3325371549893843,0.1602154828411812,2.9841045566937474
2411,capacity_loss,baseline,6,0.9852216748768473,2746.0,2696.0,50.0,410,3,40,0.3642058247504266,3.3408395704523257,0.22666239384713985,0.1613176869786512,2.981465640148274
2411,capacity_loss,baseline,7,0.9208333333333333,3227.0,3082.0,145.0,402,19,43,0.31102341069038986,4.1190814393939394,0.1762559111781235,0.1437736949547973,2.9796796557494623
2411,capacity_loss,baseline,8,0.9213483146067416,3633.0,3448.0,185.0,396,8,54,0.29567166778828374,5.325245564289388,0.13006186582400558,0.14333044095606212,2.9783906153529545
2411,capacity_loss,baseline,9,0.9060402684563759,4103.0,3838.0,265.0,408,16,36,0.28141715364391395,5.574718312530823,0.11438664400805643,0.14822202352293828,2.977416440831075
2411,capacity_loss,baseline,10,0.8738738738738738,4605.0,4215.0,390.0,396,25,46,0.257720035702686,6.491240724683277,0.09900004815177439,0.13472762645914393,2.976654322975366
2411,capacity_loss,baseline,11,0.8637602179836512,5091.0,4576.0,515.0,395,25,55,0.24905804805579113,7.044900800556909,0.10914919686466706,0.10883438413040138,2.976041817917816
2411,capacity_loss,baseline,12,0.8546365914786967,5664.0,4969.0,695.0,406,36,33,0.23299778386128173,7.243836600582135,0.10290967389821258,0.10504159899234311,2.975538807351582
2411,capacity_loss,baseline,13,0.8434579439252337,6270.0,5330.0,940.0,389,49,58,0.22071650260539777,8.58067889908257,0.08380852359433665,0.1031622297396676,2.975118339604321
2411,capacity_loss,baseline,14,0.8747203579418344,6835.0,5705.0,1130.0,400,38,42,0.21743999225758912,9.885704257828596,0.08075905356758252,0.09155633869892373,2.9747616376892876
2411,capacity_loss,baseline,15,0.8680851063829788,7380.0,6090.0,1290.0,400,32,40,0.2158003951433438,10.669662257039391,0.07982047180607574,0.0851882777019734,2.9744552184339486
2411,capacity_loss,baseline,16,0.8642714570858283,7774.0,6449.0,1325.0,390,7,56,0.2058321535712355,10.562133775021605,0.0777578740499835,0.08426526504137777,2.974189149702933
2411,capacity_loss,baseline,17,0.8419117647058824,8443.0,6833.0,1610.0,403,57,37,0.1845784801688228,9.444540708896298,0.08115060393317312,0.08097928436911483,2.9739559535776294
2411,capacity_loss,baseline,18,0.8321678321678322,9174.0,7209.0,1965.0,394,71,46,0.1778603815418434,10.286341916120373,0.07804568598910042,0.07450148372206375,2.9737498924175916
2411,capacity_loss,baseline,19,0.8414023372287145,9808.0,7568.0,2240.0,392,55,53,0.17514630219488303,11.043182528282975,0.07545627999306184,0.07068604413567635,2.97356649044327
2411,capacity_loss,baseline,20,0.8343949044585988,10466.0,7961.0,2505.0,406,53,32,0.1709586276446492,11.547907344037903,0.07129765271589113,0.06983270115694226,2.973402204918665
2411,capacity_loss,baseline,21,0.8177710843373494,11095.0,8325.0,2770.0,389,53,55,0.16327843464878253,11.645707519242153,0.07081728841972279,0.06658733221836272,2.973254195061185
2411,capacity_loss,baseline,22,0.8220946915351507,11576.0,8691.0,2885.0,397,23,48,0.15617331284138083,11.551127722036856,0.07359071090955677,0.06179409516800181,2.973120156391815
2411,capacity_loss,baseline,23,0.8183079056865464,12371.0,9086.0,3285.0,405,80,33,0.15282609966806848,11.429624122315468,0.07549618101268467,0.05957251723511552,2.972998199879993
2411,capacity_loss,baseline,24,0.8140770252324038,13134.0,9439.0,3695.0,386,82,62,0.14637244540070318,11.807902308648833,0.07136966339147874,0.05842444041920041,2.9728867623604462
2411,capacity_loss,baseline,25,0.8209718670076727,14019.0,9824.0,4195.0,405,100,34,0.14495966375246153,12.365553479808124,0.06907587553202973,0.05708786231884057,2.9727845391719185
2411,capacity_loss,baseline,26,0.8088779284833539,14830.0,10205.0,4625.0,396,86,44,0.14307992840059555,13.087108855561667,0.06748610185964868,0.05449679613190693,2.9726904328419588
2411,capacity_loss,baseline,27,0.8135391923990499,15638.0,10558.0,5080.0,388,91,58,0.14121446505242763,13.263381199514304,0.06797515640276468,0.0526911565321941,2.9726035135287807
2411,capacity_loss,baseline,28,0.8166089965397924,16524.0,10949.0,5575.0,406,99,32,0.1390550588993388,13.838289267300327,0.06498676301400474,0.052018073202535084,2.9725229881930475
2411,capacity_loss,baseline,29,0.8127802690582959,17301.0,11316.0,5985.0,391,82,54,0.13423653980015463,14.555327356651281,0.06278235878189103,0.04941932980404113,2.9724481763316732
2411,capacity_loss,baseline,30,0.81445523193096,17930.0,11685.0,6245.0,397,52,46,0.12719517851483714,14.2624588182722,0.06274538160528045,0.047817885842743074,2.9723784906999127
2411,capacity_loss,baseline,31,0.8119747899159664,18489.0,12074.0,6415.0,403,34,36,0.12523962829628071,14.318797494054179,0.06198861593253995,0.04747103282039606,2.972313421865046
2411,capacity_loss,baseline,32,0.7989949748743719,19095.0,12435.0,6660.0,389,49,56,0.11833569766934765,13.49871634471642,0.06320339993530212,0.04666563268145265,2.972252525731632
2411,capacity_loss,baseline,33,0.7959381044487428,20217.0,12812.0,7405.0,400,149,40,0.11456966907306805,13.103685215717352,0.06500685499641133,0.04525219936178839,2.9721954133921606
2411,capacity_loss,baseline,34,0.7939508506616257,21259.0,13194.0,8065.0,398,132,41,0.11302208652718762,13.467029999509005,0.06347823470630225,0.044483314038355065,2.9721417428125694
2411,capacity_loss,baseline,35,0.7950367647058824,22481.0,13551.0,8930.0,391,173,57,0.1101616497053252,13.556311421707797,0.06254003947730055,0.04371883789312196,2.972091211976981
2411,capacity_loss,baseline,36,0.7971274685816876,23624.0,13944.0,9680.0,407,150,32,0.10800398605935081,13.907444391061016,0.06103934397598859,0.042808245169320434,2.9720435532013294
2411,capacity_loss,baseline,37,0.791958041958042,24853.0,14313.0,10540.0,391,172,52,0.10629033274263283,14.170267957823105,0.05997858652375955,0.042079530638852676,2.9719985283898125
2411,capacity_loss,baseline,38,0.7993168232280102,25926.0,14676.0,11250.0,395,142,50,0.10402196995379431,14.366426409988277,0.0592785059586586,0.04109951603145798,2.9719559250566854
2411,capacity_loss,baseline,39,0.8003355704697986,26942.0,15072.0,11870.0,406,124,31,0.10241616501720467,14.870811211316772,0.05738207792995989,0.04038509545269409,2.971915552973078
2411,capacity_loss,baseline,40,0.8018092105263158,28027.0,15427.0,12600.0,386,146,61,0.10124369672636738,15.198326147603343,0.056805059826924555,0.03945975155318305,2.9718772413272445
2411,capacity_loss,baseline,41,0.8124494745351657,28984.0,15804.0,13180.0,403,116,40,0.0994730809445543,15.50502808424906,0.056461855115562135,0.03823422775467133,2.971840836308756
2411,capacity_loss,baseline,42,0.8055335968379447,29885.0,16195.0,13690.0,402,102,38,0.0977418567361645,15.609076830713501,0.056685111545578044,0.03717182437716457,2.971806199044642
2411,capacity_loss,baseline,43,0.8033794162826421,30609.0,16544.0,14065.0,386,75,64,0.09492798461622667,15.390994686483449,0.057159155871836544,0.036309987840796934,2.971773203829028
2411,capacity_loss,baseline,44,0.8061607813673929,31477.0,16937.0,14540.0,408,95,30,0.09325795239130445,15.235807798496035,0.057781888555379135,0.03564655743722025,2.971741736598732
2411,capacity_loss,baseline,45,0.8017686072218129,32251.0,17311.0,14940.0,392,80,49,0.09183672357203555,15.19620455679668,0.05873496456353716,0.03462404997195846,2.9717116936158803
2411,capacity_loss,baseline,46,0.8073593073593074,33035.0,17665.0,15370.0,391,86,56,0.09059568058584351,15.03339928024299,0.06016370143679649,0.03370647023526248,2.9716829803254
2411,capacity_loss,baseline,47,0.8070921985815603,33773.0,18068.0,15705.0,410,67,25,0.08943635193432005,15.173414426468801,0.0605626851721079,0.032751196590154755,2.971655510360952
2411,capacity_loss,baseline,48,0.8033356497567755,34375.0,18425.0,15950.0,384,49,60,0.08826495801741076,15.073331204411938,0.06126984412500837,0.03216160277474295,2.971629204677262
2411,capacity_loss,baseline,49,0.8099455040871935,35564.0,18789.0,16775.0,398,165,47,0.08667353800143052,14.886886219997484,0.06287863372129357,0.031159366992738434,2.9716039907904834
2411,capacity_loss,baseline,50,0.7997338656021291,36728.0,19193.0,17535.0,409,152,28,0.08389584723539288,14.578322929995998,0.06408023502181591,0.030221874952816682,2.971579802111213
2411,capacity_loss,baseline,51,0.8027522935779816,37863.0,19538.0,18325.0,383,158,69,0.08281448438455262,14.62998937644278,0.06480316028413477,0.029395584639723856,2.971556577357265
2411,capacity_loss,baseline,52,0.8056446440025657,39468.0,19928.0,19540.0,409,243,31,0.08138186042253812,14.461789792850475,0.06614427998727733,0.028630737427196535,2.971534260035255
2411,capacity_loss,baseline,53,0.7959824231010671,41004.0,20309.0,20695.0,396,231,47,0.07933762619443449,14.226312773182562,0.06712695672876613,0.027958398192482244,2.9715127979818035
2411,capacity_loss,baseline,54,0.8014796547472256,42352.0,20662.0,21690.0,389,199,58,0.07863801215199638,14.170441799544282,0.0678189362727031,0.02753744077031888,2.971492142956473
2411,capacity_loss,baseline,55,0.8002421307506054,43861.0,21056.0,22805.0,408,223,31,0.07889060624152515,14.213608258597205,0.06933075658635753,0.026941596863738187,2.9714722502798168
2411,capacity_loss,baseline,56,0.7951306413301663,45423.0,21423.0,24000.0,390,239,55,0.07771934555485302,14.12989361750348,0.07120423693615456,0.025996538790190454,2.9714530785107347
2411,capacity_loss,baseline,57,0.7998833138856476,46825.0,21790.0,25035.0,396,207,46,0.07594926632153552,14.268754509019132,0.06974841801838684,0.025682481303030632,2.9714345891583056
2411,capacity_loss,baseline,58,0.7926898914905768,48165.0,22180.0,25985.0,403,190,35,0.07369134824041515,14.218232075332734,0.06838170519949217,0.025507471534577573,2.971416746423862
2411,capacity_loss,baseline,59,0.7885906040268457,49363.0,22538.0,26825.0,389,168,58,0.07206597893642186,14.099975453802847,0.06897470607287508,0.0249379659100427,2.971399516969619
2411,capacity_loss,baseline,60,0.7908640616400661,50449.0,22919.0,27530.0,403,141,39,0.07158564446426816,14.05872104322305,0.07080166506491768,0.024203492551619465,2.97138286971083
2411,capacity_loss,baseline,61,0.7838274932614555,51661.0,23301.0,28360.0,397,166,43,0.07068307464538136,13.886930553063962,0.07165329673368258,0.023906540221654362,2.971366775628578
2411,capacity_loss,baseline,62,0.7908217716115261,52986.0,23656.0,29330.0,389,194,57,0.07028987714742432,13.99937801317806,0.07133641617698927,0.023687474992357557,2.9713512076009967
2411,capacity_loss,baseline,63,0.7850808555033907,54233.0,24048.0,30185.0,407,171,31,0.0679704089960244,13.811990984314395,0.07131504843483484,0.023223658155763636,2.9713361402507195
2411,capacity_loss,baseline,64,0.7828100874935666,55379.0,24419.0,30960.0,392,155,51,0.06710442323036721,13.898296499733208,0.07138726369984558,0.022762459552607126,2.97132154980686
2411,capacity_loss,baseline,65,0.7885104219623793,56365.0,24780.0,31585.0,394,125,52,0.06631702952383636,13.910912060943739,0.07122003881295165,0.02252784592633117,2.9713074139798596
2411,capacity_loss,baseline,66,0.7881526104417671,57292.0,25177.0,32115.0,407,106,30,0.06561170329889265,13.910941303104062,0.07149666207619396,0.022202068779668734,2.971293711847866
2411,capacity_loss,baseline,67,0.783637259733859,58266.0,25536.0,32730.0,386,123,58,0.06448622391512154,13.856998026695587,0.07168738267168803,0.02184798685044185,2.9712804237534374
2411,capacity_loss,baseline,68,0.7888077858880779,59096.0,25906.0,33190.0,398,92,43,0.06370582056962018,13.830678205999654,0.07173920913074201,0.02160913065715344,2.971267531209407
2411,capacity_loss,baseline,69,0.7812798471824259,59872.0,26297.0,33575.0,403,77,35,0.062272007571792375,13.61792189011333,0.07171166365552575,0.02146111601629648,2.9712550168131044
2411,capacity_loss,baseline,70,0.7825471698113208,60498.0,26653.0,33845.0,387,54,59,0.06150919506496317,13.55821770777061,0.07166997398108914,0.021304043586615664,2.9712428641679693
2411,capacity_loss,baseline,71,0.789424426766495,61340.0,27030.0,34310.0,402,93,41,0.06125702481099762,13.585554531927421,0.07200694403587218,0.02107500681648029,2.971231057811872
2411,capacity_loss,baseline,72,0.7822691777675701,62112.0,27417.0,34695.0,400,77,40,0.0602060667686767,13.34621702981868,0.07279846201380778,0.020855716755726016,2.9712195831515085
2411,capacity_loss,baseline,73,0.7785778577857786,64041.0,27766.0,36275.0,387,316,64,0.05880245947495616,13.038042721367681,0.07385889134704302,0.02055167337121054,2.971208426402181
2411,capacity_loss,baseline,74,0.7811387900355872,65887.0,28162.0,37725.0,410,290,29,0.05832685798601371,13.112946234560305,0.07343464716650175,0.02038617542673652,2.971197574532593
2411,capacity_loss,baseline,75,0.7784615384615384,67634.0,28534.0,39100.0,391,275,52,0.057983216968573045,13.10062562091299,0.07363911668451252,0.020228874127499057,2.9711870152140514
2411,capacity_loss,baseline,76,0.780952380952381,69196.0,28886.0,40310.0,392,242,58,0.057266428362162176,12.976287646553695,0.07494024956865959,0.019820107807449017,2.971176736773763
2411,capacity_loss,baseline,77,0.7773037542662116,71630.0,29295.0,42335.0,413,405,23,0.05649276246519928,12.813673393815959,0.07642906927162257,0.019414828916425646,2.9711667281517604
2411,capacity_loss,baseline,78,0.7764656263180093,73911.0,29646.0,44265.0,382,386,66,0.056282805592309734,12.799921041828714,0.07688114106952583,0.019249658482331747,2.971156978861229
2411,capacity_loss,baseline,79,0.7829716193656093,76358.0,30018.0,46340.0,401,415,41,0.05640396092399562,12.84418334407866,0.07747576418652682,0.019077129540471374,2.97114747895185
2411,capacity_loss,baseline,80,0.7779151215492377,79045.0,30415.0,48630.0,404,458,33,0.056066648474145116,12.824173139038585,0.07841518174632754,0.018765157494439272,2.9711382189759212
2411,capacity_loss,baseline,81,0.7799511002444988,81549.0,30759.0,50790.0,382,432,67,0.05551800274771253,12.794337559069739,0.07886185728515824,0.018519424738053354,2.9711291899570162
2411,capacity_loss,baseline,82,0.7806347930895943,83955.0,31150.0,52805.0,409,403,29,0.05431381460382469,12.670665725802058,0.07811760499989324,0.01846892863830116,2.9711203833609683
2411,capacity_loss,baseline,83,0.7757046447002779,86296.0,31531.0,54765.0,396,392,46,0.05351172756200481,12.701673717561057,0.0771998338952279,0.018367610479821456,2.971111791068956
2411,capacity_loss,baseline,84,0.779348252846486,88454.0,31884.0,56570.0,389,361,58,0.05292959919909846,12.711625634220246,0.07710794937635042,0.01817525825651002,2.9711034053525367
2411,capacity_loss,baseline,85,0.7788125727590222,90547.0,32282.0,58265.0,408,339,27,0.05229475705615507,12.686156229915573,0.07699389760394387,0.018020017927468185,2.9710952188504876
2411,capacity_loss,baseline,86,0.7778631821675634,92519.0,32644.0,59875.0,387,322,56,0.05197066580043131,12.66436019899466,0.07684468396979699,0.01797404379949383,2.9710872245472078
2411,capacity_loss,baseline,87,0.7784090909090909,94340.0,33010.0,61330.0,397,291,46,0.05132449793529295,12.51191754731342,0.07728551087958595,0.017864402426687288,2.9710794157527083
2411,capacity_loss,baseline,88,0.7732536421367202,96457.0,33407.0,63050.0,405,344,31,0.05114743112822042,12.473519934114952,0.07819001741848655,0.017651041892858165,2.971071786083915
2411,capacity_loss,baseline,89,0.7740384615384616,98734.0,33754.0,64980.0,385,386,66,0.05084017987706538,12.475139926350874,0.07869748541129612,0.017429653036771523,2.9710643294472856
2411,capacity_loss,baseline,90,0.7763543191800878,100917.0,34147.0,66770.0,409,358,30,0.05027586622627948,12.532721494468422,0.07776292930031822,0.017363232137471315,2.9710570400225573
2411,capacity_loss,baseline,91,0.7738310982239942,103014.0,34524.0,68490.0,394,344,48,0.04972886335263977,12.521316617547376,0.07728105759621007,0.017297188996877703,2.9710499122476115
2411,capacity_loss,baseline,92,0.7766224453209035,104934.0,34879.0,70055.0,391,313,56,0.04903251386417399,12.498783308314858,0.07704957421069474,0.01713709677419355,2.971042940804309
2411,capacity_loss,baseline,93,0.7754522880454062,106797.0,35277.0,71520.0,408,293,29,0.04850216279238243,12.465253158842634,0.07709261970656628,0.016987883196415914,2.971036120605271
2411,capacity_loss,baseline,94,0.7744994731296101,108529.0,35639.0,72890.0,387,274,56,0.04794191359051263,12.410030646250553,0.07672916818667257,0.01694630679152668,2.971029446781493
2411,capacity_loss,baseline,95,0.7785515320334262,110108.0,36003.0,74105.0,397,243,48,0.047620500325394784,12.383234816947196,0.07697272433129106,0.016815778815662485,2.971022914670728
2411,capacity_loss,baseline,96,0.7762068965517241,111649.0,36404.0,75245.0,407,228,29,0.047286684781788546,12.339488402760434,0.07782652586360612,0.01657330039783063,2.9710165198066742
2411,capacity_loss,baseline,97,0.7755798090040927,113021.0,36751.0,76270.0,382,205,66,0.04707485073595196,12.287889158425081,0.07838971686110954,0.01644933780315559,2.9710102579087403
2411,capacity_loss,baseline,98,0.779506256340886,114932.0,37132.0,77800.0,405,306,36,0.04723891848068627,12.327829302236275,0.07852786042372115,0.016424279014553445,2.9710041248725267
2411,capacity_loss,baseline,99,0.7767348307073416,116793.0,37523.0,79270.0,400,294,38,0.0468296520719831,12.35354146445419,0.07856912767156186,0.01623959320005983,2.9709981167608293
2411,capacity_loss,baseline,100,0.7794019933554818,118463.0,37868.0,80595.0,385,265,64,0.046303421048832775,12.293519479514414,0.07935630879419371,0.015975478346972657,2.9709922297952334
2411,capacity_loss,baseline,101,0.7801184990125082,120068.0,38268.0,81800.0,411,241,25,0.04568018630856153,12.207314742065954,0.0793376222588667,0.015875516774306594,2.9709864603481617
2411,capacity_loss,baseline,102,0.7780678851174935,121569.0,38634.0,82935.0,389,227,56,0.04523761354881401,12.220731463702002,0.07855104267980097,0.01586173482205428,2.970980804935455
2411,capacity_loss,baseline,103,0.7832145171743357,122900.0,38995.0,83905.0,395,194,51,0.04486909990220022,12.292211641947434,0.07829560101750342,0.015692095072995748,2.970975260209326
2411,capacity_loss,baseline,104,0.781631342324984,124184.0,39394.0,84790.0,408,177,30,0.04447795114414094,12.28363323157421,0.07863478063169013,0.015499047621632359,2.970969822951759
2411,capacity_loss,baseline,105,0.7815982171283031,125321.0,39751.0,85570.0,386,156,60,0.04413565552019945,12.2316098876313,0.07849259621688937,0.015473188094727057,2.970964490068295
2411,capacity_loss,baseline,106,0.7842271293375395,126319.0,40124.0,86195.0,401,125,42,0.04399978310359265,12.193051784136514,0.07881793263075873,0.015410487652556804,2.970959258582134
2411,capacity_loss,baseline,107,0.7829627309740056,127567.0,40517.0,87050.0,403,171,36,0.04407099403864032,12.212742381231992,0.07975450850039001,0.015229598752587982,2.9709541256286283
2411,capacity_loss,baseline,108,0.783498759305211,129020.0,40870.0,88150.0,386,220,60,0.0437827064348467,12.194357279148601,0.0799095098868419,0.015123419964171209,2.9709490884500216
2411,capacity_loss,baseline,109,0.7840909090909091,130368.0,41253.0,89115.0,404,193,36,0.04333845821079516,12.118149016429818,0.0796142586625741,0.015120001211113987,2.97094414439051
2411,capacity_loss,baseline,110,0.7824497257769653,131638.0,41633.0,90005.0,397,178,45,0.043007970845789244,12.118046053652602,0.0797154433598294,0.014985806158578748,2.970939290891605
2411,capacity_loss,baseline,111,0.7854765506807867,132746.0,41991.0,90755.0,391,150,56,0.04265824745504526,12.144924661038448,0.07986940758065006,0.014802485359557627,2.970934525487668
2411,capacity_loss,baseline,112,0.7879061371841155,133771.0,42381.0,91390.0,405,127,34,0.04244969172761093,12.151333464953755,0.0797125488791588,0.014751341203322237,2.9709298458017916
2411,capacity_loss,baseline,113,0.7862891207153502,134679.0,42749.0,91930.0,391,108,52,0.0420746044768929,12.068286397768851,0.07961913798233357,0.014738905622331298,2.9709252495417946
2411,capacity_loss,baseline,114,0.7890532544378698,135438.0,43113.0,92325.0,396,79,50,0.04173773783974205,12.024916710845726,0.08007081140300447,0.014590881677620004,2.970920734496501
2411,capacity_loss,baseline,115,0.788546255506608,136137.0,43507.0,92630.0,406,61,34,0.041485148828951345,12.002599114978112,0.08062525024172677,0.014429652074545038,2.9709162985322166
2411,capacity_loss,baseline,116,0.7889828038472748,136946.0,43866.0,93080.0,388,90,59,0.04120846106739907,12.005036176030401,0.08022493210004014,0.014402032467617887,2.9709119395893
2411,capacity_loss,baseline,117,0.7908119040739671,137623.0,44243.0,93380.0,402,60,40,0.0410045259742148,11.943952738142245,0.08040684131600853,0.01437148231585364,2.9709076556790555
2411,capacity_loss,baseline,118,0.788538681948424,139630.0,44630.0,95000.0,400,324,40,0.040865203152281204,11.90274077387574,0.08131213961442492,0.014212247453534213,2.970903444880645
2411,capacity_loss,baseline,119,0.7919635223710458,141826.0,44986.0,96840.0,388,368,57,0.040727902621679135,11.911591045182462,0.08149133169734228,0.014122868778855666,2.970899305338257
2411,capacity_loss,dual_only,0,1.0,407.0,407.0,0.0,407,0,89,,,,,
2411,capacity_loss,dual_only,1,1.0,771.0,771.0,0.0,370,0,106,,,,,
2411,capacity_loss,dual_only,2,1.0,1156.0,1156.0,0.0,402,0,75,1.6717581294371195,0.6395474137931033,,,2.6139705882352944
2411,capacity_loss,dual_only,3,1.0,1550.0,1550.0,0.0,418,0,57,2.3365397420595504,0.8562540693047819,,,2.7287925696594426
2411,capacity_loss,dual_only,4,1.0,1945.0,1945.0,0.0,406,0,49,0.2732363850370092,1.555516698723553,0.44525267993874434,0.13327601031814273,2.960092807424594
2411,capacity_loss,dual_only,5,0.9606741573033708,2344.0,2309.0,35.0,393,7,63,0.3308845082963663,2.1296192294732115,0.3325371549893843,0.1602154828411812,2.916283998587071
2411,capacity_loss,dual_only,6,0.9852216748768473,2746.0,2696.0,50.0,410,3,40,0.3564034046333556,3.3408395704523257,0.22666239384713985,0.1613176869786512,2.917593384659253
2411,capacity_loss,dual_only,7,0.9208333333333333,3227.0,3082.0,145.0,402,19,43,0.30463525334629965,4.1190814393939394,0.1762559111781235,0.1437736949547973,2.9184795601243128
2411,capacity_loss,dual_only,8,0.9213483146067416,3633.0,3448.0,185.0,396,8,54,0.28978765449896465,5.325245564289388,0.13006186582400558,0.14333044095606212,2.919119160321055
2411,capacity_loss,dual_only,9,0.9060402684563759,4103.0,3838.0,265.0,408,16,36,0.2759527428935467,5.574718312530823,0.11438664400805643,0.14822202352293828,2.919602529358627
2411,capacity_loss,dual_only,10,0.8738738738738738,4605.0,4215.0,390.0,396,25,46,0.2528132068100342,6.491240724683277,0.09900004815177439,0.13472762645914393,2.9199806794397034
2411,capacity_loss,dual_only,11,0.8637602179836512,5091.0,4576.0,515.0,395,25,55,0.2443918551179777,7.044900800556909,0.10914919686466706,0.10883438413040138,2.9202845941629154
2411,capacity_loss,dual_only,12,0.8546365914786967,5664.0,4969.0,695.0,406,36,33,0.22869067943156726,7.243836600582135,0.10290967389821258,0.10504159899234311,2.9205341795583775
2411,capacity_loss,dual_only,13,0.8434579439252337,6270.0,5330.0,940.0,389,49,58,0.2166825195290589,8.58067889908257,0.08380852359433665,0.1031622297396676,2.9207428085932756
2411,capacity_loss,dual_only,14,0.8747203579418344,6835.0,5705.0,1130.0,400,38,42,0.21350442678686357,9.885704257828596,0.08075905356758252,0.09155633869892373,2.920919798093102
2411,capacity_loss,dual_only,15,0.8680851063829788,7380.0,6090.0,1290.0,400,32,40,0.21192736505664328,10.669662257039391,0.07982047180607574,0.0851882777019734,2.9210718381816285
2411,capacity_loss,dual_only,16,0.8642714570858283,7774.0,6449.0,1325.0,390,7,56,0.20216524593622262,10.562133775021605,0.0777578740499835,0.08426526504137777,2.92120385701763
2411,capacity_loss,dual_only,17,0.8419117647058824,8443.0,6833.0,1610.0,403,57,37,0.18131160441362237,9.444540708896298,0.08115060393317312,0.08097928436911483,2.921319565018733
2411,capacity_loss,dual_only,18,0.8321678321678322,9174.0,7209.0,1965.0,394,71,46,0.17473063183191515,10.286341916120373,0.07804568598910042,0.07450148372206375,2.921421809105775
2411,capacity_loss,dual_only,19,0.8414023372287145,9808.0,7568.0,2240.0,392,55,53,0.17208028377571655,11.043182528282975,0.07545627999306184,0.07068604413567635,2.9215128100854004
2411,capacity_loss,dual_only,20,0.8343949044585988,10466.0,7961.0,2505.0,406,53,32,0.16797988366577538,11.547907344037903,0.07129765271589113,0.06983270115694226,2.9215943258037154
2411,capacity_loss,dual_only,21,0.8177710843373494,11095.0,8325.0,2770.0,389,53,55,0.1604455280539298,11.645707519242153,0.07081728841972279,0.06658733221836272,2.921667765809334
2411,capacity_loss,dual_only,22,0.8220946915351507,11576.0,8691.0,2885.0,397,23,48,0.15347409345731045,11.551127722036856,0.07359071090955677,0.06179409516800181,2.9217342735460434
2411,capacity_loss,dual_only,23,0.8183079056865464,12371.0,9086.0,3285.0,405,80,33,0.15019400322599194,11.429624122315468,0.07549618101268467,0.05957251723511552,2.9217947863190887
2411,capacity_loss,dual_only,24,0.8140770252324038,13134.0,9439.0,3695.0,386,82,62,0.14385961372000444,11.807902308648833,0.07136966339147874,0.05842444041920041,2.9218500797448166
2411,capacity_loss,dual_only,25,0.8209718670076727,14019.0,9824.0,4195.0,405,100,34,0.14247845818461158,12.365553479808124,0.06907587553202973,0.05708786231884057,2.9219008011742416
2411,capacity_loss,dual_only,26,0.8088779284833539,14830.0,10205.0,4625.0,396,86,44,0.14063759676360105,13.087108855561667,0.06748610185964868,0.05449679613190693,2.9219474951547566
2411,capacity_loss,dual_only,27,0.8135391923990499,15638.0,10558.0,5080.0,388,91,58,0.1388100837684702,13.263381199514304,0.06797515640276468,0.0526911565321941,2.921990623058239
2411,capacity_loss,dual_only,28,0.8166089965397924,16524.0,10949.0,5575.0,406,99,32,0.13669301660437272,13.838289267300327,0.06498676301400474,0.052018073202535084,2.922030578377497
2411,capacity_loss,dual_only,29,0.8127802690582959,17301.0,11316.0,5985.0,391,82,54,0.1319613442103215,14.555327356651281,0.06278235878189103,0.04941932980404113,2.9220676987667296
2411,capacity_loss,dual_only,30,0.81445523193096,17930.0,11685.0,6245.0,397,52,46,0.12504373912923636,14.2624588182722,0.06274538160528045,0.047817885842743074,2.9221022756069135
2411,capacity_loss,dual_only,31,0.8119747899159664,18489.0,12074.0,6415.0,403,34,36,0.12312532172520133,14.318797494054179,0.06198861593253995,0.04747103282039606,2.922134561670015
2411,capacity_loss,dual_only,32,0.7989949748743719,19095.0,12435.0,6660.0,389,49,56,0.11634153041639811,13.49871634471642,0.06320339993530212,0.04666563268145265,2.9221647773087325
2411,capacity_loss,dual_only,33,0.7959381044487428,20217.0,12812.0,7405.0,400,149,40,0.11264222288381304,13.103685215717352,0.06500685499641133,0.04525219936178839,2.92219311549244
2411,capacity_loss,dual_only,34,0.7939508506616257,21259.0,13194.0,8065.0,398,132,41,0.11112369515180594,13.467029999509005,0.06347823470630225,0.044483314038355065,2.922219745932694
2411,capacity_loss,dual_only,35,0.7950367647058824,22481.0,13551.0,8930.0,391,173,57,0.10831407486750004,13.556311421707797,0.06254003947730055,0.04371883789312196,2.9222448184847045
2411,capacity_loss,dual_only,36,0.7971274685816876,23624.0,13944.0,9680.0,407,150,32,0.10619516067327138,13.907444391061016,0.06103934397598859,0.042808245169320434,2.9222684659688074
2411,capacity_loss,dual_only,37,0.791958041958042,24853.0,14313.0,10540.0,391,172,52,0.10451258950133875,14.170267957823105,0.05997858652375955,0.042079530638852676,2.9222908065241366
2411,capacity_loss,dual_only,38,0.7993168232280102,25926.0,14676.0,11250.0,395,142,50,0.10228437199761142,14.366426409988277,0.0592785059586586,0.04109951603145798,2.9223119455825612
2411,capacity_loss,dual_only,39,0.8003355704697986,26942.0,15072.0,11870.0,406,124,31,0.10070744902108862,14.870811211316772,0.05738207792995989,0.04038509545269409,2.9223319775324423
2411,capacity_loss,dual_only,40,0.8018092105263158,28027.0,15427.0,12600.0,386,146,61,0.0995564732467287,15.198326147603343,0.056805059826924555,0.03945975155318305,2.922350987127705
2411,capacity_loss,dual_only,41,0.8124494745351657,28984.0,15804.0,13180.0,403,116,40,0.09781716758757003,15.50502808424906,0.056461855115562135,0.03823422775467133,2.9223690506864934
2411,capacity_loss,dual_only,42,0.8055335968379447,29885.0,16195.0,13690.0,402,102,38,0.09611644830934248,15.609076830713501,0.056685111545578044,0.03717182437716457,2.9223862371152522
2411,capacity_loss,dual_only,43,0.8033794162826421,30609.0,16544.0,14065.0,386,75,64,0.09335092917989896,15.390994686483449,0.057159155871836544,0.036309987840796934,2.9224026087871264
2411,capacity_loss,dual_only,44,0.8061607813673929,31477.0,16937.0,14540.0,408,95,30,0.09171010255908366,15.235807798496035,0.057781888555379135,0.03564655743722025,2.922418222298339
2411,capacity_loss,dual_only,45,0.8017686072218129,32251.0,17311.0,14940.0,392,80,49,0.09031383630299675,15.19620455679668,0.05873496456353716,0.03462404997195846,2.9224331291218895
2411,capacity_loss,dual_only,46,0.8073593073593074,33035.0,17665.0,15370.0,391,86,56,0.08909466816404578,15.03339928024299,0.06016370143679649,0.03370647023526248,2.9224473761744187
2411,capacity_loss,dual_only,47,0.8070921985815603,33773.0,18068.0,15705.0,410,67,25,0.0879557708365972,15.173414426468801,0.0605626851721079,0.032751196590154755,2.9224610063094505
2411,capacity_loss,dual_only,48,0.8033356497567755,34375.0,18425.0,15950.0,384,49,60,0.0868049249537419,15.073331204411938,0.06126984412500837,0.03216160277474295,2.9224740587479228
2411,capacity_loss,dual_only,49,0.8099455040871935,35564.0,18789.0,16775.0,398,165,47,0.08524091753859693,14.886886219997484,0.06287863372129357,0.031159366992738434,2.9224865694551028
2411,capacity_loss,dual_only,50,0.7997338656021291,36728.0,19193.0,17535.0,409,152,28,0.08251014949140291,14.578322929995998,0.06408023502181591,0.030221874952816682,2.9224985714715332
2411,capacity_loss,dual_only,51,0.8027522935779816,37863.0,19538.0,18325.0,383,158,69,0.08144760509936079,14.62998937644278,0.06480316028413477,0.029395584639723856,2.9225100952044065
2411,capacity_loss,dual_only,52,0.8056446440025657,39468.0,19928.0,19540.0,409,243,31,0.08003953144023218,14.461789792850475,0.06614427998727733,0.028630737427196535,2.922521168684794
2411,capacity_loss,dual_only,53,0.7959824231010671,41004.0,20309.0,20695.0,396,231,47,0.07802986312529545,14.226312773182562,0.06712695672876613,0.027958398192482244,2.92253181779529
2411,capacity_loss,dual_only,54,0.8014796547472256,42352.0,20662.0,21690.0,389,199,58,0.07734259001246517,14.170441799544282,0.0678189362727031,0.02753744077031888,2.922542066471978
2411,capacity_loss,dual_only,55,0.8002421307506054,43861.0,21056.0,22805.0,408,223,31,0.07759180455123399,14.213608258597205,0.06933075658635753,0.026941596863738187,2.922551936884059
2411,capacity_loss,dual_only,56,0.7951306413301663,45423.0,21423.0,24000.0,390,239,55,0.07644056870658092,14.12989361750348,0.07120423693615456,0.025996538790190454,2.922561449593909
2411,capacity_loss,dual_only,57,0.7998833138856476,46825.0,21790.0,25035.0,396,207,46,0.07470031326039316,14.268754509019132,0.06974841801838684,0.025682481303030632,2.9225706237000737
2411,capacity_loss,dual_only,58,0.7926898914905768,48165.0,22180.0,25985.0,403,190,35,0.07248018045820624,14.218232075332734,0.06838170519949217,0.025507471534577573,2.9225794769652627
2411,capacity_loss,dual_only,59,0.7885906040268457,49363.0,22538.0,26825.0,389,168,58,0.07088214355348267,14.099975453802847,0.06897470607287508,0.0249379659100427,2.922588025931103
2411,capacity_loss,dual_only,60,0.7908640616400661,50449.0,22919.0,27530.0,403,141,39,0.07041029305795084,14.05872104322305,0.07080166506491768,0.024203492551619465,2.922596286021344
2411,capacity_loss,dual_only,61,0.7838274932614555,51661.0,23301.0,28360.0,397,166,43,0.06952310888889285,13.886930553063962,0.07165329673368258,0.023906540221654362,2.922604271634674
2411,capacity_loss,dual_only,62,0.7908217716115261,52986.0,23656.0,29330.0,389,194,57,0.06913690903955794,13.99937801317806,0.07133641617698927,0.023687474992357557,2.9226119962285133
2411,capacity_loss,dual_only,63,0.7850808555033907,54233.0,24048.0,30185.0,407,171,31,0.06685599726917783,13.811990984314395,0.07131504843483484,0.023223658155763636,2.9226194723946812
2411,capacity_loss,dual_only,64,0.7828100874935666,55379.0,24419.0,30960.0,392,155,51,0.06600469741631772,13.898296499733208,0.07138726369984558,0.022762459552607126,2.922626711927896
2411,capacity_loss,dual_only,65,0.7885104219623793,56365.0,24780.0,31585.0,394,125,52,0.06523067460981968,13.910912060943739,0.07122003881295165,0.02252784592633117,2.9226337258878594
2411,capacity_loss,dual_only,66,0.7881526104417671,57292.0,25177.0,32115.0,407,106,30,0.0645373502418814,13.910941303104062,0.07149666207619396,0.022202068779668734,2.922640524655636
2411,capacity_loss,dual_only,67,0.783637259733859,58266.0,25536.0,32730.0,386,123,58,0.06343072668892627,13.856998026695587,0.07168738267168803,0.02184798685044185,2.9226471179849374
2411,capacity_loss,dual_only,68,0.7888077858880779,59096.0,25906.0,33190.0,398,92,43,0.06266350588130343,13.830678205999654,0.07173920913074201,0.02160913065715344,2.9226535150487685
2411,capacity_loss,dual_only,69,0.7812798471824259,59872.0,26297.0,33575.0,403,77,35,0.06125354015823503,13.61792189011333,0.07171166365552575,0.02146111601629648,2.9226597244820494
2411,capacity_loss,dual_only,70,0.7825471698113208,60498.0,26653.0,33845.0,387,54,59,0.06050357584911782,13.55821770777061,0.07166997398108914,0.021304043586615664,2.922665754420476
2411,capacity_loss,dual_only,71,0.789424426766495,61340.0,27030.0,34310.0,402,93,41,0.060255888552595206,13.585554531927421,0.07200694403587218,0.02107500681648029,2.9226716125360905
2411,capacity_loss,dual_only,72,0.7822691777675701,62112.0,27417.0,34695.0,400,77,40,0.05922245061601886,13.34621702981868,0.07279846201380778,0.020855716755726016,2.9226773060698634
2411,capacity_loss,dual_only,73,0.7785778577857786,64041.0,27766.0,36275.0,387,316,64,0.05784210149633185,13.038042721367681,0.07385889134704302,0.02055167337121054,2.9226828418615143
2411,capacity_loss,dual_only,74,0.7811387900355872,65887.0,28162.0,37725.0,410,290,29,0.057374582753589,13.112946234560305,0.07343464716650175,0.02038617542673652,2.922688226376959
2411,capacity_loss,dual_only,75,0.7784615384615384,67634.0,28534.0,39100.0,391,275,52,0.05703685715119702,13.10062562091299,0.07363911668451252,0.020228874127499057,2.9226934657334835
2411,capacity_loss,dual_only,76,0.780952380952381,69196.0,28886.0,40310.0,392,242,58,0.05633206061646391,12.976287646553695,0.07494024956865959,0.019820107807449017,2.922698565722943
2411,capacity_loss,dual_only,77,0.7773037542662116,71630.0,29295.0,42335.0,413,405,23,0.05557129958935537,12.813673393815959,0.07642906927162257,0.019414828916425646,2.922703531833099
2411,capacity_loss,dual_only,78,0.7764656263180093,73911.0,29646.0,44265.0,382,386,66,0.055365040662892835,12.799921041828714,0.07688114106952583,0.019249658482331747,2.9227083692673306
2411,capacity_loss,dual_only,79,0.7829716193656093,76358.0,30018.0,46340.0,401,415,41,0.05548448728692589,12.84418334407866,0.07747576418652682,0.019077129540471374,2.922713082962823
2411,capacity_loss,dual_only,80,0.7779151215492377,79045.0,30415.0,48630.0,404,458,33,0.0551529321567756,12.824173139038585,0.07841518174632754,0.018765157494439272,2.9227176776073676
2411,capacity_loss,dual_only,81,0.7799511002444988,81549.0,30759.0,50790.0,382,432,67,0.05461347737014201,12.794337559069739,0.07886185728515824,0.018519424738053354,2.922722157654915
2411,capacity_loss,dual_only,82,0.7806347930895943,83955.0,31150.0,52805.0,409,403,29,0.05342914667229008,12.670665725802058,0.07811760499989324,0.01846892863830116,2.922726527339978
2411,capacity_loss,dual_only,83,0.7757046447002779,86296.0,31531.0,54765.0,396,392,46,0.05264035310911959,12.701673717561057,0.0771998338952279,0.018367610479821456,2.9227307906909794
2411,capacity_loss,dual_only,84,0.779348252846486,88454.0,31884.0,56570.0,389,361,58,0.05206792509195489,12.711625634220246,0.07710794937635042,0.01817525825651002,2.922734951542632
2411,capacity_loss,dual_only,85,0.7788125727590222,90547.0,32282.0,58265.0,408,339,27,0.051443631184310015,12.686156229915573,0.07699389760394387,0.018020017927468185,2.922739013547471
2411,capacity_loss,dual_only,86,0.7778631821675634,92519.0,32644.0,59875.0,387,322,56,0.0511250216381575,12.66436019899466,0.07684468396979699,0.01797404379949383,2.9227429801865017
2411,capacity_loss,dual_only,87,0.7784090909090909,94340.0,33010.0,61330.0,397,291,46,0.05048956756865911,12.51191754731342,0.07728551087958595,0.017864402426687288,2.922746854779192
2411,capacity_loss,dual_only,88,0.7732536421367202,96457.0,33407.0,63050.0,405,344,31,0.050315575608020933,12.473519934114952,0.07819001741848655,0.017651041892858165,2.9227506404927106
2411,capacity_loss,dual_only,89,0.7740384615384616,98734.0,33754.0,64980.0,385,386,66,0.05001351028556837,12.475139926350874,0.07869748541129612,0.017429653036771523,2.9227543403505813
2411,capacity_loss,dual_only,90,0.7763543191800878,100917.0,34147.0,66770.0,409,358,30,0.04945855501613407,12.532721494468422,0.07776292930031822,0.017363232137471315,2.922757957240716
2411,capacity_loss,dual_only,91,0.7738310982239942,103014.0,34524.0,68490.0,394,344,48,0.048920621072197586,12.521316617547376,0.07728105759621007,0.017297188996877703,2.922761493922943
2411,capacity_loss,dual_only,92,0.7766224453209035,104934.0,34879.0,70055.0,391,313,56,0.04823575960927194,12.498783308314858,0.07704957421069474,0.01713709677419355,2.922764953036031
2411,capacity_loss,dual_only,93,0.7754522880454062,106797.0,35277.0,71520.0,408,293,29,0.047714191257214086,12.465253158842634,0.07709261970656628,0.016987883196415914,2.922768337104251
2411,capacity_loss,dual_only,94,0.7744994731296101,108529.0,35639.0,72890.0,387,274,56,0.04716320330351135,12.410030646250553,0.07672916818667257,0.01694630679152668,2.922771648543537
2411,capacity_loss,dual_only,95,0.7785515320334262,110108.0,36003.0,74105.0,397,243,48,0.04684716563348277,12.383234816947196,0.07697272433129106,0.016815778815662485,2.9227748896671946
2411,capacity_loss,dual_only,96,0.7762068965517241,111649.0,36404.0,75245.0,407,228,29,0.04651892172804397,12.339488402760434,0.07782652586360612,0.01657330039783063,2.922778062691346
2411,capacity_loss,dual_only,97,0.7755798090040927,113021.0,36751.0,76270.0,382,205,66,0.04631067393089592,12.287889158425081,0.07838971686110954,0.01644933780315559,2.922781169739938
2411,capacity_loss,dual_only,98,0.779506256340886,114932.0,37132.0,77800.0,405,306,36,0.04647222264403922,12.327829302236275,0.07852786042372115,0.016424279014553445,2.9227842128495136
2411,capacity_loss,dual_only,99,0.7767348307073416,116793.0,37523.0,79270.0,400,294,38,0.04606973885377648,12.35354146445419,0.07856912767156186,0.01623959320005983,2.9227871939736354
2411,capacity_loss,dual_only,100,0.7794019933554818,118463.0,37868.0,80595.0,385,265,64,0.04555218286146164,12.293519479514414,0.07935630879419371,0.015975478346972657,2.922790114987102
2411,capacity_loss,dual_only,101,0.7801184990125082,120068.0,38268.0,81800.0,411,241,25,0.04493919091996846,12.207314742065954,0.0793376222588667,0.015875516774306594,2.922792977689843
2411,capacity_loss,dual_only,102,0.7780678851174935,121569.0,38634.0,82935.0,389,227,56,0.04450392474110974,12.220731463702002,0.07855104267980097,0.01586173482205428,2.9227957838106504
2411,capacity_loss,dual_only,103,0.7832145171743357,122900.0,38995.0,83905.0,395,194,51,0.04414151178497425,12.292211641947434,0.07829560101750342,0.015692095072995748,2.9227985350106405
2411,capacity_loss,dual_only,104,0.781631342324984,124184.0,39394.0,84790.0,408,177,30,0.043756826284826564,12.28363323157421,0.07863478063169013,0.015499047621632359,2.9228012328865316
2411,capacity_loss,dual_only,105,0.7815982171283031,125321.0,39751.0,85570.0,386,156,60,0.043420197577831936,12.2316098876313,0.07849259621688937,0.015473188094727057,2.9228038789737485
2411,capacity_loss,dual_only,106,0.7842271293375395,126319.0,40124.0,86195.0,401,125,42,0.04328664237695434,12.193051784136514,0.07881793263075873,0.015410487652556804,2.9228064747493185
2411,capacity_loss,dual_only,107,0.7829627309740056,127567.0,40517.0,87050.0,403,171,36,0.04335681182599524,12.212742381231992,0.07975450850039001,0.015229598752587982,2.9228090216346465
2411,capacity_loss,dual_only,108,0.783498759305211,129020.0,40870.0,88150.0,386,220,60,0.0430733058623396,12.194357279148601,0.0799095098868419,0.015123419964171209,2.9228115209980823
2411,capacity_loss,dual_only,109,0.7840909090909091,130368.0,41253.0,89115.0,404,193,36,0.04263636242240232,12.118149016429818,0.0796142586625741,0.015120001211113987,2.92281397415738
2411,capacity_loss,dual_only,110,0.7824497257769653,131638.0,41633.0,90005.0,397,178,45,0.042311333034124925,12.118046053652602,0.0797154433598294,0.014985806158578748,2.922816382382033
2411,capacity_loss,dual_only,111,0.7854765506807867,132746.0,41991.0,90755.0,391,150,56,0.04196737568655924,12.144924661038448,0.07986940758065006,0.014802485359557627,2.9228187468954303
2411,capacity_loss,dual_only,112,0.7879061371841155,133771.0,42381.0,91390.0,405,127,34,0.04176229658338135,12.151333464953755,0.0797125488791588,0.014751341203322237,2.9228210688769742
2411,capacity_loss,dual_only,113,0.7862891207153502,134679.0,42749.0,91930.0,391,108,52,0.0413933795215789,12.068286397768851,0.07961913798233357,0.014738905622331298,2.9228233494639975
2411,capacity_loss,dual_only,114,0.7890532544378698,135438.0,43113.0,92325.0,396,79,50,0.041062060929438295,12.024916710845726,0.08007081140300447,0.014590881677620004,2.9228255897536406
2411,capacity_loss,dual_only,115,0.788546255506608,136137.0,43507.0,92630.0,406,61,34,0.04081365266427425,12.002599114978112,0.08062525024172677,0.014429652074545038,2.9228277908046314
2411,capacity_loss,dual_only,116,0.7889828038472748,136946.0,43866.0,93080.0,388,90,59,0.0405415329704477,12.005036176030401,0.08022493210004014,0.014402032467617887,2.9228299536388977
2411,capacity_loss,dual_only,117,0.7908119040739671,137623.0,44243.0,93380.0,402,60,40,0.040340985921423066,11.943952738142245,0.08040684131600853,0.01437148231585364,2.922832079243218
2411,capacity_loss,dual_only,118,0.788538681948424,139630.0,44630.0,95000.0,400,324,40,0.04020400335961368,11.90274077387574,0.08131213961442492,0.014212247453534213,2.922834168570669
2411,capacity_loss,dual_only,119,0.7919635223710458,141826.0,44986.0,96840.0,388,368,57,0.040069008342663075,11.911591045182462,0.08149133169734228,0.014122868778855666,2.922836222542086
2411,capacity_loss,safety_only,0,1.0,551.0,551.0,0.0,551,0,89,,,,,
2411,capacity_loss,safety_only,1,1.0,1059.0,1059.0,0.0,514,0,105,,,,,
2411,capacity_loss,safety_only,2,1.0,1581.0,1581.0,0.0,539,0,83,1.6852779736625254,0.6395474137931033,,,2.6351102941176476
2411,capacity_loss,safety_only,3,1.0,2109.0,2109.0,0.0,560,0,67,1.8908576341893497,0.6733704695073428,,,2.808049535603715
2411,capacity_loss,safety_only,4,1.0,2640.0,2640.0,0.0,542,0,65,0.31343251331181055,0.8050358454275219,0.9848233995584992,0.1302885962454469,3.0343387470997674
2411,capacity_loss,safety_only,5,1.0,3131.0,3131.0,0.0,543,0,81,0.40768884365072355,0.7853532517129058,2.21555459272097,0.0785176493595385,2.9841045566937474
2411,capacity_loss,safety_only,6,1.0,3697.0,3697.0,0.0,578,0,33,0.4123616039372739,0.8680334092634776,1.8540706605222737,0.08593808842358966,2.981465640148274
2411,capacity_loss,safety_only,7,1.0,4198.0,4198.0,0.0,529,0,73,0.3377135838841457,1.3143939393939394,0.9598297574626866,0.08983781813764198,2.9796796557494623
2411,capacity_loss,safety_only,8,1.0,4706.0,4706.0,0.0,555,0,67,0.3214401321221999,1.6227223239175432,0.8472913616398242,0.07849490236737515,2.9783906153529545
2411,capacity_loss,safety_only,9,1.0,5261.0,5261.0,0.0,560,0,36,0.3012663668976341,2.2366554118138016,0.6305105382483837,0.07174962543699018,2.977416440831075
2411,capacity_loss,safety_only,10,1.0,5746.0,5746.0,0.0,531,0,76,0.2623708582865647,3.0878996922935267,0.4493513631107091,0.06352401579819082,2.976654322975366
2411,capacity_loss,safety_only,11,1.0,6274.0,6274.0,0.0,553,0,45,0.24639214377452665,3.385577318608993,0.43480439157963835,0.056242053401144326,2.976041817917816
2411,capacity_loss,safety_only,12,1.0,6777.0,6777.0,0.0,522,0,63,0.23040123950376704,4.136014748841803,0.353685193062054,0.05293223538058093,2.975538807351582
2411,capacity_loss,safety_only,13,1.0,7251.0,7251.0,0.0,529,0,82,0.22399976182493234,4.719247706422019,0.3469581792292751,0.04598258771699795,2.975118339604321
2411,capacity_loss,safety_only,14,1.0,7807.0,7807.0,0.0,573,0,36,0.218765285484043,4.9511939305638855,0.338785254317821,0.04384214547154537,2.9747616376892876
2411,capacity_loss,safety_only,15,1.0,8322.0,8322.0,0.0,534,0,71,0.21406939223813545,5.189564703273963,0.32239712493535083,0.04301550738348896,2.9744552184339486
2411,capacity_loss,safety_only,16,1.0,8807.0,8807.0,0.0,551,0,89,0.20755582461127334,5.40978747038158,0.36636725749569155,0.035210280373831775,2.974189149702933
2411,capacity_loss,safety_only,17,1.0,9382.0,9382.0,0.0,580,0,22,0.18782267058614413,4.967669766625725,0.3823875707752043,0.033247346849405036,2.9739559535776294
2411,capacity_loss,safety_only,18,0.9982517482517482,9876.0,9871.0,5.0,514,1,86,0.1811214174576395,5.004502014058922,0.36159430471640674,0.033657582508678306,2.9737498924175916
2411,capacity_loss,safety_only,19,1.0,10369.0,10364.0,5.0,560,0,79,0.17689477968616174,5.197638009436275,0.3985090984284532,0.028720572439666046,2.97356649044327
2411,capacity_loss,safety_only,20,0.9968152866242038,10968.0,10953.0,15.0,589,2,23,0.17445817530972976,5.2346670176362196,0.4192959219506237,0.026731785472073416,2.973402204918665
2411,capacity_loss,safety_only,21,0.9969879518072289,11478.0,11453.0,25.0,531,2,76,0.1676085710145574,5.299467140319716,0.3954457019154358,0.026899556510290353,2.973254195061185
2411,capacity_loss,safety_only,22,1.0,11986.0,11961.0,25.0,556,0,64,0.16092813742815315,5.203862433238617,0.39945110097454994,0.026039347286723066,2.973120156391815
2411,capacity_loss,safety_only,23,1.0,12550.0,12525.0,25.0,564,0,32,0.15686234199946963,5.251228011713462,0.4111835386527699,0.024435850127732042,2.972998199879993
2411,capacity_loss,safety_only,24,1.0,13027.0,13002.0,25.0,523,0,87,0.15078528357042623,5.248002367993779,0.40344637083667184,0.023955252582856995,2.9728867623604462
2411,capacity_loss,safety_only,25,1.0,13566.0,13541.0,25.0,567,0,42,0.1473482269544974,5.179969097085758,0.398969112599271,0.0239836367095833,2.9727845391719185
2411,capacity_loss,safety_only,26,1.0,14094.0,14069.0,25.0,543,0,52,0.14361101870588686,5.175504699457403,0.3950907387520216,0.02362590866004228,2.9726904328419588
2411,capacity_loss,safety_only,27,1.0,14575.0,14550.0,25.0,533,0,83,0.13967470918957878,5.104607061316531,0.4049111352433558,0.022733104687064562,2.9726035135287807
2411,capacity_loss,safety_only,28,1.0,15132.0,15107.0,25.0,571,0,34,0.1382444188342786,5.080870819724245,0.40833595688482177,0.022416438198635195,2.9725229881930475
2411,capacity_loss,safety_only,29,1.0,15637.0,15612.0,25.0,537,0,75,0.13611308514032358,5.046570628718069,0.4076492698720304,0.02225884174125813,2.9724481763316732
2411,capacity_loss,safety_only,30,1.0,16150.0,16125.0,25.0,555,0,64,0.13026325146924117,4.849571748306082,0.41147251995995804,0.021962085555531818,2.9723784906999127
2411,capacity_loss,safety_only,31,1.0,16703.0,16678.0,25.0,565,0,41,0.1283458157985894,4.791399588143164,0.4170106526823392,0.021611134770470417,2.972313421865046
2411,capacity_loss,safety_only,32,1.0,17182.0,17157.0,25.0,523,0,84,0.12160580312364358,4.545992911685999,0.42297383408159145,0.021277781230378216,2.972252525731632
2411,capacity_loss,safety_only,33,1.0,17704.0,17679.0,25.0,551,0,46,0.11612919256170838,4.343289518829914,0.4227159299603258,0.02128122642213396,2.9721954133921606
2411,capacity_loss,safety_only,34,1.0,18223.0,18198.0,25.0,535,0,54,0.11441509237890993,4.523233951114691,0.40353428351309706,0.021090375390783473,2.9721417428125694
2411,capacity_loss,safety_only,35,1.0,18698.0,18673.0,25.0,527,0,84,0.11214932077755059,4.519021620441143,0.40949296771988086,0.02039124050595172,2.972091211976981
2411,capacity_loss,safety_only,36,1.0,19250.0,19225.0,25.0,567,0,33,0.10972054075641538,4.476378699146876,0.409835070840583,0.020123190099126463,2.9720435532013294
2411,capacity_loss,safety_only,37,0.9991258741258742,19754.0,19724.0,30.0,526,1,72,0.1075876101387806,4.491008724208195,0.4007969763737575,0.020111540378863407,2.9719985283898125
2411,capacity_loss,safety_only,38,1.0,20250.0,20220.0,30.0,547,0,74,0.10682562549436016,4.4606236584946295,0.4129449964686029,0.01951395450932777,2.9719559250566854
2411,capacity_loss,safety_only,39,1.0,20819.0,20789.0,30.0,574,0,31,0.10606307882483357,4.4803424669988,0.4221107741466092,0.018870791483509737,2.971915552973078
2411,capacity_loss,safety_only,40,1.0,21309.0,21279.0,30.0,537,0,91,0.10492333959918033,4.437352969470121,0.4311319732758273,0.018454701763663536,2.9718772413272445
2411,capacity_loss,safety_only,41,1.0,21866.0,21836.0,30.0,591,0,50,0.10483425321436551,4.470230590625377,0.4308850942257524,0.01831412874814155,2.971840836308756
2411,capacity_loss,safety_only,42,1.0,22430.0,22400.0,30.0,573,0,49,0.10348804095933972,4.417621868737286,0.4417549132085216,0.017844309771532774,2.971806199044642
2411,capacity_loss,safety_only,43,1.0,22925.0,22895.0,30.0,554,0,90,0.10005692484085522,4.433781373119521,0.44672455890830504,0.016998765605868296,2.971773203829028
2411,capacity_loss,safety_only,44,1.0,23503.0,23473.0,30.0,597,0,37,0.09732656578133698,4.467778356228261,0.4414206071483233,0.01660642360451419,2.971741736598732
2411,capacity_loss,safety_only,45,1.0,24060.0,24030.0,30.0,574,0,51,0.09611132171656646,4.471563364264141,0.4448367019732107,0.01625952577991348,2.9717116936158803
2411,capacity_loss,safety_only,46,1.0,24593.0,24563.0,30.0,572,0,63,0.09437391924960943,4.527488431275981,0.4409486340742952,0.015907581735088477,2.9716829803254
2411,capacity_loss,safety_only,47,1.0,25174.0,25144.0,30.0,589,0,30,0.09325015887879573,4.547402992336699,0.4441641075187191,0.015536178922421645,2.971655510360952
2411,capacity_loss,safety_only,48,1.0,25697.0,25667.0,30.0,554,0,67,0.091393036812817,4.555091689837208,0.43399281454418664,0.01555746483416495,2.971629204677262
2411,capacity_loss,safety_only,49,1.0,26230.0,26200.0,30.0,570,0,59,0.08965664655073817,4.585195455282064,0.4438362236879224,0.014825555000680985,2.9716039907904834
2411,capacity_loss,safety_only,50,1.0,26778.0,26748.0,30.0,570,0,46,0.08677306588359161,4.485963244986033,0.44941414062576235,0.01448421959064646,2.971579802111213
2411,capacity_loss,safety_only,51,1.0,27295.0,27265.0,30.0,542,0,76,0.08580662179886511,4.475696367959129,0.4460768975508205,0.014463268640332446,2.971556577357265
2411,capacity_loss,safety_only,52,1.0,27816.0,27786.0,30.0,576,0,64,0.08325756908400263,4.557407626746663,0.44471589879304324,0.013824277847358894,2.971534260035255
2411,capacity_loss,safety_only,53,1.0,28383.0,28353.0,30.0,577,0,39,0.08108385112157668,4.462821510747675,0.4506754573072199,0.013566984746205669,2.9715127979818035
2411,capacity_loss,safety_only,54,0.9975339087546239,28916.0,28866.0,50.0,538,4,78,0.0805279566056369,4.453107284084279,0.4484389089447369,0.013570806159809629,2.971492142956473
2411,capacity_loss,safety_only,55,1.0,29422.0,29372.0,50.0,569,0,76,0.0790253742595041,4.507409597956559,0.46551675293852574,0.01267454980755132,2.9714722502798168
2411,capacity_loss,safety_only,56,1.0,30004.0,29954.0,50.0,586,0,31,0.077552850337166,4.435849813479347,0.4757592073984667,0.012367013984096516,2.9714530785107347
2411,capacity_loss,safety_only,57,0.9994165694282381,30516.0,30461.0,55.0,536,1,81,0.076559489954062,4.448843775281983,0.4743466405838633,0.01220927490365906,2.9714345891583056
2411,capacity_loss,safety_only,58,1.0,31027.0,30972.0,55.0,562,0,68,0.07423220179485007,4.433830534898162,0.4964448056834944,0.011349551887650536,2.971416746423862
2411,capacity_loss,safety_only,59,1.0,31586.0,31531.0,55.0,573,0,34,0.07241665088154729,4.352543750578444,0.5003567335664542,0.011190628883391937,2.971399516969619
2411,capacity_loss,safety_only,60,1.0,32091.0,32036.0,55.0,527,0,73,0.07099348255506403,4.410652763008283,0.4861028127890157,0.011143685915042965,2.97138286971083
2411,capacity_loss,safety_only,61,1.0,32577.0,32522.0,55.0,540,0,76,0.06967679015181379,4.34169266720368,0.5079294343845325,0.010633332974056626,2.971366775628578
2411,capacity_loss,safety_only,62,1.0,33137.0,33082.0,55.0,576,0,37,0.06914407184446784,4.329149197142341,0.5123071698169807,0.010492234209629291,2.9713512076009967
2411,capacity_loss,safety_only,63,0.9989567031820553,33650.0,33585.0,65.0,526,2,69,0.06706338138249503,4.25329379330795,0.5067132819854069,0.010472394435728996,2.9713361402507195
2411,capacity_loss,safety_only,64,1.0,34141.0,34076.0,65.0,543,0,76,0.06714802720256072,4.260615139491153,0.5258484187046758,0.010086737678207542,2.97132154980686
2411,capacity_loss,safety_only,65,1.0,34694.0,34629.0,65.0,572,0,42,0.06650263549549809,4.270579028206702,0.5267979104080621,0.009948565496413736,2.9713074139798596
2411,capacity_loss,safety_only,66,1.0,35215.0,35150.0,65.0,543,0,68,0.06578088390579773,4.298047800523,0.5182080042936567,0.009939825564668952,2.971293711847866
2411,capacity_loss,safety_only,67,1.0,35705.0,35640.0,65.0,542,0,84,0.06587601324009836,4.3066174330298255,0.5298769413931373,0.009715660972146564,2.9712804237534374
2411,capacity_loss,safety_only,68,1.0,36266.0,36201.0,65.0,583,0,39,0.06542195354212825,4.297455412119712,0.5355492302512778,0.009566894225140881,2.971267531209407
2411,capacity_loss,safety_only,69,0.9990448901623686,36786.0,36711.0,75.0,532,2,75,0.06444516743233591,4.240036672269374,0.537434298790359,0.009518213367500191,2.9712550168131044
2411,capacity_loss,safety_only,70,1.0,37277.0,37202.0,75.0,553,0,88,0.06359790176342697,4.209846180091554,0.5596203445048546,0.009085418009817499,2.9712428641679693
2411,capacity_loss,safety_only,71,1.0,37855.0,37780.0,75.0,606,0,46,0.06306685587110089,4.247590446480368,0.5618599912342894,0.008893936221960877,2.971231057811872
2411,capacity_loss,safety_only,72,1.0,38422.0,38347.0,75.0,571,0,45,0.061663649718550206,4.173461640316574,0.569063112079269,0.008738514605307881,2.9712195831515085
2411,capacity_loss,safety_only,73,1.0,38908.0,38833.0,75.0,542,0,85,0.059839830797878225,4.096691381984837,0.5744144687825188,0.008558519013174367,2.971208426402181
2411,capacity_loss,safety_only,74,1.0,39484.0,39409.0,75.0,580,0,25,0.05944727338643465,4.070653962384539,0.5841297394209807,0.008414472683744182,2.971197574532593
2411,capacity_loss,safety_only,75,1.0,39968.0,39893.0,75.0,517,0,94,0.05900755891485734,4.039938565969372,0.5841635848942479,0.008415277049166234,2.9711870152140514
2411,capacity_loss,safety_only,76,1.0,40467.0,40392.0,75.0,570,0,77,0.05780064866122886,4.065857039619848,0.5936658134346613,0.00805953677730318,2.971176736773763
2411,capacity_loss,safety_only,77,1.0,41055.0,40980.0,75.0,588,0,25,0.056765262106235254,4.0033118866876505,0.6049007629298268,0.007889546970092596,2.9711667281517604
2411,capacity_loss,safety_only,78,1.0,41549.0,41474.0,75.0,519,0,92,0.0563741482909134,3.983771093804319,0.6036314262730845,0.007890203010832342,2.971156978861229
2411,capacity_loss,safety_only,79,1.0,42055.0,41980.0,75.0,578,0,80,0.05544947910145684,4.046312912781179,0.6101753087659386,0.007558909865526656,2.97114747895185
2411,capacity_loss,safety_only,80,1.0,42660.0,42585.0,75.0,605,0,22,0.054887228711569314,4.008100612273484,0.6221331225111434,0.007408435583039321,2.9711382189759212
2411,capacity_loss,safety_only,81,1.0,43187.0,43112.0,75.0,552,0,73,0.05459166944410894,3.987243951750517,0.6226756306169647,0.007400655054772279,2.9711291899570162
2411,capacity_loss,safety_only,82,1.0,43717.0,43642.0,75.0,582,0,60,0.05319481706386277,4.003794735131871,0.6112351550119107,0.007315919904188692,2.9711203833609683
2411,capacity_loss,safety_only,83,1.0,44292.0,44217.0,75.0,575,0,37,0.05276589348440761,3.97030296282836,0.623311403783193,0.007176382576978308,2.971111791068956
2411,capacity_loss,safety_only,84,1.0,44795.0,44720.0,75.0,545,0,81,0.05240284927089166,3.9602843819234854,0.6232514112497448,0.007145744612308607,2.9711034053525367
2411,capacity_loss,safety_only,85,1.0,45348.0,45273.0,75.0,582,0,43,0.05179899964268698,3.961467184108526,0.6166760582971301,0.007136604864620327,2.9710952188504876
2411,capacity_loss,safety_only,86,1.0,45898.0,45823.0,75.0,558,0,50,0.051448565577980845,3.9396741488295803,0.6223792355222376,0.007062239983841124,2.9710872245472078
2411,capacity_loss,safety_only,87,1.0,46383.0,46308.0,75.0,544,0,85,0.05047355282384525,3.913752726101784,0.6262343627096439,0.006931374074002057,2.9710794157527083
2411,capacity_loss,safety_only,88,1.0,46945.0,46870.0,75.0,575,0,30,0.04975983660210702,3.871381566378484,0.6298030160746174,0.00686902483270186,2.971071786083915
2411,capacity_loss,safety_only,89,1.0,47439.0,47364.0,75.0,521,0,84,0.04933927254079478,3.8661384345018903,0.6273589187635201,0.006846793182052702,2.9710643294472856
2411,capacity_loss,safety_only,90,1.0,47940.0,47865.0,75.0,559,0,76,0.049176450799775014,3.9001984990863554,0.6302168983563777,0.006733943012870032,2.9710570400225573
2411,capacity_loss,safety_only,91,1.0,48517.0,48442.0,75.0,587,0,31,0.04875019686328091,3.871388209374723,0.6355237414304125,0.0066691106602176226,2.9710499122476115
2411,capacity_loss,safety_only,92,1.0,49011.0,48936.0,75.0,524,0,94,0.04827009311474331,3.842004150769742,0.6346343765280009,0.0066632757315508735,2.971042940804309
2411,capacity_loss,safety_only,93,1.0,49524.0,49449.0,75.0,582,0,75,0.04766437405083665,3.8729044764458593,0.6410406933507777,0.006461949762767098,2.971036120605271
2411,capacity_loss,safety_only,94,1.0,50126.0,50051.0,75.0,602,0,27,0.0473339555491882,3.8470812327227306,0.6520011622666667,0.006351643519894308,2.971029446781493
2411,capacity_loss,safety_only,95,1.0,50658.0,50583.0,75.0,560,0,72,0.047050800393827294,3.8273449278149676,0.6514177295944569,0.00635190269217898,2.971022914670728
2411,capacity_loss,safety_only,96,1.0,51203.0,51128.0,75.0,590,0,59,0.046520210110478515,3.855644746219019,0.6429748882246196,0.006316050264241083,2.9710165198066742
2411,capacity_loss,safety_only,97,1.0,51781.0,51706.0,75.0,578,0,39,0.04609123962285225,3.8274767680537423,0.6524981156318441,0.006211870770342859,2.9710102579087403
2411,capacity_loss,safety_only,98,1.0,52296.0,52221.0,75.0,574,0,77,0.04560672565412297,3.8416781265881017,0.6536200386132164,0.006113350627027582,2.9710041248725267
2411,capacity_loss,safety_only,99,1.0,52900.0,52825.0,75.0,604,0,21,0.04533650401947451,3.84922406751483,0.6589917822556355,0.006015787124424209,2.9709981167608293
2411,capacity_loss,safety_only,100,1.0,53437.0,53362.0,75.0,564,0,61,0.04485718147620595,3.8226398932228522,0.65737819395004,0.006008302421357012,2.9709922297952334
2411,capacity_loss,safety_only,101,1.0,53981.0,53906.0,75.0,578,0,53,0.04423110819916738,3.8242064398738056,0.6479351847515572,0.006008336609961721,2.9709864603481617
2411,capacity_loss,safety_only,102,1.0,54547.0,54472.0,75.0,578,0,39,0.04399966261133637,3.817489777364659,0.6508147172660418,0.005960933163154482,2.970980804935455
2411,capacity_loss,safety_only,103,1.0,55081.0,55006.0,75.0,568,0,61,0.04380552162889829,3.8161511642114814,0.6489466280618577,0.005953814112260995,2.970975260209326
2411,capacity_loss,safety_only,104,1.0,55639.0,55564.0,75.0,579,0,43,0.0434201525739232,3.8069409392435865,0.6454232103993882,0.005948019534292552,2.970969822951759
2411,capacity_loss,safety_only,105,1.0,56169.0,56094.0,75.0,550,0,65,0.04328036932788124,3.795405593799315,0.646865915407469,0.00593363784317589,2.970964490068295
2411,capacity_loss,safety_only,106,1.0,56682.0,56607.0,75.0,570,0,73,0.04286481640313485,3.8118793429523956,0.6464913010472019,0.005854670264488131,2.970959258582134
2411,capacity_loss,safety_only,107,1.0,57271.0,57196.0,75.0,591,0,31,0.042756365130532215,3.811697028434024,0.6534287749219145,0.005778141888195681,2.9709541256286283
2411,capacity_loss,safety_only,108,1.0,57792.0,57717.0,75.0,566,0,70,0.042490885319302056,3.8153621974009315,0.6519008351095426,0.005750204107463934,2.9709490884500216
2411,capacity_loss,safety_only,109,1.0,58356.0,58281.0,75.0,579,0,40,0.04210456161464412,3.806908326338843,0.6501244173485816,0.005726190165254455,2.97094414439051
2411,capacity_loss,safety_only,110,1.0,58889.0,58814.0,75.0,556,0,60,0.041832683363374416,3.788781933441525,0.6492809070499863,0.005723869242873075,2.970939290891605
2411,capacity_loss,safety_only,111,1.0,59413.0,59338.0,75.0,569,0,69,0.041565692669878994,3.792578185220302,0.647075173568101,0.005701021268913396,2.970934525487668
2411,capacity_loss,safety_only,112,1.0,59995.0,59920.0,75.0,594,0,37,0.04136070407909218,3.800498945304788,0.6457618605548939,0.00567260467519969,2.9709298458017916
2411,capacity_loss,safety_only,113,1.0,60543.0,60468.0,75.0,584,0,52,0.040926690597120056,3.8061978558565794,0.6385199429675665,0.0056682510482017855,2.9709252495417946
2411,capacity_loss,safety_only,114,1.0,61109.0,61034.0,75.0,578,0,45,0.04060132145264312,3.789040988866877,0.6394061903460709,0.005640829385477004,2.970920734496501
2411,capacity_loss,safety_only,115,1.0,61654.0,61579.0,75.0,578,0,53,0.04035720493265099,3.8004819679351276,0.6354756220950453,0.0056246187800339156,2.9709162985322166
2411,capacity_loss,safety_only,116,1.0,62211.0,62136.0,75.0,574,0,48,0.04007764053106455,3.786369342988936,0.6353898045141106,0.005607240057358581,2.9709119395893
2411,capacity_loss,safety_only,117,1.0,62750.0,62675.0,75.0,570,0,53,0.03981975543151154,3.7897084600490936,0.6306248241760001,0.005608317236446878,2.9709076556790555
2411,capacity_loss,safety_only,118,1.0,63286.0,63211.0,75.0,560,0,58,0.039611511477931294,3.7773982393785817,0.629526612913664,0.005606941294690577,2.970903444880645
2411,capacity_loss,safety_only,119,1.0,63824.0,63749.0,75.0,572,0,61,0.039431790339885746,3.7777952832254487,0.627085897516055,0.0056026450580853385,2.970899305338257
2411,capacity_loss,flex_only,0,1.0,551.0,551.0,0.0,551,0,89,,,,,
2411,capacity_loss,flex_only,1,1.0,1059.0,1059.0,0.0,514,0,105,,,,,
2411,capacity_loss,flex_only,2,1.0,1581.0,1581.0,0.0,539,0,83,1.6852779736625254,0.6395474137931033,,,2.6351102941176476
2411,capacity_loss,flex_only,3,1.0,2109.0,2109.0,0.0,560,0,67,1.8908576341893497,0.6733704695073428,,,2.808049535603715
2411,capacity_loss,flex_only,4,1.0,2640.0,2640.0,0.0,542,0,65,0.31343251331181055,0.8050358454275219,0.9848233995584992,0.1302885962454469,3.0343387470997674
2411,capacity_loss,flex_only,5,1.0,3131.0,3131.0,0.0,543,0,81,0.40768884365072355,0.7853532517129058,2.21555459272097,0.0785176493595385,2.9841045566937474
2411,capacity_loss,flex_only,6,1.0,3697.0,3697.0,0.0,578,0,33,0.4123616039372739,0.8680334092634776,1.8540706605222737,0.08593808842358966,2.981465640148274
2411,capacity_loss,flex_only,7,1.0,4198.0,4198.0,0.0,529,0,73,0.3377135838841457,1.3143939393939394,0.9598297574626866,0.08983781813764198,2.9796796557494623
2411,capacity_loss,flex_only,8,1.0,4706.0,4706.0,0.0,555,0,67,0.3214401321221999,1.6227223239175432,0.8472913616398242,0.07849490236737515,2.9783906153529545
2411,capacity_loss,flex_only,9,1.0,5261.0,5261.0,0.0,560,0,36,0.3012663668976341,2.2366554118138016,0.6305105382483837,0.07174962543699018,2.977416440831075
2411,capacity_loss,flex_only,10,1.0,5746.0,5746.0,0.0,531,0,76,0.2623708582865647,3.0878996922935267,0.4493513631107091,0.06352401579819082,2.976654322975366
2411,capacity_loss,flex_only,11,1.0,6274.0,6274.0,0.0,553,0,45,0.24639214377452665,3.385577318608993,0.43480439157963835,0.056242053401144326,2.976041817917816
2411,capacity_loss,flex_only,12,1.0,6777.0,6777.0,0.0,522,0,63,0.23040123950376704,4.136014748841803,0.353685193062054,0.05293223538058093,2.975538807351582
2411,capacity_loss,flex_only,13,1.0,7251.0,7251.0,0.0,529,0,82,0.22399976182493234,4.719247706422019,0.3469581792292751,0.04598258771699795,2.975118339604321
2411,capacity_loss,flex_only,14,1.0,7807.0,7807.0,0.0,573,0,36,0.218765285484043,4.9511939305638855,0.338785254317821,0.04384214547154537,2.9747616376892876
2411,capacity_loss,flex_only,15,1.0,8322.0,8322.0,0.0,534,0,71,0.21406939223813545,5.189564703273963,0.32239712493535083,0.04301550738348896,2.9744552184339486
2411,capacity_loss,flex_only,16,1.0,8807.0,8807.0,0.0,551,0,89,0.20755582461127334,5.40978747038158,0.36636725749569155,0.035210280373831775,2.974189149702933
2411,capacity_loss,flex_only,17,1.0,9382.0,9382.0,0.0,580,0,22,0.18782267058614413,4.967669766625725,0.3823875707752043,0.033247346849405036,2.9739559535776294
2411,capacity_loss,flex_only,18,0.9982517482517482,9876.0,9871.0,5.0,514,1,86,0.1811214174576395,5.004502014058922,0.36159430471640674,0.033657582508678306,2.9737498924175916
2411,capacity_loss,flex_only,19,1.0,10369.0,10364.0,5.0,560,0,79,0.17689477968616174,5.197638009436275,0.3985090984284532,0.028720572439666046,2.97356649044327
2411,capacity_loss,flex_only,20,0.9968152866242038,10968.0,10953.0,15.0,589,2,23,0.17445817530972976,5.2346670176362196,0.4192959219506237,0.026731785472073416,2.973402204918665
2411,capacity_loss,flex_only,21,0.9969879518072289,11478.0,11453.0,25.0,531,2,76,0.1676085710145574,5.299467140319716,0.3954457019154358,0.026899556510290353,2.973254195061185
2411,capacity_loss,flex_only,22,1.0,11986.0,11961.0,25.0,556,0,64,0.16092813742815315,5.203862433238617,0.39945110097454994,0.026039347286723066,2.973120156391815
2411,capacity_loss,flex_only,23,1.0,12550.0,12525.0,25.0,564,0,32,0.15686234199946963,5.251228011713462,0.4111835386527699,0.024435850127732042,2.972998199879993
2411,capacity_loss,flex_only,24,1.0,13027.0,13002.0,25.0,523,0,87,0.15078528357042623,5.248002367993779,0.40344637083667184,0.023955252582856995,2.9728867623604462
2411,capacity_loss,flex_only,25,1.0,13566.0,13541.0,25.0,567,0,42,0.1473482269544974,5.179969097085758,0.398969112599271,0.0239836367095833,2.9727845391719185
2411,capacity_loss,flex_only,26,1.0,14094.0,14069.0,25.0,543,0,52,0.14361101870588686,5.175504699457403,0.3950907387520216,0.02362590866004228,2.9726904328419588
2411,capacity_loss,flex_only,27,1.0,14575.0,14550.0,25.0,533,0,83,0.13967470918957878,5.104607061316531,0.4049111352433558,0.022733104687064562,2.9726035135287807
2411,capacity_loss,flex_only,28,1.0,15132.0,15107.0,25.0,571,0,34,0.1382444188342786,5.080870819724245,0.40833595688482177,0.022416438198635195,2.9725229881930475
2411,capacity_loss,flex_only,29,1.0,15637.0,15612.0,25.0,537,0,75,0.13611308514032358,5.046570628718069,0.4076492698720304,0.02225884174125813,2.9724481763316732
2411,capacity_loss,flex_only,30,1.0,16150.0,16125.0,25.0,555,0,64,0.13026325146924117,4.849571748306082,0.41147251995995804,0.021962085555531818,2.9723784906999127
2411,capacity_loss,flex_only,31,1.0,16703.0,16678.0,25.0,565,0,41,0.1283458157985894,4.791399588143164,0.4170106526823392,0.021611134770470417,2.972313421865046
2411,capacity_loss,flex_only,32,1.0,17182.0,17157.0,25.0,523,0,84,0.12160580312364358,4.545992911685999,0.42297383408159145,0.021277781230378216,2.972252525731632
2411,capacity_loss,flex_only,33,1.0,17704.0,17679.0,25.0,551,0,46,0.11612919256170838,4.343289518829914,0.4227159299603258,0.02128122642213396,2.9721954133921606
2411,capacity_loss,flex_only,34,1.0,18223.0,18198.0,25.0,535,0,54,0.11441509237890993,4.523233951114691,0.40353428351309706,0.021090375390783473,2.9721417428125694
2411,capacity_loss,flex_only,35,1.0,18698.0,18673.0,25.0,527,0,84,0.11214932077755059,4.519021620441143,0.40949296771988086,0.02039124050595172,2.972091211976981
2411,capacity_loss,flex_only,36,1.0,19250.0,19225.0,25.0,567,0,33,0.10972054075641538,4.476378699146876,0.409835070840583,0.020123190099126463,2.9720435532013294
2411,capacity_loss,flex_only,37,0.9991258741258742,19754.0,19724.0,30.0,526,1,72,0.1075876101387806,4.491008724208195,0.4007969763737575,0.020111540378863407,2.9719985283898125
2411,capacity_loss,flex_only,38,1.0,20250.0,20220.0,30.0,547,0,74,0.10682562549436016,4.4606236584946295,0.4129449964686029,0.01951395450932777,2.9719559250566854
2411,capacity_loss,flex_only,39,1.0,20819.0,20789.0,30.0,574,0,31,0.10606307882483357,4.4803424669988,0.4221107741466092,0.018870791483509737,2.971915552973078
2411,capacity_loss,flex_only,40,1.0,21309.0,21279.0,30.0,537,0,91,0.10492333959918033,4.437352969470121,0.4311319732758273,0.018454701763663536,2.9718772413272445
2411,capacity_loss,flex_only,41,1.0,21866.0,21836.0,30.0,591,0,50,0.10483425321436551,4.470230590625377,0.4308850942257524,0.01831412874814155,2.971840836308756
2411,capacity_loss,flex_only,42,1.0,22430.0,22400.0,30.0,573,0,49,0.10348804095933972,4.417621868737286,0.4417549132085216,0.017844309771532774,2.971806199044642
2411,capacity_loss,flex_only,43,1.0,22925.0,22895.0,30.0,554,0,90,0.10005692484085522,4.433781373119521,0.44672455890830504,0.016998765605868296,2.971773203829028
2411,capacity_loss,flex_only,44,1.0,23503.0,23473.0,30.0,597,0,37,0.09732656578133698,4.467778356228261,0.4414206071483233,0.01660642360451419,2.971741736598732
2411,capacity_loss,flex_only,45,1.0,24060.0,24030.0,30.0,574,0,51,0.09611132171656646,4.471563364264141,0.4448367019732107,0.01625952577991348,2.9717116936158803
2411,capacity_loss,flex_only,46,1.0,24593.0,24563.0,30.0,572,0,63,0.09437391924960943,4.527488431275981,0.4409486340742952,0.015907581735088477,2.9716829803254
2411,capacity_loss,flex_only,47,1.0,25174.0,25144.0,30.0,589,0,30,0.09325015887879573,4.547402992336699,0.4441641075187191,0.015536178922421645,2.971655510360952
2411,capacity_loss,flex_only,48,1.0,25697.0,25667.0,30.0,554,0,67,0.091393036812817,4.555091689837208,0.43399281454418664,0.01555746483416495,2.971629204677262
2411,capacity_loss,flex_only,49,1.0,26230.0,26200.0,30.0,570,0,59,0.08965664655073817,4.585195455282064,0.4438362236879224,0.014825555000680985,2.9716039907904834
2411,capacity_loss,flex_only,50,1.0,26778.0,26748.0,30.0,570,0,46,0.08677306588359161,4.485963244986033,0.44941414062576235,0.01448421959064646,2.971579802111213
2411,capacity_loss,flex_only,51,1.0,27295.0,27265.0,30.0,542,0,76,0.08580662179886511,4.475696367959129,0.4460768975508205,0.014463268640332446,2.971556577357265
2411,capacity_loss,flex_only,52,1.0,27816.0,27786.0,30.0,576,0,64,0.08325756908400263,4.557407626746663,0.44471589879304324,0.013824277847358894,2.971534260035255
2411,capacity_loss,flex_only,53,1.0,28383.0,28353.0,30.0,577,0,39,0.08108385112157668,4.462821510747675,0.4506754573072199,0.013566984746205669,2.9715127979818035
2411,capacity_loss,flex_only,54,0.9975339087546239,28916.0,28866.0,50.0,538,4,78,0.0805279566056369,4.453107284084279,0.4484389089447369,0.013570806159809629,2.971492142956473
2411,capacity_loss,flex_only,55,1.0,29422.0,29372.0,50.0,569,0,76,0.0790253742595041,4.507409597956559,0.46551675293852574,0.01267454980755132,2.9714722502798168
2411,capacity_loss,flex_only,56,1.0,30004.0,29954.0,50.0,586,0,31,0.077552850337166,4.435849813479347,0.4757592073984667,0.012367013984096516,2.9714530785107347
2411,capacity_loss,flex_only,57,0.9994165694282381,30516.0,30461.0,55.0,536,1,81,0.076559489954062,4.448843775281983,0.4743466405838633,0.01220927490365906,2.9714345891583056
2411,capacity_loss,flex_only,58,1.0,31027.0,30972.0,55.0,562,0,68,0.07423220179485007,4.433830534898162,0.4964448056834944,0.011349551887650536,2.971416746423862
2411,capacity_loss,flex_only,59,1.0,31586.0,31531.0,55.0,573,0,34,0.07241665088154729,4.352543750578444,0.5003567335664542,0.011190628883391937,2.971399516969619
2411,capacity_loss,flex_only,60,1.0,32091.0,32036.0,55.0,527,0,73,0.07099348255506403,4.410652763008283,0.4861028127890157,0.011143685915042965,2.97138286971083
2411,capacity_loss,flex_only,61,1.0,32577.0,32522.0,55.0,540,0,76,0.06967679015181379,4.34169266720368,0.5079294343845325,0.010633332974056626,2.971366775628578
2411,capacity_loss,flex_only,62,1.0,33137.0,33082.0,55.0,576,0,37,0.06914407184446784,4.329149197142341,0.5123071698169807,0.010492234209629291,2.9713512076009967
2411,capacity_loss,flex_only,63,0.9989567031820553,33650.0,33585.0,65.0,526,2,69,0.06706338138249503,4.25329379330795,0.5067132819854069,0.010472394435728996,2.9713361402507195
2411,capacity_loss,flex_only,64,1.0,34141.0,34076.0,65.0,543,0,76,0.06714802720256072,4.260615139491153,0.5258484187046758,0.010086737678207542,2.97132154980686
2411,capacity_loss,flex_only,65,1.0,34694.0,34629.0,65.0,572,0,42,0.06650263549549809,4.270579028206702,0.5267979104080621,0.009948565496413736,2.9713074139798596
2411,capacity_loss,flex_only,66,1.0,35215.0,35150.0,65.0,543,0,68,0.06578088390579773,4.298047800523,0.5182080042936567,0.009939825564668952,2.971293711847866
2411,capacity_loss,flex_only,67,1.0,35705.0,35640.0,65.0,542,0,84,0.06587601324009836,4.3066174330298255,0.5298769413931373,0.009715660972146564,2.9712804237534374
2411,capacity_loss,flex_only,68,1.0,36266.0,36201.0,65.0,583,0,39,0.06542195354212825,4.297455412119712,0.5355492302512778,0.009566894225140881,2.971267531209407
2411,capacity_loss,flex_only,69,0.9990448901623686,36786.0,36711.0,75.0,532,2,75,0.06444516743233591,4.240036672269374,0.537434298790359,0.009518213367500191,2.9712550168131044
2411,capacity_loss,flex_only,70,1.0,37277.0,37202.0,75.0,553,0,88,0.06359790176342697,4.209846180091554,0.5596203445048546,0.009085418009817499,2.9712428641679693
2411,capacity_loss,flex_only,71,1.0,37855.0,37780.0,75.0,606,0,46,0.06306685587110089,4.247590446480368,0.5618599912342894,0.008893936221960877,2.971231057811872
2411,capacity_loss,flex_only,72,1.0,38422.0,38347.0,75.0,571,0,45,0.061663649718550206,4.173461640316574,0.569063112079269,0.008738514605307881,2.9712195831515085
2411,capacity_loss,flex_only,73,1.0,38908.0,38833.0,75.0,542,0,85,0.059839830797878225,4.096691381984837,0.5744144687825188,0.008558519013174367,2.971208426402181
2411,capacity_loss,flex_only,74,1.0,39484.0,39409.0,75.0,580,0,25,0.05944727338643465,4.070653962384539,0.5841297394209807,0.008414472683744182,2.971197574532593
2411,capacity_loss,flex_only,75,1.0,39968.0,39893.0,75.0,517,0,94,0.05900755891485734,4.039938565969372,0.5841635848942479,0.008415277049166234,2.9711870152140514
2411,capacity_loss,flex_only,76,1.0,40467.0,40392.0,75.0,570,0,77,0.05780064866122886,4.065857039619848,0.5936658134346613,0.00805953677730318,2.971176736773763
2411,capacity_loss,flex_only,77,1.0,41055.0,40980.0,75.0,588,0,25,0.056765262106235254,4.0033118866876505,0.6049007629298268,0.007889546970092596,2.9711667281517604
2411,capacity_loss,flex_only,78,1.0,41549.0,41474.0,75.0,519,0,92,0.0563741482909134,3.983771093804319,0.6036314262730845,0.007890203010832342,2.971156978861229
2411,capacity_loss,flex_only,79,1.0,42055.0,41980.0,75.0,578,0,80,0.05544947910145684,4.046312912781179,0.6101753087659386,0.007558909865526656,2.97114747895185
2411,capacity_loss,flex_only,80,1.0,42660.0,42585.0,75.0,605,0,22,0.054887228711569314,4.008100612273484,0.6221331225111434,0.007408435583039321,2.9711382189759212
2411,capacity_loss,flex_only,81,1.0,43187.0,43112.0,75.0,552,0,73,0.05459166944410894,3.987243951750517,0.6226756306169647,0.007400655054772279,2.9711291899570162
2411,capacity_loss,flex_only,82,1.0,43717.0,43642.0,75.0,582,0,60,0.05319481706386277,4.003794735131871,0.6112351550119107,0.007315919904188692,2.9711203833609683
2411,capacity_loss,flex_only,83,1.0,44292.0,44217.0,75.0,575,0,37,0.05276589348440761,3.97030296282836,0.623311403783193,0.007176382576978308,2.971111791068956
2411,capacity_loss,flex_only,84,1.0,44795.0,44720.0,75.0,545,0,81,0.05240284927089166,3.9602843819234854,0.6232514112497448,0.007145744612308607,2.9711034053525367
2411,capacity_loss,flex_only,85,1.0,45348.0,45273.0,75.0,582,0,43,0.05179899964268698,3.961467184108526,0.6166760582971301,0.007136604864620327,2.9710952188504876
2411,capacity_loss,flex_only,86,1.0,45898.0,45823.0,75.0,558,0,50,0.051448565577980845,3.9396741488295803,0.6223792355222376,0.007062239983841124,2.9710872245472078
2411,capacity_loss,flex_only,87,1.0,46383.0,46308.0,75.0,544,0,85,0.05047355282384525,3.913752726101784,0.6262343627096439,0.006931374074002057,2.9710794157527083
2411,capacity_loss,flex_only,88,1.0,46945.0,46870.0,75.0,575,0,30,0.04975983660210702,3.871381566378484,0.6298030160746174,0.00686902483270186,2.971071786083915
2411,capacity_loss,flex_only,89,1.0,47439.0,47364.0,75.0,521,0,84,0.04933927254079478,3.8661384345018903,0.6273589187635201,0.006846793182052702,2.9710643294472856
2411,capacity_loss,flex_only,90,1.0,47940.0,47865.0,75.0,559,0,76,0.049176450799775014,3.9001984990863554,0.6302168983563777,0.006733943012870032,2.9710570400225573
2411,capacity_loss,flex_only,91,1.0,48517.0,48442.0,75.0,587,0,31,0.04875019686328091,3.871388209374723,0.6355237414304125,0.0066691106602176226,2.9710499122476115
2411,capacity_loss,flex_only,92,1.0,49011.0,48936.0,75.0,524,0,94,0.04827009311474331,3.842004150769742,0.6346343765280009,0.0066632757315508735,2.971042940804309
2411,capacity_loss,flex_only,93,1.0,49524.0,49449.0,75.0,582,0,75,0.04766437405083665,3.8729044764458593,0.6410406933507777,0.006461949762767098,2.971036120605271
2411,capacity_loss,flex_only,94,1.0,50126.0,50051.0,75.0,602,0,27,0.0473339555491882,3.8470812327227306,0.6520011622666667,0.006351643519894308,2.971029446781493
2411,capacity_loss,flex_only,95,1.0,50658.0,50583.0,75.0,560,0,72,0.047050800393827294,3.8273449278149676,0.6514177295944569,0.00635190269217898,2.971022914670728
2411,capacity_loss,flex_only,96,1.0,51203.0,51128.0,75.0,590,0,59,0.046520210110478515,3.855644746219019,0.6429748882246196,0.006316050264241083,2.9710165198066742
2411,capacity_loss,flex_only,97,1.0,51781.0,51706.0,75.0,578,0,39,0.04609123962285225,3.8274767680537423,0.6524981156318441,0.006211870770342859,2.9710102579087403
2411,capacity_loss,flex_only,98,1.0,52296.0,52221.0,75.0,574,0,77,0.04560672565412297,3.8416781265881017,0.6536200386132164,0.006113350627027582,2.9710041248725267
2411,capacity_loss,flex_only,99,1.0,52900.0,52825.0,75.0,604,0,21,0.04533650401947451,3.84922406751483,0.6589917822556355,0.006015787124424209,2.9709981167608293
2411,capacity_loss,flex_only,100,1.0,53437.0,53362.0,75.0,564,0,61,0.04485718147620595,3.8226398932228522,0.65737819395004,0.006008302421357012,2.9709922297952334
2411,capacity_loss,flex_only,101,1.0,53981.0,53906.0,75.0,578,0,53,0.04423110819916738,3.8242064398738056,0.6479351847515572,0.006008336609961721,2.9709864603481617
2411,capacity_loss,flex_only,102,1.0,54547.0,54472.0,75.0,578,0,39,0.04399966261133637,3.817489777364659,0.6508147172660418,0.005960933163154482,2.970980804935455
2411,capacity_loss,flex_only,103,1.0,55081.0,55006.0,75.0,568,0,61,0.04380552162889829,3.8161511642114814,0.6489466280618577,0.005953814112260995,2.970975260209326
2411,capacity_loss,flex_only,104,1.0,55639.0,55564.0,75.0,579,0,43,0.0434201525739232,3.8069409392435865,0.6454232103993882,0.005948019534292552,2.970969822951759
2411,capacity_loss,flex_only,105,1.0,56169.0,56094.0,75.0,550,0,65,0.04328036932788124,3.795405593799315,0.646865915407469,0.00593363784317589,2.970964490068295
2411,capacity_loss,flex_only,106,1.0,56682.0,56607.0,75.0,570,0,73,0.04286481640313485,3.8118793429523956,0.6464913010472019,0.005854670264488131,2.970959258582134
2411,capacity_loss,flex_only,107,1.0,57271.0,57196.0,75.0,591,0,31,0.042756365130532215,3.811697028434024,0.6534287749219145,0.005778141888195681,2.9709541256286283
2411,capacity_loss,flex_only,108,1.0,57792.0,57717.0,75.0,566,0,70,0.042490885319302056,3.8153621974009315,0.6519008351095426,0.005750204107463934,2.9709490884500216
2411,capacity_loss,flex_only,109,1.0,58356.0,58281.0,75.0,579,0,40,0.04210456161464412,3.806908326338843,0.6501244173485816,0.005726190165254455,2.97094414439051
2411,capacity_loss,flex_only,110,1.0,58889.0,58814.0,75.0,556,0,60,0.041832683363374416,3.788781933441525,0.6492809070499863,0.005723869242873075,2.970939290891605
2411,capacity_loss,flex_only,111,1.0,59413.0,59338.0,75.0,569,0,69,0.041565692669878994,3.792578185220302,0.647075173568101,0.005701021268913396,2.970934525487668
2411,capacity_loss,flex_only,112,1.0,59995.0,59920.0,75.0,594,0,37,0.04136070407909218,3.800498945304788,0.6457618605548939,0.00567260467519969,2.9709298458017916
2411,capacity_loss,flex_only,113,1.0,60543.0,60468.0,75.0,584,0,52,0.040926690597120056,3.8061978558565794,0.6385199429675665,0.0056682510482017855,2.9709252495417946
2411,capacity_loss,flex_only,114,1.0,61109.0,61034.0,75.0,578,0,45,0.04060132145264312,3.789040988866877,0.6394061903460709,0.005640829385477004,2.970920734496501
2411,capacity_loss,flex_only,115,1.0,61654.0,61579.0,75.0,578,0,53,0.04035720493265099,3.8004819679351276,0.6354756220950453,0.0056246187800339156,2.9709162985322166
2411,capacity_loss,flex_only,116,1.0,62211.0,62136.0,75.0,574,0,48,0.04007764053106455,3.786369342988936,0.6353898045141106,0.005607240057358581,2.9709119395893
2411,capacity_loss,flex_only,117,1.0,62750.0,62675.0,75.0,570,0,53,0.03981975543151154,3.7897084600490936,0.6306248241760001,0.005608317236446878,2.9709076556790555
2411,capacity_loss,flex_only,118,1.0,63286.0,63211.0,75.0,560,0,58,0.039611511477931294,3.7773982393785817,0.629526612913664,0.005606941294690577,2.970903444880645
2411,capacity_loss,flex_only,119,1.0,63824.0,63749.0,75.0,572,0,61,0.039431790339885746,3.7777952832254487,0.627085897516055,0.0056026450580853385,2.970899305338257
2411,capacity_loss,dynalloc_only,0,1.0,551.0,551.0,0.0,551,0,89,,,,,
2411,capacity_loss,dynalloc_only,1,1.0,1059.0,1059.0,0.0,514,0,105,,,,,
2411,capacity_loss,dynalloc_only,2,1.0,1581.0,1581.0,0.0,539,0,83,1.6852779736625254,0.6395474137931033,,,2.6351102941176476
2411,capacity_loss,dynalloc_only,3,1.0,2109.0,2109.0,0.0,560,0,67,1.8908576341893497,0.6733704695073428,,,2.808049535603715
2411,capacity_loss,dynalloc_only,4,1.0,2640.0,2640.0,0.0,542,0,65,0.31343251331181055,0.8050358454275219,0.9848233995584992,0.1302885962454469,3.0343387470997674
2411,capacity_loss,dynalloc_only,5,1.0,3131.0,3131.0,0.0,543,0,81,0.40768884365072355,0.7853532517129058,2.21555459272097,0.0785176493595385,2.9841045566937474
2411,capacity_loss,dynalloc_only,6,1.0,3688.0,3688.0,0.0,569,0,42,0.4123616039372739,0.8680334092634776,1.8540706605222737,0.08593808842358966,2.981465640148274
2411,capacity_loss,dynalloc_only,7,1.0,4182.0,4182.0,0.0,532,0,80,0.41224085182920894,1.2478693181818181,1.400224887556222,0.07917982761389795,2.9796796557494623
2411,capacity_loss,dynalloc_only,8,1.0,4705.0,4705.0,0.0,564,0,62,0.4298808291091892,1.2589641434262948,1.8630828443434917,0.06153481441343808,2.9783906153529545
2411,capacity_loss,dynalloc_only,9,1.0,5259.0,5259.0,0.0,567,0,41,0.38492477141156795,1.6161083500891533,1.3471546828018859,0.05938111377476509,2.977416440831075
2411,capacity_loss,dynalloc_only,10,1.0,5750.0,5750.0,0.0,528,0,82,0.35692855318298244,2.0919436152824993,0.9474628101073734,0.060497961560861964,2.976654322975366
2411,capacity_loss,dynalloc_only,11,1.0,6259.0,6259.0,0.0,554,0,67,0.3348617093060552,1.9191848875106792,1.311470996334417,0.04470447044704471,2.976041817917816
2411,capacity_loss,dynalloc_only,12,1.0,6784.0,6784.0,0.0,558,0,64,0.2863566237191134,2.338747933207608,1.078155636061444,0.03816600828596203,2.975538807351582
2411,capacity_loss,dynalloc_only,13,1.0,7315.0,7315.0,0.0,547,0,62,0.3187194882721642,2.821412844036698,1.0056840942801772,0.0377551459822582,2.975118339604321
2411,capacity_loss,dynalloc_only,14,1.0,7812.0,7812.0,0.0,552,0,93,0.30808620668025044,2.969926254229055,1.0571371563834904,0.03298701967210302,2.9747616376892876
2411,capacity_loss,dynalloc_only,15,1.0,8387.0,8387.0,0.0,609,0,47,0.295737714191898,3.08949818934299,1.101146330204647,0.029225792478009043,2.9744552184339486
2411,capacity_loss,dynalloc_only,16,1.0,8960.0,8960.0,0.0,589,0,52,0.2968253659754434,3.0562199502443415,1.1518909626719058,0.028348915517598147,2.974189149702933
2411,capacity_loss,dynalloc_only,17,1.0,9502.0,9502.0,0.0,578,0,56,0.2698168358760944,2.8453676083523427,1.1177979893429935,0.028525469798460695,2.9739559535776294
2411,capacity_loss,dynalloc_only,18,1.0,10064.0,10064.0,0.0,568,0,44,0.25681141609030256,2.756456835952926,1.1432903303592958,0.027403255487769514,2.9737498924175916
2411,capacity_loss,dynalloc_only,19,1.0,10580.0,10580.0,0.0,559,0,69,0.24733876647133635,2.6788047986081613,1.144399066511085,0.027132884958528603,2.97356649044327
2411,capacity_loss,dynalloc_only,20,1.0,11131.0,11131.0,0.0,573,0,48,0.24095351263249806,2.6152523690444855,1.1368967536681491,0.027254923799446832,2.973402204918665
2411,capacity_loss,dynalloc_only,21,1.0,11657.0,11657.0,0.0,552,0,59,0.23301943635271793,2.5217288336293664,1.1373243665185537,0.027326082748182965,2.973254195061185
2411,capacity_loss,dynalloc_only,22,1.0,12161.0,12161.0,0.0,548,0,74,0.2252241746587891,2.4269797665225465,1.1736569184428265,0.026594707860240714,2.973120156391815
2411,capacity_loss,dynalloc_only,23,1.0,12707.0,12707.0,0.0,566,0,52,0.2221385908638908,2.3822216912845353,1.182921553000114,0.026514976514976512,2.972998199879993
2411,capacity_loss,dynalloc_only,24,1.0,13221.0,13221.0,0.0,556,0,72,0.21382304041303704,2.3098328329882425,1.1846622620448304,0.026284579228452103,2.9728867623604462
2411,capacity_loss,dynalloc_only,25,1.0,13765.0,13765.0,0.0,568,0,55,0.20718882241333608,2.2482623840467744,1.1814191030901215,0.026239279469316378,2.9727845391719185
2411,capacity_loss,dynalloc_only,26,1.0,14296.0,14296.0,0.0,564,0,63,0.20221237939657655,2.1889469969643183,1.2027303942198397,0.025837739909023417,2.9726904328419588
2411,capacity_loss,dynalloc_only,27,1.0,14833.0,14833.0,0.0,568,0,59,0.196206346930863,2.1247099196917056,1.2088004072167862,0.025699331237211163,2.9726035135287807
2411,capacity_loss,dynalloc_only,28,1.0,15377.0,15377.0,0.0,569,0,58,0.19270869909797606,2.082602701470609,1.2079244214744056,0.02577091915376918,2.9725229881930475
2411,capacity_loss,dynalloc_only,29,1.0,15921.0,15921.0,0.0,583,0,58,0.18758513106566702,2.0719159820699535,1.188502550471316,0.02562783156635927,2.9724481763316732
2411,capacity_loss,dynalloc_only,30,1.0,16488.0,16488.0,0.0,576,0,39,0.17865809861576287,1.9717050551019406,1.225754695535576,0.02486984521188958,2.9723784906999127
2411,capacity_loss,dynalloc_only,31,1.0,17004.0,17004.0,0.0,557,0,74,0.1780810515678463,1.967399501131156,1.2341876651087178,0.024674556213017753,2.972313421865046
2411,capacity_loss,dynalloc_only,32,1.0,17548.0,17548.0,0.0,566,0,44,0.16747599089256063,1.8703924105786045,1.224826146583007,0.024595727393432545,2.972252525731632
2411,capacity_loss,dynalloc_only,33,0.9980657640232108,18061.0,18051.0,10.0,525,2,70,0.1618121280453702,1.869124286837734,1.1844954906650098,0.024590203197899996,2.9721954133921606
2411,capacity_loss,dynalloc_only,34,1.0,18546.0,18536.0,10.0,543,0,84,0.1588668296674594,1.8513685633334194,1.2492349911248084,0.02311142299243349,2.9721417428125694
2411,capacity_loss,dynalloc_only,35,1.0,19107.0,19097.0,10.0,575,0,36,0.15594145117528097,1.834262393535706,1.2563709127219593,0.02276774939871337,2.972091211976981
2411,capacity_loss,dynalloc_only,36,1.0,19597.0,19587.0,10.0,527,0,95,0.15296250292701696,1.9152874264715434,1.182044691752678,0.022733272474825327,2.9720435532013294
2411,capacity_loss,dynalloc_only,37,1.0,20118.0,20108.0,10.0,578,0,71,0.15027271595911126,1.9317889572494018,1.2117536809097298,0.021600187391246157,2.9719985283898125
2411,capacity_loss,dynalloc_only,38,1.0,20703.0,20693.0,10.0,585,0,37,0.14787743791570573,1.9041806790123095,1.2817493618657991,0.020386763692907865,2.9719559250566854
2411,capacity_loss,dynalloc_only,39,1.0,21228.0,21218.0,10.0,578,0,76,0.14543249359445623,1.8951393687043168,1.3093136421009302,0.019721508875882015,2.971915552973078
2411,capacity_loss,dynalloc_only,40,1.0,21829.0,21819.0,10.0,612,0,29,0.14408005485675796,1.9169610921143534,1.3086986725070222,0.019325023863719804,2.9718772413272445
2411,capacity_loss,dynalloc_only,41,1.0,22408.0,22398.0,10.0,596,0,41,0.14247975506058183,1.908072489553692,1.309631228122512,0.019185968254625655,2.971840836308756
2411,capacity_loss,dynalloc_only,42,1.0,22974.0,22964.0,10.0,596,0,43,0.13795717576786676,1.9170550843713436,1.2597341397203847,0.019222519913629377,2.971806199044642
2411,capacity_loss,dynalloc_only,43,1.0,23540.0,23530.0,10.0,570,0,36,0.13400812853042476,1.8593377660335604,1.3087644658648239,0.018530865086014345,2.971773203829028
2411,capacity_loss,dynalloc_only,44,1.0,24049.0,24039.0,10.0,545,0,68,0.13094485371380027,1.8278297141141562,1.3052468093028384,0.018469238845490978,2.971741736598732
2411,capacity_loss,dynalloc_only,45,1.0,24585.0,24575.0,10.0,561,0,51,0.1290899268871285,1.8299854585260749,1.2931004479712023,0.01835717215215832,2.9717116936158803
2411,capacity_loss,dynalloc_only,46,1.0,25102.0,25092.0,10.0,546,0,66,0.1283721808078158,1.8216138895285612,1.3023411923032138,0.018209051989134927,2.9716829803254
2411,capacity_loss,dynalloc_only,47,1.0,25626.0,25616.0,10.0,569,0,64,0.1268814189685404,1.8245566232818393,1.306067300731421,0.017917469024603516,2.971655510360952
2411,capacity_loss,dynalloc_only,48,1.0,26187.0,26177.0,10.0,574,0,43,0.12406630866607235,1.843547672047847,1.2818898777223064,0.017666647852345205,2.971629204677262
2411,capacity_loss,dynalloc_only,49,1.0,26695.0,26685.0,10.0,552,0,80,0.12245568823581827,1.8191836073248469,1.3108670142662262,0.017280363003376698,2.9716039907904834
2411,capacity_loss,dynalloc_only,50,1.0,27246.0,27236.0,10.0,577,0,46,0.11864408380581233,1.7697311523918764,1.3053597191226527,0.01728308183479348,2.971579802111213
2411,capacity_loss,dynalloc_only,51,1.0,27779.0,27769.0,10.0,554,0,67,0.11571767195675725,1.7872774268059004,1.268740805492186,0.017173183324861042,2.971556577357265
2411,capacity_loss,dynalloc_only,52,1.0,28299.0,28289.0,10.0,574,0,68,0.11234840588639043,1.7802868714174662,1.2812124605517665,0.01657582029899843,2.971534260035255
2411,capacity_loss,dynalloc_only,53,1.0,28870.0,28860.0,10.0,572,0,37,0.10906873246857963,1.7413075000087124,1.3224891554094202,0.015938779808569885,2.9715127979818035
2411,capacity_loss,dynalloc_only,54,1.0,29366.0,29356.0,10.0,542,0,84,0.11071045389326203,1.7691028949518888,1.339320885240812,0.015724480657485225,2.971492142956473
2411,capacity_loss,dynalloc_only,55,1.0,29910.0,29900.0,10.0,578,0,52,0.10913106905610542,1.76365515031269,1.3252596376776644,0.015713107747912153,2.9714722502798168
2411,capacity_loss,dynalloc_only,56,1.0,30456.0,30446.0,10.0,556,0,52,0.1081871961437607,1.7617113666547306,1.3374737097742364,0.015452081076104135,2.9714530785107347
2411,capacity_loss,dynalloc_only,57,1.0,30952.0,30942.0,10.0,553,0,82,0.1062990769060733,1.7404830274772374,1.3823954049879947,0.01486829757628709,2.9714345891583056
2411,capacity_loss,dynalloc_only,58,1.0,31520.0,31510.0,10.0,577,0,30,0.10376772430581209,1.7062265564818582,1.4028004986440379,0.014590363671654848,2.971416746423862
2411,capacity_loss,dynalloc_only,59,0.9994407158836689,32015.0,32000.0,15.0,524,1,81,0.0988446108109447,1.7773851056894863,1.284949008907603,0.014565470471193536,2.971399516969619
2411,capacity_loss,dynalloc_only,60,1.0,32516.0,32501.0,15.0,551,0,74,0.09865583439945727,1.7820702987552004,1.3558265410820722,0.013741533329223553,2.97138286971083
2411,capacity_loss,dynalloc_only,61,1.0,33053.0,33038.0,15.0,554,0,50,0.09487197768502459,1.7834311797736346,1.3262704982365594,0.013498739816596102,2.971366775628578
2411,capacity_loss,dynalloc_only,62,1.0,33551.0,33536.0,15.0,534,0,87,0.09440806024776525,1.8666300863911298,1.265581095144274,0.013449521904981467,2.9713512076009967
2411,capacity_loss,dynalloc_only,63,1.0,34060.0,34045.0,15.0,560,0,69,0.09113808514068192,1.8408189604932867,1.3188281546620289,0.012634231356197163,2.9713361402507195
2411,capacity_loss,dynalloc_only,64,1.0,34608.0,34593.0,15.0,571,0,55,0.08874379486641601,1.8697926248664694,1.2917706465321097,0.012365437573763455,2.97132154980686
2411,capacity_loss,dynalloc_only,65,1.0,35133.0,35118.0,15.0,554,0,77,0.08825040129796101,1.9358531788837299,1.2408636580298438,0.012364387888612006,2.9713074139798596
2411,capacity_loss,dynalloc_only,66,1.0,35672.0,35657.0,15.0,590,0,67,0.08789155628479789,1.938302641829014,1.313338838017658,0.01161992153935617,2.971293711847866
2411,capacity_loss,dynalloc_only,67,1.0,36255.0,36240.0,15.0,596,0,37,0.08645737458176922,1.9128486747124012,1.329339379143911,0.011443053205806143,2.9712804237534374
2411,capacity_loss,dynalloc_only,68,1.0,36808.0,36793.0,15.0,569,0,54,0.08656661434220182,1.915928204340617,1.3366510039033037,0.011376571891933635,2.971267531209407
2411,capacity_loss,dynalloc_only,69,1.0,37332.0,37317.0,15.0,567,0,60,0.08455229209116981,1.8994415082421217,1.3255274294006207,0.011302403656265867,2.9712550168131044
2411,capacity_loss,dynalloc_only,70,1.0,37884.0,37869.0,15.0,557,0,49,0.08391518343666725,1.912327627875239,1.334298971779881,0.011068453522264486,2.9712428641679693
2411,capacity_loss,dynalloc_only,71,1.0,38382.0,38367.0,15.0,561,0,91,0.0845219256973601,1.934817302104185,1.384319515898882,0.010620785876574439,2.971231057811872
2411,capacity_loss,dynalloc_only,72,1.0,38967.0,38952.0,15.0,598,0,27,0.08225168733624852,1.9204031348747863,1.3762298694839912,0.010474340345261492,2.9712195831515085
2411,capacity_loss,dynalloc_only,73,1.0,39477.0,39462.0,15.0,533,0,70,0.07961901775590594,1.8741052650494856,1.366382865153005,0.010464471739283448,2.971208426402181
2411,capacity_loss,dynalloc_only,74,1.0,39973.0,39958.0,15.0,547,0,81,0.07876732265245483,1.8739553005544098,1.3712312589131577,0.010316790689101747,2.971197574532593
2411,capacity_loss,dynalloc_only,75,1.0,40533.0,40518.0,15.0,573,0,41,0.07808342465825087,1.8571869052261751,1.3902070088103258,0.010178734296879686,2.9711870152140514
2411,capacity_loss,dynalloc_only,76,1.0,41025.0,41010.0,15.0,540,0,87,0.07707704642052751,1.8431592760499622,1.4078292057294624,0.009997323405209039,2.971176736773763
2411,capacity_loss,dynalloc_only,77,1.0,41560.0,41545.0,15.0,568,0,58,0.07594522718712199,1.8177877939270504,1.4333651229587285,0.009810100278510226,2.9711667281517604
2411,capacity_loss,dynalloc_only,78,1.0,42098.0,42083.0,15.0,556,0,61,0.07528717826341541,1.8193525968048283,1.4290649210927402,0.009746004069474085,2.971156978861229
2411,capacity_loss,dynalloc_only,79,1.0,42616.0,42601.0,15.0,571,0,74,0.07444230038791438,1.8119855813221852,1.4483219635939804,0.00954719342469644,2.97114747895185
2411,capacity_loss,dynalloc_only,80,1.0,43201.0,43186.0,15.0,595,0,29,0.07344929568887004,1.815077442215331,1.4464541636809036,0.009415967360764084,2.9711382189759212
2411,capacity_loss,dynalloc_only,81,1.0,43733.0,43718.0,15.0,554,0,65,0.07361393344985652,1.8233884165896352,1.4650607749089415,0.009274780830742513,2.9711291899570162
2411,capacity_loss,dynalloc_only,82,1.0,44253.0,44238.0,15.0,569,0,64,0.07177258382702544,1.8064620991150875,1.465752311722697,0.009123235601463992,2.9711203833609683
2411,capacity_loss,dynalloc_only,83,1.0,44808.0,44793.0,15.0,560,0,48,0.0711409690213918,1.8069953070986886,1.4775534970110349,0.008968102117590516,2.971111791068956
2411,capacity_loss,dynalloc_only,84,1.0,45305.0,45290.0,15.0,551,0,83,0.07058116589179356,1.7960746893291515,1.5063199407173449,0.008780706134139693,2.9711034053525367
2411,capacity_loss,dynalloc_only,85,1.0,45872.0,45857.0,15.0,584,0,37,0.06979957052034308,1.7841076858358995,1.5145845265024236,0.008694039323174519,2.9710952188504876
2411,capacity_loss,dynalloc_only,86,1.0,46396.0,46381.0,15.0,547,0,72,0.06976647834889169,1.7977955325594441,1.5124148811719846,0.008636149676508297,2.9710872245472078
2411,capacity_loss,dynalloc_only,87,1.0,46903.0,46888.0,15.0,568,0,74,0.06816272589906085,1.7889516949400623,1.5276750892494588,0.008394659372986437,2.9710794157527083
2411,capacity_loss,dynalloc_only,88,1.0,47471.0,47456.0,15.0,568,0,37,0.06745364952001966,1.787366098586731,1.5470756383010567,0.008210455335003477,2.971071786083915
2411,capacity_loss,dynalloc_only,89,1.0,47952.0,47937.0,15.0,535,0,97,0.06689997080917418,1.7921888429261204,1.5599539697834177,0.008054124155723917,2.9710643294472856
2411,capacity_loss,dynalloc_only,90,1.0,48512.0,48497.0,15.0,586,0,44,0.06660624726455489,1.7971555320906856,1.5708077225896053,0.007941367309144874,2.9710570400225573
2411,capacity_loss,dynalloc_only,91,1.0,49059.0,49044.0,15.0,566,0,56,0.06591732716834317,1.7880069118798327,1.580030698356454,0.007853349458407828,2.9710499122476115
2411,capacity_loss,dynalloc_only,92,1.0,49580.0,49565.0,15.0,569,0,71,0.06495421531294732,1.7854459335488648,1.583202544862607,0.007734196984049773,2.971042940804309
2411,capacity_loss,dynalloc_only,93,1.0,50153.0,50138.0,15.0,583,0,37,0.06464316034132223,1.7851047911499567,1.5936806597688702,0.007648030845497113,2.971036120605271
2411,capacity_loss,dynalloc_only,94,1.0,50677.0,50662.0,15.0,557,0,68,0.06398308913315949,1.774162102686281,1.6003563141412618,0.007584872103363497,2.971029446781493
2411,capacity_loss,dynalloc_only,95,1.0,51224.0,51209.0,15.0,577,0,53,0.06359637273363339,1.7746873894889659,1.6109236890078191,0.007487373764624097,2.971022914670728
2411,capacity_loss,dynalloc_only,96,1.0,51774.0,51759.0,15.0,571,0,52,0.06316540608765152,1.7627956412895835,1.6292883652394026,0.007402429871470122,2.9710165198066742
2411,capacity_loss,dynalloc_only,97,1.0,52304.0,52289.0,15.0,568,0,61,0.06252362594667912,1.7531446165329356,1.6241217406422175,0.007391008174386921,2.9710102579087403
2411,capacity_loss,dynalloc_only,98,1.0,52856.0,52841.0,15.0,569,0,52,0.06210170506834677,1.7412498974678803,1.629786180290753,0.0073656068634469,2.9710041248725267
2411,capacity_loss,dynalloc_only,99,1.0,53391.0,53376.0,15.0,573,0,60,0.061839154598028925,1.7430952073806416,1.6268002199413485,0.007340165226386923,2.9709981167608293
2411,capacity_loss,dynalloc_only,100,1.0,53951.0,53936.0,15.0,579,0,46,0.06125343298420045,1.7292565354886655,1.6287245545748787,0.007320181486588675,2.9709922297952334
2411,capacity_loss,dynalloc_only,101,1.0,54492.0,54477.0,15.0,571,0,56,0.06053818122364943,1.7247849728673312,1.6134454975781316,0.007322163754331509,2.9709864603481617
2411,capacity_loss,dynalloc_only,102,1.0,55042.0,55027.0,15.0,577,0,51,0.060448462183438106,1.7307407452705448,1.6155931289855174,0.007276480929268292,2.970980804935455
2411,capacity_loss,dynalloc_only,103,1.0,55599.0,55584.0,15.0,576,0,49,0.060458657263425385,1.7326747488881784,1.617499058401276,0.007261032480423658,2.970975260209326
2411,capacity_loss,dynalloc_only,104,1.0,56136.0,56121.0,15.0,574,0,60,0.05990959766706232,1.7267858100476685,1.614080319431915,0.007234933591269856,2.970969822951759
2411,capacity_loss,dynalloc_only,105,1.0,56698.0,56683.0,15.0,575,0,45,0.0597588235356295,1.7282432543913933,1.6186437799074442,0.007190323411824358,2.970964490068295
2411,capacity_loss,dynalloc_only,106,1.0,57224.0,57209.0,15.0,568,0,65,0.05919569301734824,1.7259287691516918,1.6196596389164588,0.007127656883520198,2.970959258582134
2411,capacity_loss,dynalloc_only,107,1.0,57788.0,57773.0,15.0,582,0,46,0.05913803811507438,1.7267455791441029,1.6328336984310383,0.007059934297524629,2.9709541256286283
2411,capacity_loss,dynalloc_only,108,1.0,58333.0,58318.0,15.0,573,0,52,0.058792305399033906,1.7256762750535382,1.6328285781254428,0.007023043517354414,2.9709490884500216
2411,capacity_loss,dynalloc_only,109,1.0,58870.0,58855.0,15.0,564,0,56,0.058457451692643304,1.7181096422679518,1.6404905700883348,0.0069810504913141195,2.97094414439051
2411,capacity_loss,dynalloc_only,110,1.0,59407.0,59392.0,15.0,562,0,57,0.05809799325970184,1.7099763526876899,1.6442207343695643,0.006955320217247153,2.970939290891605
2411,capacity_loss,dynalloc_only,111,1.0,59939.0,59924.0,15.0,568,0,64,0.05780802143286574,1.703735146732451,1.6465620342830065,0.00693609199093542,2.970934525487668
2411,capacity_loss,dynalloc_only,112,1.0,60501.0,60486.0,15.0,589,0,51,0.05746137048321558,1.7042800882549556,1.6375742115312597,0.0069301338506173645,2.9709298458017916
2411,capacity_loss,dynalloc_only,113,1.0,61071.0,61056.0,15.0,593,0,39,0.05673829426550922,1.7009339365989624,1.6309609367758184,0.0068842010473832045,2.9709252495417946
2411,capacity_loss,dynalloc_only,114,1.0,61625.0,61610.0,15.0,572,0,53,0.05620036594746588,1.6942579313038868,1.6323910664929422,0.006839814789916211,2.970920734496501
2411,capacity_loss,dynalloc_only,115,1.0,62173.0,62158.0,15.0,582,0,52,0.0558725061409562,1.699353954509713,1.6448254050020643,0.006728280424198925,2.9709162985322166
2411,capacity_loss,dynalloc_only,116,1.0,62735.0,62720.0,15.0,575,0,46,0.055567297860577285,1.6901240022333381,1.658850902798554,0.006671194093431538,2.9709119395893
2411,capacity_loss,dynalloc_only,117,1.0,63270.0,63255.0,15.0,572,0,56,0.0552252821754784,1.6906639536329005,1.6497881307124997,0.0066644347875255625,2.9709076556790555
2411,capacity_loss,dynalloc_only,118,1.0,63818.0,63803.0,15.0,563,0,51,0.05503609079798614,1.6858095527849695,1.655127532093306,0.006639250694408382,2.970903444880645
2411,capacity_loss,dynalloc_only,119,1.0,64348.0,64333.0,15.0,570,0,65,0.054784323784383575,1.682728231355506,1.6606828839390384,0.006598841281384763,2.970899305338257
2411,capacity_loss,all_combined,0,1.0,671.0,671.0,0.0,671,0,89,,,,,
2411,capacity_loss,all_combined,1,1.0,1299.0,1299.0,0.0,634,0,106,,,,,
2411,capacity_loss,all_combined,2,1.0,1941.0,1941.0,0.0,659,0,82,1.6717581294371195,0.6395474137931033,,,2.6139705882352944
2411,capacity_loss,all_combined,3,1.0,2590.0,2590.0,0.0,681,0,66,1.8374883338197274,0.6733704695073428,,,2.7287925696594426
2411,capacity_loss,all_combined,4,1.0,3240.0,3240.0,0.0,661,0,66,0.3057632669240006,0.8050358454275219,0.9848233995584992,0.1302885962454469,2.960092807424594
2411,capacity_loss,all_combined,5,1.0,3851.0,3851.0,0.0,663,0,81,0.3984231881132071,0.7853532517129058,2.21555459272097,0.0785176493595385,2.916283998587071
2411,capacity_loss,all_combined,6,1.0,4518.0,4518.0,0.0,679,0,52,0.40352753744129566,0.8680334092634776,1.8540706605222737,0.08593808842358966,2.917593384659253
2411,capacity_loss,all_combined,7,1.0,5133.0,5133.0,0.0,666,0,79,0.35128232978597446,0.7603574810606061,2.2913411109921866,0.06908632286995516,2.9184795601243128
2411,capacity_loss,all_combined,8,1.0,5797.0,5797.0,0.0,685,0,54,0.3559743059810026,0.8075804888553892,2.355272999252057,0.06411206379450264,2.919119160321055
2411,capacity_loss,all_combined,9,1.0,6437.0,6437.0,0.0,674,0,68,0.41612487184341784,0.9431313782768692,2.256591865357644,0.0669691413654868,2.919602529358627
2411,capacity_loss,all_combined,10,1.0,7078.0,7078.0,0.0,678,0,66,0.4934292006847744,1.0699591003614208,2.4613240418118463,0.06416658087099762,2.9199806794397034
2411,capacity_loss,all_combined,11,1.0,7723.0,7723.0,0.0,670,0,65,0.4667254025271226,1.0716704110369268,2.2537533582679243,0.06617114274361312,2.9202845941629154
2411,capacity_loss,all_combined,12,1.0,8346.0,8346.0,0.0,675,0,80,0.4737351113975584,1.097478645346349,2.6096264166783265,0.05663682018837238,2.9205341795583775
2411,capacity_loss,all_combined,13,1.0,9028.0,9028.0,0.0,698,0,44,0.41817057409989317,1.2224587155963307,2.2124966604328073,0.052935050036980576,2.9207428085932756
2411,capacity_loss,all_combined,14,1.0,9677.0,9677.0,0.0,683,0,74,0.439749051979854,1.3455277087388937,2.3723955302060293,0.04716344679546153,2.920919798093102
2411,capacity_loss,all_combined,15,1.0,10353.0,10353.0,0.0,715,0,58,0.4292359161296719,1.3677481339147144,2.272402722486195,0.04727835797278358,2.9210718381816285
2411,capacity_loss,all_combined,16,1.0,11067.0,11067.0,0.0,724,0,28,0.4049332111060383,1.3496074429732454,2.281845650544108,0.04501194743130226,2.92120385701763
2411,capacity_loss,all_combined,17,1.0,11720.0,11720.0,0.0,679,0,56,0.36467257161101485,1.1993222495174591,2.280316175053018,0.045644985533385904,2.921319565018733
2411,capacity_loss,all_combined,18,1.0,12367.0,12367.0,0.0,668,0,60,0.33789676290704324,1.2042887607613935,2.136919722057954,0.04494391739382356,2.921421809105775
2411,capacity_loss,all_combined,19,1.0,13004.0,13004.0,0.0,674,0,64,0.3162853962305018,1.2054603611319035,2.073242361798446,0.04331799398948159,2.9215128100854004
2411,capacity_loss,all_combined,20,1.0,13648.0,13648.0,0.0,677,0,65,0.30674354575835744,1.196063108712819,2.2404454076675884,0.03918023709613937,2.9215943258037154
2411,capacity_loss,all_combined,21,1.0,14292.0,14292.0,0.0,677,0,62,0.29394004164769705,1.1787744227353463,2.383828945198703,0.03580322350065716,2.921667765809334
2411,capacity_loss,all_combined,22,1.0,14929.0,14929.0,0.0,672,0,69,0.2827786658705429,1.1311478999324593,2.568291089626339,0.03331518946774036,2.9217342735460434
2411,capacity_loss,all_combined,23,1.0,15581.0,15581.0,0.0,683,0,65,0.27915593070853106,1.124869732517436,2.5666222682650086,0.03309275774582917,2.9217947863190887
2411,capacity_loss,all_combined,24,1.0,16240.0,16240.0,0.0,694,0,57,0.2674439057042404,1.102138594380948,2.503850751758701,0.03316882818776542,2.9218500797448166
2411,capacity_loss,all_combined,25,1.0,16905.0,16905.0,0.0,683,0,57,0.2546102318553624,1.0904475538782081,2.455406105047388,0.03254484975493466,2.9219008011742416
2411,capacity_loss,all_combined,26,1.0,17550.0,17550.0,0.0,690,0,66,0.25033372710553764,1.0972638602856537,2.6176772867420346,0.029827700764096517,2.9219474951547566
2411,capacity_loss,all_combined,27,1.0,18227.0,18227.0,0.0,692,0,48,0.24386969089375007,1.065896869711162,2.7248700379194664,0.028735451783802258,2.921990623058239
2411,capacity_loss,all_combined,28,1.0,18876.0,18876.0,0.0,686,0,66,0.23905011660777262,1.0422638751985482,2.736254484222856,0.028686002488327596,2.922030578377497
2411,capacity_loss,all_combined,29,1.0,19553.0,19553.0,0.0,704,0,50,0.2330962712757272,1.0266076219359783,2.699627825086507,0.028783040767633848,2.9220676987667296
2411,capacity_loss,all_combined,30,1.0,20228.0,20228.0,0.0,691,0,44,0.22191245579085422,0.9778664061401082,2.734525158420411,0.028400423566243616,2.9221022756069135
2411,capacity_loss,all_combined,31,1.0,20864.0,20864.0,0.0,676,0,74,0.2217726780667187,0.9939345379662393,2.709458867738263,0.02818171934639332,2.922134561670015
2411,capacity_loss,all_combined,32,1.0,21528.0,21528.0,0.0,685,0,43,0.20934164767648408,0.9487995743387548,2.691355959270271,0.02805467964149685,2.9221647773087325
2411,capacity_loss,all_combined,33,1.0,22138.0,22138.0,0.0,637,0,79,0.19800559157684625,1.011465250513902,2.380251730730332,0.028144574349977376,2.92219311549244
2411,capacity_loss,all_combined,34,1.0,22743.0,22743.0,0.0,663,0,87,0.1968471255164546,1.0021372520137823,2.5774962128174743,0.02607900179270083,2.922219745932694
2411,capacity_loss,all_combined,35,1.0,23412.0,23412.0,0.0,690,0,51,0.18941393677229842,0.985430770910679,2.5319444360961008,0.025978558134234813,2.9222448184847045
2411,capacity_loss,all_combined,36,1.0,24047.0,24047.0,0.0,680,0,80,0.18604097600751301,0.9712067107296363,2.5682003068055037,0.02552395260386852,2.9222684659688074
2411,capacity_loss,all_combined,37,1.0,24728.0,24728.0,0.0,710,0,49,0.18503730700946686,0.985380521869869,2.5107733828864705,0.025593187485131768,2.9222908065241366
2411,capacity_loss,all_combined,38,1.0,25411.0,25411.0,0.0,698,0,49,0.18184472646842487,0.9694129386290296,2.5514881144108745,0.02515774878440334,2.9223119455825612
2411,capacity_loss,all_combined,39,1.0,26075.0,26075.0,0.0,705,0,62,0.17815219112095473,0.965832848467217,2.5343059997638497,0.024905805615200744,2.9223319775324423
2411,capacity_loss,all_combined,40,1.0,26791.0,26791.0,0.0,721,0,27,0.1764797975922067,0.9676926373232351,2.6257033191228705,0.02376728268824467,2.922350987127705
2411,capacity_loss,all_combined,41,1.0,27464.0,27464.0,0.0,702,0,54,0.17485341752326025,0.9628042416409779,2.6104904083861955,0.023805591037895132,2.9223690506864934
2411,capacity_loss,all_combined,42,1.0,28158.0,28158.0,0.0,715,0,34,0.16650404213012673,0.9743520606966728,2.463403060619242,0.02373754398731525,2.9223862371152522
2411,capacity_loss,all_combined,43,1.0,28826.0,28826.0,0.0,677,0,44,0.16194194597885067,0.9513808465376288,2.536901408450704,0.022959441180627066,2.9224026087871264
2411,capacity_loss,all_combined,44,1.0,29442.0,29442.0,0.0,660,0,76,0.15776672985854226,0.9371810379165928,2.5482164922975534,0.02260545440438628,2.922418222298339
2411,capacity_loss,all_combined,45,1.0,30099.0,30099.0,0.0,678,0,53,0.15442452350278293,0.9498334511837937,2.4686825137885493,0.02253507387658968,2.9224331291218895
2411,capacity_loss,all_combined,46,1.0,30726.0,30726.0,0.0,672,0,75,0.15034047002008935,0.9553774185903052,2.459298652837562,0.021894899702512516,2.9224473761744187
2411,capacity_loss,all_combined,47,1.0,31393.0,31393.0,0.0,697,0,56,0.1425125726462277,0.9948116611928801,2.297832566408701,0.02133266960603043,2.9224610063094505
2411,capacity_loss,all_combined,48,1.0,32063.0,32063.0,0.0,697,0,54,0.14006909445940358,0.9773433634384656,2.409820654902174,0.02034978219881672,2.9224740587479228
2411,capacity_loss,all_combined,49,1.0,32725.0,32725.0,0.0,695,0,60,0.13861260217161475,0.9667969101679963,2.4220508519135193,0.020254973613616514,2.9224865694551028
2411,capacity_loss,all_combined,50,1.0,33398.0,33398.0,0.0,690,0,47,0.13613551030000703,0.9486845898405415,2.455504108916963,0.019996528423842003,2.9224985714715332
2411,capacity_loss,all_combined,51,1.0,34042.0,34042.0,0.0,679,0,70,0.1408095554926414,0.9880750915573802,2.4483312905024763,0.01991663540291264,2.9225100952044065
2411,capacity_loss,all_combined,52,1.0,34709.0,34709.0,0.0,696,0,49,0.13820007806803744,0.9845808189036671,2.4094468474535304,0.019933423869226988,2.922521168684794
2411,capacity_loss,all_combined,53,1.0,35364.0,35364.0,0.0,673,0,56,0.13388860472422615,0.9652166943393455,2.410674613019493,0.019688877119991482,2.92253181779529
2411,capacity_loss,all_combined,54,1.0,35987.0,35987.0,0.0,670,0,77,0.13466121420205285,0.9718676586463108,2.454043339731181,0.019319344933469804,2.922542066471978
2411,capacity_loss,all_combined,55,1.0,36653.0,36653.0,0.0,687,0,51,0.13303206096967954,0.9871377673888148,2.394531545071644,0.01925731572403395,2.922551936884059
2411,capacity_loss,all_combined,56,1.0,37288.0,37288.0,0.0,676,0,71,0.13064738979459214,0.9733647147344516,2.455077960924076,0.0187066577078771,2.922561449593909
2411,capacity_loss,all_combined,57,1.0,37948.0,37948.0,0.0,685,0,57,0.12839677290792634,0.9852076803580284,2.424046778517791,0.018395869011883892,2.9225706237000737
2411,capacity_loss,all_combined,58,1.0,38590.0,38590.0,0.0,673,0,63,0.125122894677165,0.9645355644280498,2.484655462304443,0.017864301176255003,2.9225794769652627
2411,capacity_loss,all_combined,59,1.0,39222.0,39222.0,0.0,669,0,67,0.12181158575080664,0.955103597023874,2.4486493913959535,0.017821485856446075,2.922588025931103
2411,capacity_loss,all_combined,60,1.0,39862.0,39862.0,0.0,663,0,67,0.12231761408742148,1.0348348188714753,2.275048591472926,0.01777699962599825,2.922596286021344
2411,capacity_loss,all_combined,61,1.0,40470.0,40470.0,0.0,662,0,84,0.12081787712127903,1.0294238140296204,2.365644970895917,0.016975298020537943,2.922604271634674
2411,capacity_loss,all_combined,62,1.0,41138.0,41138.0,0.0,688,0,59,0.1199549555471564,1.0407021214422398,2.381631385742472,0.016559455284767516,2.9226119962285133
2411,capacity_loss,all_combined,63,1.0,41778.0,41778.0,0.0,688,0,64,0.11498163717634453,1.0223246902033472,2.3802009474097092,0.016167904724479317,2.9226194723946812
2411,capacity_loss,all_combined,64,1.0,42443.0,42443.0,0.0,677,0,61,0.11125276783142471,1.0356618205872643,2.3233080974966733,0.01582022670701352,2.922626711927896
2411,capacity_loss,all_combined,65,1.0,43087.0,43087.0,0.0,700,0,70,0.10838759387401369,1.0395908789545147,2.337774935152613,0.015259490226051508,2.9226337258878594
2411,capacity_loss,all_combined,66,1.0,43796.0,43796.0,0.0,711,0,36,0.1088544955363026,1.048989232922497,2.40988945963014,0.01473339441010022,2.922640524655636
2411,capacity_loss,all_combined,67,1.0,44444.0,44444.0,0.0,688,0,62,0.10759902044755389,1.044255951308933,2.4101182307354545,0.01462805650346491,2.9226471179849374
2411,capacity_loss,all_combined,68,1.0,45121.0,45121.0,0.0,691,0,47,0.10594880480082706,1.0374675657714487,2.4127603590155533,0.014482048996605101,2.9226535150487685
2411,capacity_loss,all_combined,69,1.0,45762.0,45762.0,0.0,673,0,58,0.10477651295925382,1.0275692704514066,2.423574783068454,0.01439521489838974,2.9226597244820494
2411,capacity_loss,all_combined,70,1.0,46394.0,46394.0,0.0,661,0,73,0.102350832109252,1.0268765460180265,2.3758650072105776,0.014353976510987186,2.922665754420476
2411,capacity_loss,all_combined,71,1.0,47040.0,47040.0,0.0,694,0,71,0.10341333902126841,1.043627735011859,2.411605492474254,0.014058683796714511,2.9226716125360905
2411,capacity_loss,all_combined,72,1.0,47726.0,47726.0,0.0,707,0,39,0.10145771734438977,1.0395743643868458,2.3986932944473565,0.01392111231165624,2.9226773060698634
2411,capacity_loss,all_combined,73,1.0,48358.0,48358.0,0.0,657,0,69,0.09840669035447754,1.0343184162172536,2.3469605320779507,0.013870205385397183,2.9226828418615143
2411,capacity_loss,all_combined,74,1.0,48981.0,48981.0,0.0,663,0,77,0.09686345732905871,1.0517777788942453,2.295115990810075,0.013729314262723018,2.922688226376959
2411,capacity_loss,all_combined,75,1.0,49637.0,49637.0,0.0,685,0,57,0.09593602024699394,1.0480969769969244,2.307748834672665,0.013570892839707808,2.9226934657334835
2411,capacity_loss,all_combined,76,1.0,50272.0,50272.0,0.0,674,0,72,0.09440673770137185,1.0363377375278309,2.3154200556991036,0.013461326571098718,2.922698565722943
2411,capacity_loss,all_combined,77,1.0,50919.0,50919.0,0.0,681,0,65,0.09308045821761972,1.0212686308091092,2.3416411647007305,0.013317215012711194,2.922703531833099
2411,capacity_loss,all_combined,78,1.0,51578.0,51578.0,0.0,685,0,60,0.09141556114869939,1.0226516210002112,2.296928065421918,0.013315563221094165,2.9227083692673306
2411,capacity_loss,all_combined,79,1.0,52234.0,52234.0,0.0,693,0,64,0.09043464021398862,1.0168734865151687,2.322808175581697,0.01309991150011367,2.922713082962823
2411,capacity_loss,all_combined,80,1.0,52913.0,52913.0,0.0,701,0,47,0.08846907823896583,1.0179567714308213,2.3039449882379164,0.012906342776830273,2.9227176776073676
2411,capacity_loss,all_combined,81,1.0,53572.0,53572.0,0.0,691,0,62,0.08757871922231143,1.0205002627085595,2.3673152699804367,0.012403431064997328,2.922722157654915
2411,capacity_loss,all_combined,82,1.0,54241.0,54241.0,0.0,693,0,49,0.08563928054798327,1.004306057873428,2.4058235787953524,0.012127044452721301,2.922726527339978
2411,capacity_loss,all_combined,83,1.0,54890.0,54890.0,0.0,672,0,63,0.08524787206854749,1.0091011452793157,2.4183328013618475,0.0119520930791191,2.9227307906909794
2411,capacity_loss,all_combined,84,1.0,55533.0,55533.0,0.0,683,0,64,0.08435821514184016,1.0073100105739667,2.414425517020098,0.011867547725836133,2.922734951542632
2411,capacity_loss,all_combined,85,1.0,56197.0,56197.0,0.0,682,0,53,0.0834353464849571,1.0020332416588305,2.4126670507089267,0.011808113386387781,2.922739013547471
2411,capacity_loss,all_combined,86,1.0,56838.0,56838.0,0.0,684,0,69,0.08251543349012017,1.0008196447169893,2.4228707564026206,0.011642828222734517,2.9227429801865017
2411,capacity_loss,all_combined,87,1.0,57503.0,57503.0,0.0,690,0,50,0.08107928117419483,0.9874196806252835,2.4595860587910785,0.011422334811907355,2.922746854779192
2411,capacity_loss,all_combined,88,1.0,58140.0,58140.0,0.0,661,0,66,0.07999659828676975,0.9974869795597496,2.4376295560956507,0.01125653725244063,2.9227506404927106
2411,capacity_loss,all_combined,89,1.0,58756.0,58756.0,0.0,670,0,84,0.07976115568192657,0.999475931270133,2.5497532863972707,0.010708499566634966,2.9227543403505813
2411,capacity_loss,all_combined,90,1.0,59438.0,59438.0,0.0,698,0,44,0.07965802522858537,1.0063162306429108,2.5652378057112255,0.010557827817997675,2.922757957240716
2411,capacity_loss,all_combined,91,1.0,60075.0,60075.0,0.0,678,0,78,0.07904588064771041,1.0057950788297692,2.556851406432285,0.010516491362471998,2.922761493922943
2411,capacity_loss,all_combined,92,1.0,60750.0,60750.0,0.0,707,0,51,0.07769863541967886,1.0009280643813983,2.53652618169062,0.01047073780765093,2.922764953036031
2411,capacity_loss,all_combined,93,1.0,61432.0,61432.0,0.0,693,0,46,0.07707740733652366,0.9943095387470237,2.567265582401706,0.010330950950050448,2.922768337104251
2411,capacity_loss,all_combined,94,1.0,62078.0,62078.0,0.0,689,0,65,0.07618804722506123,0.9893073773881358,2.573450723450724,0.010238700797216371,2.922771648543537
2411,capacity_loss,all_combined,95,1.0,62765.0,62765.0,0.0,697,0,42,0.07619118357274417,0.989484002655367,2.6115907495409876,0.010087776547171495,2.9227748896671946
2411,capacity_loss,all_combined,96,1.0,63411.0,63411.0,0.0,686,0,65,0.07544363369795148,0.9835950681276913,2.6119254681109187,0.010047306159351087,2.922778062691346
2411,capacity_loss,all_combined,97,1.0,64082.0,64082.0,0.0,692,0,48,0.07478495493278056,0.9761642097406231,2.6235874824154295,0.009990782509506422,2.922781169739938
2411,capacity_loss,all_combined,98,1.0,64734.0,64734.0,0.0,681,0,63,0.07425012719511957,0.969895286638564,2.6226835752403366,0.00998687706323793,2.9227842128495136
2411,capacity_loss,all_combined,99,1.0,65395.0,65395.0,0.0,696,0,57,0.0739107826297402,0.9731620491681577,2.6033112635609443,0.009981581186642241,2.9227871939736354
2411,capacity_loss,all_combined,100,1.0,66074.0,66074.0,0.0,696,0,47,0.07328831288350336,0.9673791857359076,2.6149336575899995,0.009912419662809679,2.922790114987102
2411,capacity_loss,all_combined,101,1.0,66728.0,66728.0,0.0,692,0,61,0.07192600139413152,0.9747390863554771,2.5666792451970637,0.00983621202744709,2.922792977689843
2411,capacity_loss,all_combined,102,1.0,67401.0,67401.0,0.0,696,0,54,0.07222454994401872,0.984629015841178,2.5945888797900767,0.009672643687958542,2.9227957838106504
2411,capacity_loss,all_combined,103,1.0,68079.0,68079.0,0.0,704,0,50,0.07213740043071251,0.9862189363671512,2.592245220110941,0.009654108765584743,2.9227985350106405
2411,capacity_loss,all_combined,104,1.0,68755.0,68755.0,0.0,705,0,50,0.0717242385095356,0.9900537286838003,2.5666272915281723,0.00965706362134954,2.9228012328865316
2411,capacity_loss,all_combined,105,1.0,69438.0,69438.0,0.0,696,0,45,0.07141077821816312,1.0003623858514867,2.5611009355623087,0.009536303018694773,2.9228038789737485
2411,capacity_loss,all_combined,106,1.0,70090.0,70090.0,0.0,690,0,60,0.07048208710179674,1.0061921647400285,2.5673450014506836,0.0093349829829787,2.9228064747493185
2411,capacity_loss,all_combined,107,1.0,70766.0,70766.0,0.0,695,0,51,0.07065890860704793,1.0134374693887824,2.588814728516012,0.00921443175537811,2.9228090216346465
2411,capacity_loss,all_combined,108,1.0,71429.0,71429.0,0.0,693,0,52,0.06973072631552338,1.0186922461657166,2.55919548505836,0.009151176187055316,2.9228115209980823
2411,capacity_loss,all_combined,109,1.0,72086.0,72086.0,0.0,682,0,56,0.06952370415362945,1.0190057210114516,2.582850958517064,0.009037655010676524,2.92281397415738
2411,capacity_loss,all_combined,110,1.0,72736.0,72736.0,0.0,680,0,62,0.06883911613700375,1.0161821920218732,2.5739752779253684,0.009004462658635018,2.922816382382033
2411,capacity_loss,all_combined,111,1.0,73395.0,73395.0,0.0,692,0,60,0.06870787881328343,1.0146135604794626,2.5936838057312652,0.008932786699753411,2.9228187468954303
2411,capacity_loss,all_combined,112,1.0,74076.0,74076.0,0.0,709,0,52,0.06828232097824538,1.015050621906487,2.575873466092003,0.008934984807456385,2.9228210688769742
2411,capacity_loss,all_combined,113,1.0,74769.0,74769.0,0.0,715,0,37,0.0673142234062415,1.0157837802573868,2.547414096969844,0.008900275498918335,2.9228233494639975
2411,capacity_loss,all_combined,114,1.0,75444.0,75444.0,0.0,692,0,52,0.06652093021763628,1.0138728759172968,2.5350281364023677,0.008855011390727233,2.9228255897536406
2411,capacity_loss,all_combined,115,1.0,76111.0,76111.0,0.0,701,0,52,0.06614880414558404,1.0198626313694696,2.5527152629730923,0.008693100791037156,2.9228277908046314
2411,capacity_loss,all_combined,116,1.0,76792.0,76792.0,0.0,694,0,46,0.06592336537198067,1.0169426884602317,2.579712191575955,0.008597418867342062,2.9228299536388977
2411,capacity_loss,all_combined,117,1.0,77445.0,77445.0,0.0,690,0,57,0.06579015112008922,1.0212638814797301,2.5687790477580497,0.008580098937802432,2.922832079243218
2411,capacity_loss,all_combined,118,1.0,78111.0,78111.0,0.0,683,0,52,0.06584974588438586,1.0239777423658407,2.5751040514183545,0.008544066675138354,2.922834168570669
2411,capacity_loss,all_combined,119,1.0,78763.0,78763.0,0.0,689,0,64,0.06559089546824745,1.0207737521505216,2.5798555143960247,0.008521463755020324,2.922836222542086
2411,lead_time_surge,baseline,0,1.0,671.0,671.0,0.0,671,0,89,,,,,
2411,lead_time_surge,baseline,1,1.0,1299.0,1299.0,0.0,634,0,105,,,,,
2411,lead_time_surge,baseline,2,1.0,1941.0,1941.0,0.0,659,0,83,1.6852779736625254,0.6395474137931033,,,2.6351102941176476
2411,lead_time_surge,baseline,3,1.0,2589.0,2589.0,0.0,680,0,67,1.8908576341893497,0.6733704695073428,,,2.808049535603715
2411,lead_time_surge,baseline,4,1.0,3240.0,3240.0,0.0,662,0,65,0.31343251331181055,0.8050358454275219,0.9848233995584992,0.1302885962454469,3.0343387470997674
2411,lead_time_surge,baseline,5,1.0,3851.0,3851.0,0.0,663,0,81,0.40768884365072355,0.7853532517129058,2.21555459272097,0.0785176493595385,2.9841045566937474
2411,lead_time_surge,baseline,6,1.0,4522.0,4522.0,0.0,683,0,48,0.4123616039372739,0.8680334092634776,1.8540706605222737,0.08593808842358966,2.981465640148274
2411,lead_time_surge,baseline,7,1.0,5135.0,5135.0,0.0,659,0,81,0.35211750619390175,0.9204545454545454,1.800607638888889,0.07130116183772839,2.9796796557494623
2411,lead_time_surge,baseline,8,1.0,5791.0,5791.0,0.0,687,0,57,0.37059391831732164,0.9067394087314405,2.4285174835737484,0.056505784301530027,2.9783906153529545
2411,lead_time_surge,baseline,9,1.0,6454.0,6454.0,0.0,685,0,50,0.3555702832121287,1.0440456769983686,2.0437367303609344,0.05596821109495116,2.977416440831075
2411,lead_time_surge,baseline,10,1.0,7072.0,7072.0,0.0,653,0,82,0.31913876836111515,1.2241653174134242,1.5792376602845601,0.055457922719284576,2.976654322975366
2411,lead_time_surge,baseline,11,1.0,7664.0,7664.0,0.0,639,0,109,0.29204080205904887,1.2344144543239564,1.7440188700438057,0.04558188961164423,2.976041817917816
2411,lead_time_surge,baseline,12,1.0,8261.0,8261.0,0.0,625,0,119,0.2722287073872959,1.3361013824397918,1.6742437337942955,0.040898766196892256,2.975538807351582
2411,lead_time_surge,baseline,13,1.0,8866.0,8866.0,0.0,605,0,110,0.23890241232032247,1.9552293577981654,1.1031946786584226,0.03722771856821366,2.975118339604321
2411,lead_time_surge,baseline,14,1.0,9452.0,9452.0,0.0,586,0,110,0.2157187027035861,3.919765254192325,0.533709270771185,0.03466337312033465,2.9747616376892876
2411,lead_time_surge,baseline,15,0.9872340425531915,10051.0,10021.0,30.0,569,6,110,0.20649490164633694,6.835843618357845,0.30990053097087306,0.032770831374761056,2.9744552184339486
2411,lead_time_surge,baseline,16,0.9441117764471058,10641.0,10581.0,60.0,560,6,110,0.1947885845655329,10.917311616993162,0.19155946259744566,0.03131667174641878,2.974189149702933
2411,lead_time_surge,baseline,17,0.8805147058823529,11270.0,11135.0,135.0,554,15,110,0.17111119772150352,13.478581768731356,0.14151589027256162,0.030164386282933105,2.9739559535776294
2411,lead_time_surge,baseline,18,0.8374125874125874,11899.0,11689.0,210.0,554,15,110,0.1616873688675041,16.858808545928444,0.11034015403834009,0.029228813749971896,2.9737498924175916
2411,lead_time_surge,baseline,19,0.7996661101836394,12563.0,12278.0,285.0,589,15,75,0.1552855531207306,19.510842273966635,0.0940660586251802,0.02845407250519216,2.97356649044327
2411,lead_time_surge,baseline,20,0.7627388535031847,13248.0,12888.0,360.0,610,15,54,0.15001331611298524,21.359272176888656,0.08495991788918579,0.027801973073791453,2.973402204918665
2411,lead_time_surge,baseline,21,0.7605421686746988,14523.0,13483.0,1040.0,596,136,43,0.14273056576849594,21.65799289520426,0.08110101735368135,0.02733005073506441,2.973254195061185
2411,lead_time_surge,baseline,22,0.7847919655667145,15503.0,13993.0,1510.0,566,94,87,0.13962742845893203,27.353114857365178,0.07451310515796028,0.023041928640037155,2.973120156391815
2411,lead_time_surge,baseline,23,0.8016643550624133,16587.0,14582.0,2005.0,614,99,33,0.13680528479827608,31.069908250824042,0.0667031533764364,0.022203523161044052,2.972998199879993
2411,lead_time_surge,baseline,24,0.7782204515272244,17606.0,15146.0,2460.0,594,91,75,0.13173927778147596,34.731800038015585,0.05820552906965348,0.02192024368636303,2.9728867623604462
2411,lead_time_surge,baseline,25,0.8069053708439897,18549.0,15689.0,2860.0,594,80,81,0.12863810144242002,37.342930823772626,0.05653097871219016,0.020497990313391855,2.9727845391719185
2411,lead_time_surge,baseline,26,0.815043156596794,19599.0,16284.0,3315.0,616,91,50,0.12599743700355856,39.231988768101814,0.054020312996316676,0.01999929125407529,2.9726904328419588
2411,lead_time_surge,baseline,27,0.8194774346793349,20461.0,16836.0,3625.0,591,62,85,0.12257422799733093,41.064513860564546,0.05227039388627043,0.019210546564415606,2.9726035135287807
2411,lead_time_surge,baseline,28,0.8489042675893888,21408.0,17393.0,4015.0,603,78,73,0.12009060441637928,41.45495727693881,0.05242236038959564,0.01859048692466918,2.9725229881930475
2411,lead_time_surge,baseline,29,0.8553811659192825,22256.0,17986.0,4270.0,612,51,56,0.11784271747725888,42.204425022079285,0.05103145353493621,0.018407403430817895,2.9724481763316732
2411,lead_time_surge,baseline,30,0.8629989212513485,23365.0,18530.0,4835.0,588,113,87,0.1130464184968894,41.05825581807029,0.05255039646850315,0.017626910709115016,2.9723784906999127
2411,lead_time_surge,baseline,31,0.8855042016806722,24278.0,19093.0,5185.0,607,70,69,0.11111506855571474,42.68988557920993,0.051170740085009436,0.017113217377650577,2.972313421865046
2411,lead_time_surge,baseline,32,0.8723618090452261,25179.0,19689.0,5490.0,612,61,55,0.10473205850705802,41.347810867375394,0.04975768653467714,0.017126997488477347,2.972252525731632
2411,lead_time_surge,baseline,33,0.8771760154738878,26022.0,20222.0,5800.0,585,62,95,0.10009726873580777,40.3485849099571,0.051057914153920705,0.0163475807427505,2.9721954133921606
2411,lead_time_surge,baseline,34,0.8979206049149339,26970.0,20805.0,6165.0,614,73,54,0.09985885555767308,40.61656832419224,0.05117127109746603,0.016165443905681,2.9721417428125694
2411,lead_time_surge,baseline,35,0.8943014705882353,27843.0,21378.0,6465.0,600,60,72,0.09761775959849947,40.79056289582878,0.04999090896448213,0.016107048655268238,2.972091211976981
2411,lead_time_surge,baseline,36,0.9138240574506283,28497.0,21917.0,6580.0,593,23,88,0.09600314726722124,40.43514562854658,0.05173300320443798,0.01544200180688258,2.9720435532013294
2411,lead_time_surge,baseline,37,0.9195804195804196,29448.0,22518.0,6930.0,619,70,46,0.0941783477780754,39.724581594096826,0.05173427879990721,0.015419303125530833,2.9719985283898125
2411,lead_time_surge,baseline,38,0.9222886421861657,30395.0,23065.0,7330.0,589,80,90,0.0928355495140303,39.7765725206498,0.05217489650566774,0.015051611278952678,2.9719559250566854
2411,lead_time_surge,baseline,39,0.9429530201342282,31241.0,23631.0,7610.0,608,56,69,0.09346648004460181,40.8115840576021,0.05223341575762195,0.014753244633874745,2.971915552973078
2411,lead_time_surge,baseline,40,0.9481907894736842,32020.0,24220.0,7800.0,610,38,59,0.09276401709684827,40.91509178203188,0.051643139470590384,0.014772449551143454,2.9718772413272445
2411,lead_time_surge,baseline,41,0.957962813257882,32644.0,24764.0,7880.0,596,16,93,0.09199810629489995,40.72126863568135,0.053637018503379166,0.01417318360670426,2.971840836308756
2411,lead_time_surge,baseline,42,0.9604743083003953,33362.0,25367.0,7995.0,634,23,56,0.09067473758157597,40.084016377922225,0.05517877532456926,0.013795026369033804,2.971806199044642
2411,lead_time_surge,baseline,43,0.956989247311828,34191.0,25951.0,8240.0,612,49,75,0.08838203623849956,39.039583313459325,0.05590960396470705,0.013625635004313241,2.971773203829028
2411,lead_time_surge,baseline,44,0.9654395191585274,34953.0,26513.0,8440.0,614,40,86,0.08723242393755333,38.67577140630539,0.05714943475166732,0.013280546681810064,2.971741736598732
2411,lead_time_surge,baseline,45,0.971997052321297,35667.0,27127.0,8540.0,635,20,52,0.08680984695596557,38.43570785551226,0.05808738362974791,0.01308415312926208,2.9717116936158803
2411,lead_time_surge,baseline,46,0.9747474747474747,36338.0,27698.0,8640.0,610,20,84,0.08528883821764535,37.740406741712796,0.05965551833566576,0.01274772017445622,2.9716829803254
2411,lead_time_surge,baseline,47,0.9836879432624114,37019.0,28284.0,8735.0,631,19,72,0.08453643155587706,37.36194947897661,0.06068008183114967,0.012547862831003313,2.971655510360952
2411,lead_time_surge,baseline,48,0.985406532314107,37702.0,28902.0,8800.0,636,13,54,0.0835634248261085,36.90562132726942,0.06099477079658608,0.01249212980346704,2.971629204677262
2411,lead_time_surge,baseline,49,0.9863760217983651,38366.0,29466.0,8900.0,617,20,96,0.08249890356616771,36.43363133286519,0.06354304325897658,0.011991866186839017,2.9716039907904834
2411,lead_time_surge,baseline,50,0.9926813040585496,38994.0,30079.0,8915.0,644,3,56,0.08056906136138489,35.630153607351424,0.0646652684879107,0.011767714588276976,2.971579802111213
2411,lead_time_surge,baseline,51,0.9980340760157274,39603.0,30673.0,8930.0,623,3,75,0.07988429567303251,35.34591490378704,0.06483235961745991,0.011731305675452287,2.971556577357265
2411,lead_time_surge,baseline,52,1.0,40178.0,31248.0,8930.0,627,0,87,0.07850932294969681,34.85508358539837,0.06604620661892786,0.011476949822987182,2.971534260035255
2411,lead_time_surge,baseline,53,0.9956057752667922,40844.0,31879.0,8965.0,657,7,56,0.07656104621199411,34.197122611667254,0.06718630223738407,0.01121398445176807,2.9715127979818035
2411,lead_time_surge,baseline,54,0.9938347718865598,41501.0,32486.0,9015.0,639,10,80,0.0753825311999831,33.75267653044199,0.06833868998524237,0.010998191141151793,2.971492142956473
2411,lead_time_surge,baseline,55,1.0,42095.0,33080.0,9015.0,649,0,85,0.07443286427080167,33.65120928785858,0.06929172429872846,0.010742639656439424,2.9714722502798168
2411,lead_time_surge,baseline,56,0.995249406175772,42796.0,33741.0,9055.0,678,8,49,0.07294192838987885,33.44614357784234,0.0692291166049908,0.010601651509417553,2.9714530785107347
2411,lead_time_surge,baseline,57,0.9970828471411902,43418.0,34338.0,9080.0,637,5,97,0.07181653135678533,33.26495352220764,0.07029195691764413,0.01033631404307969,2.9714345891583056
2411,lead_time_surge,baseline,58,1.0,44045.0,34965.0,9080.0,687,0,65,0.06983007109295286,33.262915214504176,0.07240220659865765,0.009758134646304768,2.971416746423862
2411,lead_time_surge,baseline,59,0.9966442953020134,44744.0,35634.0,9110.0,677,6,52,0.06809913656103132,32.88530085187375,0.07246859373397611,0.009616762792237544,2.971399516969619
2411,lead_time_surge,baseline,60,1.0,45365.0,36255.0,9110.0,667,0,73,0.06711315984902982,33.015657953227304,0.07335922549701168,0.00932554833820296,2.97138286971083
2411,lead_time_surge,baseline,61,1.0,46029.0,36919.0,9110.0,676,0,38,0.06553071706996727,32.727641707323656,0.07288729357903916,0.009245323687071254,2.971366775628578
2411,lead_time_surge,baseline,62,1.0,46650.0,37540.0,9110.0,644,0,74,0.0649851767298478,32.82024855656004,0.07268543727559995,0.00916792482566599,2.9713512076009967
2411,lead_time_surge,baseline,63,1.0,47252.0,38142.0,9110.0,660,0,73,0.06295231501157163,32.50702581873853,0.07272234677389555,0.008962203453919992,2.9713361402507195
2411,lead_time_surge,baseline,64,1.0,47925.0,38815.0,9110.0,673,0,34,0.06235620150701368,32.48758791277783,0.07373212726059625,0.008761042101568963,2.97132154980686
2411,lead_time_surge,baseline,65,1.0,48505.0,39395.0,9110.0,639,0,103,0.06164314110625477,32.49272599176533,0.07464153596536051,0.008554023876450077,2.9713074139798596
2411,lead_time_surge,baseline,66,1.0,49178.0,40068.0,9110.0,702,0,44,0.060755725372025934,32.62740206678757,0.07324949394647672,0.008555679415844517,2.971293711847866
2411,lead_time_surge,baseline,67,1.0,49830.0,40720.0,9110.0,665,0,57,0.05941278181730146,32.27613956626244,0.07287917368533427,0.00850063210730041,2.9712804237534374
2411,lead_time_surge,baseline,68,1.0,50432.0,41322.0,9110.0,660,0,94,0.05866664382192253,32.365020614754826,0.07339290476724239,0.008312267713928886,2.971267531209407
2411,lead_time_surge,baseline,69,1.0,51107.0,41997.0,9110.0,693,0,40,0.0572920191666484,32.20990341360631,0.07221543756151823,0.008289622065654841,2.9712550168131044
2411,lead_time_surge,baseline,70,1.0,51732.0,42622.0,9110.0,659,0,82,0.05649881831446957,32.09490204998437,0.07145470662292883,0.00829152315276675,2.9712428641679693
2411,lead_time_surge,baseline,71,1.0,52380.0,43270.0,9110.0,705,0,76,0.05597386791370595,32.50655703151013,0.07123743100449352,0.008135226894720076,2.971231057811872
2411,lead_time_surge,baseline,72,1.0,53092.0,43982.0,9110.0,714,0,29,0.05457701149458031,32.34478255743298,0.07111596825687062,0.007985528039593565,2.9712195831515085
2411,lead_time_surge,baseline,73,1.0,53706.0,44596.0,9110.0,660,0,84,0.052851734829418226,31.81572872323015,0.07043298760684841,0.007937946065215496,2.971208426402181
2411,lead_time_surge,baseline,74,1.0,54376.0,45266.0,9110.0,690,0,48,0.052336555917374815,32.001700030898235,0.06969870195946681,0.00789724966209592,2.971197574532593
2411,lead_time_surge,baseline,75,1.0,55022.0,45912.0,9110.0,672,0,65,0.051779110773406974,32.10697268880705,0.06913736685061886,0.007850772737731947,2.9711870152140514
2411,lead_time_surge,baseline,76,1.0,55649.0,46539.0,9110.0,679,0,75,0.050895278607997974,32.149059735008365,0.06870958047187624,0.007754672079709811,2.971176736773763
2411,lead_time_surge,baseline,77,1.0,56332.0,47222.0,9110.0,690,0,37,0.04993105270904215,31.937126805221258,0.06866537286421234,0.007663198479248795,2.9711667281517604
2411,lead_time_surge,baseline,78,1.0,56945.0,47835.0,9110.0,657,0,87,0.04946129826231508,31.988519912370027,0.06830611629930262,0.007618793002803852,2.971156978861229
2411,lead_time_surge,baseline,79,1.0,57605.0,48495.0,9110.0,696,0,59,0.04890077686465152,32.1545992214623,0.06743375321318258,0.007590512785228624,2.97114747895185
2411,lead_time_surge,baseline,80,1.0,58280.0,49170.0,9110.0,694,0,49,0.04823911300430078,32.15973383007868,0.06665282713889956,0.007574351178465712,2.9711382189759212
2411,lead_time_surge,baseline,81,1.0,58925.0,49815.0,9110.0,688,0,71,0.04776862320609861,32.28873866556749,0.066418812739024,0.007496853081942123,2.9711291899570162
2411,lead_time_surge,baseline,82,1.0,59610.0,50500.0,9110.0,701,0,39,0.04678852014610264,32.09578052987085,0.06584849489248584,0.0074511836242263894,2.9711203833609683
2411,lead_time_surge,baseline,83,1.0,60250.0,51140.0,9110.0,669,0,70,0.046253795247520574,32.02653712774603,0.06538389836769416,0.007434428461379532,2.971111791068956
2411,lead_time_surge,baseline,84,1.0,60901.0,51791.0,9110.0,689,0,60,0.04579486765772912,32.15990036253776,0.06463002611606185,0.007415663509785955,2.9711034053525367
2411,lead_time_surge,baseline,85,1.0,61572.0,52462.0,9110.0,684,0,48,0.04529464119742833,32.131252764187295,0.0644253055800411,0.007364548176518511,2.9710952188504876
2411,lead_time_surge,baseline,86,1.0,62205.0,53095.0,9110.0,680,0,74,0.044917536858373804,32.24228462304115,0.0641443102849026,0.0073099866489829005,2.9710872245472078
2411,lead_time_surge,baseline,87,1.0,62876.0,53766.0,9110.0,692,0,45,0.04407160962506524,32.02082769207125,0.06368984868154413,0.007273473843140452,2.9710794157527083
2411,lead_time_surge,baseline,88,1.0,63505.0,54395.0,9110.0,656,0,71,0.04341662488549053,31.772304462803035,0.06338512660801687,0.007256159764761318,2.971071786083915
2411,lead_time_surge,baseline,89,1.0,64120.0,55010.0,9110.0,671,0,85,0.04300631868292955,31.795452480941364,0.06435700427002997,0.007073907614936159,2.9710643294472856
2411,lead_time_surge,baseline,90,1.0,64810.0,55700.0,9110.0,703,0,38,0.042657381236683556,31.80865365166324,0.06440700788130262,0.007008172602323639,2.9710570400225573
2411,lead_time_surge,baseline,91,1.0,65444.0,56334.0,9110.0,674,0,80,0.04225715610826571,31.740356525725012,0.06405577025492495,0.006995524138551239,2.9710499122476115
2411,lead_time_surge,baseline,92,1.0,66117.0,57007.0,9110.0,707,0,51,0.04173239119860162,31.73269445423766,0.06362017467443938,0.0069576492915446,2.971042940804309
2411,lead_time_surge,baseline,93,1.0,66798.0,57688.0,9110.0,689,0,47,0.04132797142630606,31.640895911212105,0.06388614814708528,0.006881461437053341,2.971036120605271
2411,lead_time_surge,baseline,94,1.0,67437.0,58327.0,9110.0,688,0,69,0.040871136791369514,31.63134322134688,0.06383058178212278,0.006813391176013156,2.971029446781493
2411,lead_time_surge,baseline,95,1.0,68128.0,59018.0,9110.0,699,0,41,0.04060348513111972,31.66309102076522,0.06403443479649507,0.00674047373507907,2.971022914670728
2411,lead_time_surge,baseline,96,1.0,68775.0,59665.0,9110.0,688,0,65,0.040250394877077336,31.680067853597038,0.06358798644275772,0.006725179843851218,2.9710165198066742
2411,lead_time_surge,baseline,97,1.0,69448.0,60338.0,9110.0,693,0,48,0.039844181654399756,31.616310505691366,0.06321742420833408,0.006709849442244686,2.9710102579087403
2411,lead_time_surge,baseline,98,1.0,70102.0,60992.0,9110.0,682,0,62,0.03952255825607617,31.572334336735185,0.06277366927863974,0.006712087128666694,2.9710041248725267
2411,lead_time_surge,baseline,99,1.0,70762.0,61652.0,9110.0,696,0,58,0.039248965454347085,31.63713330071791,0.062244779503848276,0.00670850549942996,2.9709981167608293
2411,lead_time_surge,baseline,100,1.0,71444.0,62334.0,9110.0,698,0,45,0.03883345944158038,31.531261540049023,0.0621326523439561,0.006671804697527826,2.9709922297952334
2411,lead_time_surge,baseline,101,1.0,72098.0,62988.0,9110.0,692,0,61,0.038346161559428084,31.405241674147348,0.06191317745509803,0.006637980804934278,2.9709864603481617
2411,lead_time_surge,baseline,102,1.0,72773.0,63663.0,9110.0,697,0,52,0.03805912576984573,31.382395188260922,0.06215055579302096,0.006567920064136409,2.970980804935455
2411,lead_time_surge,baseline,103,1.0,73449.0,64339.0,9110.0,702,0,51,0.0378544229104185,31.446745882033934,0.061808002655063775,0.006555369463382138,2.970975260209326
2411,lead_time_surge,baseline,104,1.0,74124.0,65014.0,9110.0,704,0,50,0.03754755751967186,31.444806452048024,0.06129133639782842,0.006557456736382586,2.970969822951759
2411,lead_time_surge,baseline,105,1.0,74804.0,65694.0,9110.0,695,0,47,0.0372377990968614,31.373210320910644,0.06143472869208,0.0065029982612565445,2.970964490068295
2411,lead_time_surge,baseline,106,1.0,75458.0,66348.0,9110.0,691,0,59,0.0369111343153017,31.337348207989937,0.0619003783614383,0.006404793742765253,2.970959258582134
2411,lead_time_surge,baseline,107,1.0,76132.0,67022.0,9110.0,695,0,53,0.03669749949967105,31.32878399990118,0.06215670290847131,0.006343208977980817,2.9709541256286283
2411,lead_time_surge,baseline,108,1.0,76799.0,67689.0,9110.0,695,0,50,0.036368400133751276,31.275587997154464,0.0620748387532372,0.00630533119762523,2.9709490884500216
2411,lead_time_surge,baseline,109,1.0,77456.0,68346.0,9110.0,682,0,56,0.03602313738885749,31.146051911184433,0.06226970428328715,0.006251831166652032,2.97094414439051
2411,lead_time_surge,baseline,110,1.0,78106.0,68996.0,9110.0,680,0,62,0.035769457821810555,31.08677605143595,0.06210130108178948,0.006236518231243487,2.970939290891605
2411,lead_time_surge,baseline,111,1.0,78766.0,69656.0,9110.0,692,0,59,0.035555433699206544,31.07851083595835,0.06203740228625593,0.006207247963042888,2.970934525487668
2411,lead_time_surge,baseline,112,1.0,79445.0,70335.0,9110.0,708,0,53,0.03540055977308451,31.13490169455519,0.061638472043871115,0.006208952957805523,2.9709298458017916
2411,lead_time_surge,baseline,113,1.0,80138.0,71028.0,9110.0,715,0,37,0.03507976606925407,31.087329968121853,0.061333833723590435,0.006192719790343562,2.9709252495417946
2411,lead_time_surge,baseline,114,1.0,80813.0,71703.0,9110.0,692,0,52,0.03480597885096463,30.97569016992662,0.06128648094882165,0.006171306416961953,2.970920734496501
2411,lead_time_surge,baseline,115,1.0,81480.0,72370.0,9110.0,701,0,52,0.0345950094622882,30.996467158947457,0.06165926396629419,0.006092738007453472,2.9709162985322166
2411,lead_time_surge,baseline,116,1.0,82161.0,73051.0,9110.0,694,0,46,0.03434156521736199,30.897970946980955,0.061876638260526626,0.006046076463831777,2.9709119395893
2411,lead_time_surge,baseline,117,1.0,82814.0,73704.0,9110.0,690,0,57,0.03407203273970727,30.842764607505202,0.061583331299833226,0.0060379903436511275,2.9709076556790555
2411,lead_time_surge,baseline,118,1.0,83480.0,74370.0,9110.0,683,0,52,0.03381878130910583,30.726970033587193,0.06153328190727349,0.006020597585647269,2.970903444880645
2411,lead_time_surge,baseline,119,1.0,84132.0,75022.0,9110.0,689,0,64,0.033686191368478814,30.752368850628056,0.061351228853646946,0.0060098293214584176,2.970899305338257
2411,lead_time_surge,dual_only,0,1.0,671.0,671.0,0.0,671,0,89,,,,,
2411,lead_time_surge,dual_only,1,1.0,1299.0,1299.0,0.0,634,0,106,,,,,
2411,lead_time_surge,dual_only,2,1.0,1941.0,1941.0,0.0,659,0,82,1.6717581294371195,0.6395474137931033,,,2.6139705882352944
2411,lead_time_surge,dual_only,3,1.0,2590.0,2590.0,0.0,681,0,66,1.8374883338197274,0.6733704695073428,,,2.7287925696594426
2411,lead_time_surge,dual_only,4,1.0,3240.0,3240.0,0.0,661,0,66,0.3057632669240006,0.8050358454275219,0.9848233995584992,0.1302885962454469,2.960092807424594
2411,lead_time_surge,dual_only,5,1.0,3851.0,3851.0,0.0,663,0,81,0.3984231881132071,0.7853532517129058,2.21555459272097,0.0785176493595385,2.916283998587071
2411,lead_time_surge,dual_only,6,1.0,4522.0,4522.0,0.0,683,0,48,0.40352753744129566,0.8680334092634776,1.8540706605222737,0.08593808842358966,2.917593384659253
2411,lead_time_surge,dual_only,7,1.0,5135.0,5135.0,0.0,659,0,81,0.344885310944733,0.9204545454545454,1.800607638888889,0.07130116183772839,2.9184795601243128
2411,lead_time_surge,dual_only,8,1.0,5791.0,5791.0,0.0,687,0,57,0.3632189149677232,0.9067394087314405,2.4285174835737484,0.056505784301530027,2.919119160321055
2411,lead_time_surge,dual_only,9,1.0,6454.0,6454.0,0.0,685,0,50,0.34866600586820384,1.0440456769983686,2.0437367303609344,0.05596821109495116,2.919602529358627
2411,lead_time_surge,dual_only,10,1.0,7072.0,7072.0,0.0,653,0,82,0.3130625650690818,1.2241653174134242,1.5792376602845601,0.055457922719284576,2.9199806794397034
2411,lead_time_surge,dual_only,11,1.0,7664.0,7664.0,0.0,639,0,109,0.2865693116223454,1.2344144543239564,1.7440188700438057,0.04558188961164423,2.9202845941629154
2411,lead_time_surge,dual_only,12,1.0,8261.0,8261.0,0.0,625,0,119,0.26719639569723563,1.3361013824397918,1.6742437337942955,0.040898766196892256,2.9205341795583775
2411,lead_time_surge,dual_only,13,1.0,8866.0,8866.0,0.0,605,0,110,0.23453604969305808,1.9552293577981654,1.1031946786584226,0.03722771856821366,2.9207428085932756
2411,lead_time_surge,dual_only,14,1.0,9452.0,9452.0,0.0,586,0,110,0.21181429179492395,3.919765254192325,0.533709270771185,0.03466337312033465,2.920919798093102
2411,lead_time_surge,dual_only,15,0.9872340425531915,10051.0,10021.0,30.0,569,6,110,0.2027888798557128,6.835843618357845,0.30990053097087306,0.032770831374761056,2.9210718381816285
2411,lead_time_surge,dual_only,16,0.9441117764471058,10641.0,10581.0,60.0,560,6,110,0.19131841853187914,10.917311616993162,0.19155946259744566,0.03131667174641878,2.92120385701763
2411,lead_time_surge,dual_only,17,0.8805147058823529,11270.0,11135.0,135.0,554,15,110,0.16808268094767156,13.478581768731356,0.14151589027256162,0.030164386282933105,2.921319565018733
2411,lead_time_surge,dual_only,18,0.8374125874125874,11899.0,11689.0,210.0,554,15,110,0.1588422102581199,16.858808545928444,0.11034015403834009,0.029228813749971896,2.921421809105775
2411,lead_time_surge,dual_only,19,0.7996661101836394,12563.0,12278.0,285.0,589,15,75,0.15256720645778563,19.510842273966635,0.0940660586251802,0.02845407250519216,2.9215128100854004
2411,lead_time_surge,dual_only,20,0.7627388535031847,13248.0,12888.0,360.0,610,15,54,0.1473995184458019,21.359272176888656,0.08495991788918579,0.027801973073791453,2.9215943258037154
2411,lead_time_surge,dual_only,21,0.7605421686746988,14523.0,13483.0,1040.0,596,136,43,0.14025416793970497,21.65799289520426,0.08110101735368135,0.02733005073506441,2.921667765809334
2411,lead_time_surge,dual_only,22,0.7847919655667145,15503.0,13993.0,1510.0,566,94,87,0.1372141796484452,27.353114857365178,0.07451310515796028,0.023041928640037155,2.9217342735460434
2411,lead_time_surge,dual_only,23,0.8016643550624133,16587.0,14582.0,2005.0,614,99,33,0.13444911197074924,31.069908250824042,0.0667031533764364,0.022203523161044052,2.9217947863190887
2411,lead_time_surge,dual_only,24,0.7782204515272244,17606.0,15146.0,2460.0,594,91,75,0.1294776592787897,34.731800038015585,0.05820552906965348,0.02192024368636303,2.9218500797448166
2411,lead_time_surge,dual_only,25,0.8069053708439897,18549.0,15689.0,2860.0,594,80,81,0.12643626428804017,37.342930823772626,0.05653097871219016,0.020497990313391855,2.9219008011742416
2411,lead_time_surge,dual_only,26,0.815043156596794,19599.0,16284.0,3315.0,616,91,50,0.12384669839183356,39.231988768101814,0.054020312996316676,0.01999929125407529,2.9219474951547566
2411,lead_time_surge,dual_only,27,0.8194774346793349,20461.0,16836.0,3625.0,591,62,85,0.12048722381130157,41.064513860564546,0.05227039388627043,0.019210546564415606,2.921990623058239
2411,lead_time_surge,dual_only,28,0.8489042675893888,21408.0,17393.0,4015.0,603,78,73,0.11805069958224544,41.45495727693881,0.05242236038959564,0.01859048692466918,2.922030578377497
2411,lead_time_surge,dual_only,29,0.8553811659192825,22256.0,17986.0,4270.0,612,51,56,0.11584538328272906,42.204425022079285,0.05103145353493621,0.018407403430817895,2.9220676987667296
2411,lead_time_surge,dual_only,30,0.8629989212513485,23365.0,18530.0,4835.0,588,113,87,0.11113429792757909,41.05825581807029,0.05255039646850315,0.017626910709115016,2.9221022756069135
2411,lead_time_surge,dual_only,31,0.8855042016806722,24278.0,19093.0,5185.0,607,70,69,0.10923921406150061,42.68988557920993,0.051170740085009436,0.017113217377650577,2.922134561670015
2411,lead_time_surge,dual_only,32,0.8723618090452261,25179.0,19689.0,5490.0,612,61,55,0.10296713680107927,41.347810867375394,0.04975768653467714,0.017126997488477347,2.9221647773087325
2411,lead_time_surge,dual_only,33,0.8771760154738878,26022.0,20222.0,5800.0,585,62,95,0.09841329687187034,40.3485849099571,0.051057914153920705,0.0163475807427505,2.92219311549244
2411,lead_time_surge,dual_only,34,0.8979206049149339,26970.0,20805.0,6165.0,614,73,54,0.0981815622429671,40.61656832419224,0.05117127109746603,0.016165443905681,2.922219745932694
2411,lead_time_surge,dual_only,35,0.8943014705882353,27843.0,21378.0,6465.0,600,60,72,0.09598056446896487,40.79056289582878,0.04999090896448213,0.016107048655268238,2.9222448184847045
2411,lead_time_surge,dual_only,36,0.9138240574506283,28497.0,21917.0,6580.0,593,23,88,0.0943953091099791,40.43514562854658,0.05173300320443798,0.01544200180688258,2.9222684659688074
2411,lead_time_surge,dual_only,37,0.9195804195804196,29448.0,22518.0,6930.0,619,70,46,0.092603181750097,39.724581594096826,0.05173427879990721,0.015419303125530833,2.9222908065241366
2411,lead_time_surge,dual_only,38,0.9222886421861657,30395.0,23065.0,7330.0,589,80,90,0.09128481113474035,39.7765725206498,0.05217489650566774,0.015051611278952678,2.9223119455825612
2411,lead_time_surge,dual_only,39,0.9429530201342282,31241.0,23631.0,7610.0,608,56,69,0.0919070810031903,40.8115840576021,0.05223341575762195,0.014753244633874745,2.9223319775324423
2411,lead_time_surge,dual_only,40,0.9481907894736842,32020.0,24220.0,7800.0,610,38,59,0.09121810724989338,40.91509178203188,0.051643139470590384,0.014772449551143454,2.922350987127705
2411,lead_time_surge,dual_only,41,0.957962813257882,32644.0,24764.0,7880.0,596,16,93,0.09046662771210731,40.72126863568135,0.053637018503379166,0.01417318360670426,2.9223690506864934
2411,lead_time_surge,dual_only,42,0.9604743083003953,33362.0,25367.0,7995.0,634,23,56,0.08916685255169769,40.084016377922225,0.05517877532456926,0.013795026369033804,2.9223862371152522
2411,lead_time_surge,dual_only,43,0.956989247311828,34191.0,25951.0,8240.0,612,49,75,0.0869137298029723,39.039583313459325,0.05590960396470705,0.013625635004313241,2.9224026087871264
2411,lead_time_surge,dual_only,44,0.9654395191585274,34953.0,26513.0,8440.0,614,40,86,0.08578458287634914,38.67577140630539,0.05714943475166732,0.013280546681810064,2.922418222298339
2411,lead_time_surge,dual_only,45,0.971997052321297,35667.0,27127.0,8540.0,635,20,52,0.08537031813117306,38.43570785551226,0.05808738362974791,0.01308415312926208,2.9224331291218895
2411,lead_time_surge,dual_only,46,0.9747474747474747,36338.0,27698.0,8640.0,610,20,84,0.08387575091836645,37.740406741712796,0.05965551833566576,0.01274772017445622,2.9224473761744187
2411,lead_time_surge,dual_only,47,0.9836879432624114,37019.0,28284.0,8735.0,631,19,72,0.08313696657409325,37.36194947897661,0.06068008183114967,0.012547862831003313,2.9224610063094505
2411,lead_time_surge,dual_only,48,0.985406532314107,37702.0,28902.0,8800.0,636,13,54,0.08218116208107372,36.90562132726942,0.06099477079658608,0.01249212980346704,2.9224740587479228
2411,lead_time_surge,dual_only,49,0.9863760217983651,38366.0,29466.0,8900.0,617,20,96,0.08113528532540458,36.43363133286519,0.06354304325897658,0.011991866186839017,2.9224865694551028
2411,lead_time_surge,dual_only,50,0.9926813040585496,38994.0,30079.0,8915.0,644,3,56,0.07923831174453423,35.630153607351424,0.0646652684879107,0.011767714588276976,2.9224985714715332
2411,lead_time_surge,dual_only,51,0.9980340760157274,39603.0,30673.0,8930.0,623,3,75,0.07856578008027017,35.34591490378704,0.06483235961745991,0.011731305675452287,2.9225100952044065
2411,lead_time_surge,dual_only,52,1.0,40178.0,31248.0,8930.0,627,0,87,0.07721437418556892,34.85508358539837,0.06604620661892786,0.011476949822987182,2.922521168684794
2411,lead_time_surge,dual_only,53,0.9956057752667922,40844.0,31879.0,8965.0,657,7,56,0.07529905094476343,34.197122611667254,0.06718630223738407,0.01121398445176807,2.92253181779529
2411,lead_time_surge,dual_only,54,0.9938347718865598,41501.0,32486.0,9015.0,639,10,80,0.07414073735018928,33.75267653044199,0.06833868998524237,0.010998191141151793,2.922542066471978
2411,lead_time_surge,dual_only,55,1.0,42095.0,33080.0,9015.0,649,0,85,0.07320745183535705,33.65120928785858,0.06929172429872846,0.010742639656439424,2.922551936884059
2411,lead_time_surge,dual_only,56,0.995249406175772,42796.0,33741.0,9055.0,678,8,49,0.07174175810245066,33.44614357784234,0.0692291166049908,0.010601651509417553,2.922561449593909
2411,lead_time_surge,dual_only,57,0.9970828471411902,43418.0,34338.0,9080.0,637,5,97,0.07063553934694876,33.26495352220764,0.07029195691764413,0.01033631404307969,2.9225706237000737
2411,lead_time_surge,dual_only,58,1.0,44045.0,34965.0,9080.0,687,0,65,0.06868236604539128,33.262915214504176,0.07240220659865765,0.009758134646304768,2.9225794769652627
2411,lead_time_surge,dual_only,59,0.9966442953020134,44744.0,35634.0,9110.0,677,6,52,0.06698046491321148,32.88530085187375,0.07246859373397611,0.009616762792237544,2.922588025931103
2411,lead_time_surge,dual_only,60,1.0,45365.0,36255.0,9110.0,667,0,73,0.06601124133727668,33.015657953227304,0.07335922549701168,0.00932554833820296,2.922596286021344
2411,lead_time_surge,dual_only,61,1.0,46029.0,36919.0,9110.0,676,0,38,0.0644553056199043,32.727641707323656,0.07288729357903916,0.009245323687071254,2.922604271634674
2411,lead_time_surge,dual_only,62,1.0,46650.0,37540.0,9110.0,644,0,74,0.06391922186843259,32.82024855656004,0.07268543727559995,0.00916792482566599,2.9226119962285133
2411,lead_time_surge,dual_only,63,1.0,47252.0,38142.0,9110.0,660,0,73,0.06192017765772494,32.50702581873853,0.07272234677389555,0.008962203453919992,2.9226194723946812
2411,lead_time_surge,dual_only,64,1.0,47925.0,38815.0,9110.0,673,0,34,0.06133429086145281,32.48758791277783,0.07373212726059625,0.008761042101568963,2.922626711927896
2411,lead_time_surge,dual_only,65,1.0,48505.0,39395.0,9110.0,639,0,103,0.06063335026162514,32.49272599176533,0.07464153596536051,0.008554023876450077,2.9226337258878594
2411,lead_time_surge,dual_only,66,1.0,49178.0,40068.0,9110.0,702,0,44,0.059760886097894886,32.62740206678757,0.07324949394647672,0.008555679415844517,2.922640524655636
2411,lead_time_surge,dual_only,67,1.0,49830.0,40720.0,9110.0,665,0,57,0.058440325646022966,32.27613956626244,0.07287917368533427,0.00850063210730041,2.9226471179849374
2411,lead_time_surge,dual_only,68,1.0,50432.0,41322.0,9110.0,660,0,94,0.05770677698364813,32.365020614754826,0.07339290476724239,0.008312267713928886,2.9226535150487685
2411,lead_time_surge,dual_only,69,1.0,51107.0,41997.0,9110.0,693,0,40,0.0563550001615864,32.20990341360631,0.07221543756151823,0.008289622065654841,2.9226597244820494
2411,lead_time_surge,dual_only,70,1.0,51732.0,42622.0,9110.0,659,0,82,0.05557511418682525,32.09490204998437,0.07145470662292883,0.00829152315276675,2.922665754420476
2411,lead_time_surge,dual_only,71,1.0,52380.0,43270.0,9110.0,705,0,76,0.05505907538396203,32.50655703151013,0.07123743100449352,0.008135226894720076,2.9226716125360905
2411,lead_time_surge,dual_only,72,1.0,53092.0,43982.0,9110.0,714,0,29,0.053685359989157744,32.34478255743298,0.07111596825687062,0.007985528039593565,2.9226773060698634
2411,lead_time_surge,dual_only,73,1.0,53706.0,44596.0,9110.0,660,0,84,0.051988563702210784,31.81572872323015,0.07043298760684841,0.007937946065215496,2.9226828418615143
2411,lead_time_surge,dual_only,74,1.0,54376.0,45266.0,9110.0,690,0,48,0.05148208153505033,32.001700030898235,0.06969870195946681,0.00789724966209592,2.922688226376959
2411,lead_time_surge,dual_only,75,1.0,55022.0,45912.0,9110.0,672,0,65,0.05093400985667147,32.10697268880705,0.06913736685061886,0.007850772737731947,2.9226934657334835
2411,lead_time_surge,dual_only,76,1.0,55649.0,46539.0,9110.0,679,0,75,0.050064863509663306,32.149059735008365,0.06870958047187624,0.007754672079709811,2.922698565722943
2411,lead_time_surge,dual_only,77,1.0,56332.0,47222.0,9110.0,690,0,37,0.04911661897602138,31.937126805221258,0.06866537286421234,0.007663198479248795,2.922703531833099
2411,lead_time_surge,dual_only,78,1.0,56945.0,47835.0,9110.0,657,0,87,0.04865476695260396,31.988519912370027,0.06830611629930262,0.007618793002803852,2.9227083692673306
2411,lead_time_surge,dual_only,79,1.0,57605.0,48495.0,9110.0,696,0,59,0.04810361697689357,32.1545992214623,0.06743375321318258,0.007590512785228624,2.922713082962823
2411,lead_time_surge,dual_only,80,1.0,58280.0,49170.0,9110.0,694,0,49,0.04745296177380968,32.15973383007868,0.06665282713889956,0.007574351178465712,2.9227176776073676
2411,lead_time_surge,dual_only,81,1.0,58925.0,49815.0,9110.0,688,0,71,0.04699035435990348,32.28873866556749,0.066418812739024,0.007496853081942123,2.922722157654915
2411,lead_time_surge,dual_only,82,1.0,59610.0,50500.0,9110.0,701,0,39,0.046026424836849524,32.09578052987085,0.06584849489248584,0.0074511836242263894,2.922726527339978
2411,lead_time_surge,dual_only,83,1.0,60250.0,51140.0,9110.0,669,0,70,0.04550060753776159,32.02653712774603,0.06538389836769416,0.007434428461379532,2.9227307906909794
2411,lead_time_surge,dual_only,84,1.0,60901.0,51791.0,9110.0,689,0,60,0.04504934431544385,32.15990036253776,0.06463002611606185,0.007415663509785955,2.922734951542632
2411,lead_time_surge,dual_only,85,1.0,61572.0,52462.0,9110.0,684,0,48,0.04455744605303416,32.131252764187295,0.0644253055800411,0.007364548176518511,2.922739013547471
2411,lead_time_surge,dual_only,86,1.0,62205.0,53095.0,9110.0,680,0,74,0.044186658155109484,32.24228462304115,0.0641443102849026,0.0073099866489829005,2.9227429801865017
2411,lead_time_surge,dual_only,87,1.0,62876.0,53766.0,9110.0,692,0,45,0.043354666904480026,32.02082769207125,0.06368984868154413,0.007273473843140452,2.922746854779192
2411,lead_time_surge,dual_only,88,1.0,63505.0,54395.0,9110.0,656,0,71,0.04271050224584346,31.772304462803035,0.06338512660801687,0.007256159764761318,2.9227506404927106
2411,lead_time_surge,dual_only,89,1.0,64120.0,55010.0,9110.0,671,0,85,0.04230702894824776,31.795452480941364,0.06435700427002997,0.007073907614936159,2.9227543403505813
2411,lead_time_surge,dual_only,90,1.0,64810.0,55700.0,9110.0,703,0,38,0.041963920168836974,31.80865365166324,0.06440700788130262,0.007008172602323639,2.922757957240716
2411,lead_time_surge,dual_only,91,1.0,65444.0,56334.0,9110.0,674,0,80,0.04157035134508922,31.740356525725012,0.06405577025492495,0.006995524138551239,2.922761493922943
2411,lead_time_surge,dual_only,92,1.0,66117.0,57007.0,9110.0,707,0,51,0.04105426034961374,31.73269445423766,0.06362017467443938,0.0069576492915446,2.922764953036031
2411,lead_time_surge,dual_only,93,1.0,66798.0,57688.0,9110.0,689,0,47,0.04065655260258106,31.640895911212105,0.06388614814708528,0.006881461437053341,2.922768337104251
2411,lead_time_surge,dual_only,94,1.0,67437.0,58327.0,9110.0,688,0,69,0.040207275625277594,31.63134322134688,0.06383058178212278,0.006813391176013156,2.922771648543537
2411,lead_time_surge,dual_only,95,1.0,68128.0,59018.0,9110.0,699,0,41,0.03994410348981253,31.66309102076522,0.06403443479649507,0.00674047373507907,2.9227748896671946
2411,lead_time_surge,dual_only,96,1.0,68775.0,59665.0,9110.0,688,0,65,0.039596875472453066,31.680067853597038,0.06358798644275772,0.006725179843851218,2.922778062691346
2411,lead_time_surge,dual_only,97,1.0,69448.0,60338.0,9110.0,693,0,48,0.03919738195220807,31.616310505691366,0.06321742420833408,0.006709849442244686,2.922781169739938
2411,lead_time_surge,dual_only,98,1.0,70102.0,60992.0,9110.0,682,0,62,0.03888110028364263,31.572334336735185,0.06277366927863974,0.006712087128666694,2.9227842128495136
2411,lead_time_surge,dual_only,99,1.0,70762.0,61652.0,9110.0,696,0,58,0.03861206540640636,31.63713330071791,0.062244779503848276,0.00670850549942996,2.9227871939736354
2411,lead_time_surge,dual_only,100,1.0,71444.0,62334.0,9110.0,698,0,45,0.03820341576404138,31.531261540049023,0.0621326523439561,0.006671804697527826,2.922790114987102
2411,lead_time_surge,dual_only,101,1.0,72098.0,62988.0,9110.0,692,0,61,0.037724134129551876,31.405241674147348,0.06191317745509803,0.006637980804934278,2.922792977689843
2411,lead_time_surge,dual_only,102,1.0,72773.0,63663.0,9110.0,697,0,52,0.037441861674377616,31.382395188260922,0.06215055579302096,0.006567920064136409,2.9227957838106504
2411,lead_time_surge,dual_only,103,1.0,73449.0,64339.0,9110.0,702,0,51,0.03724058335593444,31.446745882033934,0.061808002655063775,0.006555369463382138,2.9227985350106405
2411,lead_time_surge,dual_only,104,1.0,74124.0,65014.0,9110.0,704,0,50,0.036938795730123056,31.444806452048024,0.06129133639782842,0.006557456736382586,2.9228012328865316
2411,lead_time_surge,dual_only,105,1.0,74804.0,65694.0,9110.0,695,0,47,0.03663415837132733,31.373210320910644,0.06143472869208,0.0065029982612565445,2.9228038789737485
2411,lead_time_surge,dual_only,106,1.0,75458.0,66348.0,9110.0,691,0,59,0.03631288515837554,31.337348207989937,0.0619003783614383,0.006404793742765253,2.9228064747493185
2411,lead_time_surge,dual_only,107,1.0,76132.0,67022.0,9110.0,695,0,53,0.03610280673262709,31.32878399990118,0.06215670290847131,0.006343208977980817,2.9228090216346465
2411,lead_time_surge,dual_only,108,1.0,76799.0,67689.0,9110.0,695,0,50,0.03577913176783965,31.275587997154464,0.0620748387532372,0.00630533119762523,2.9228115209980823
2411,lead_time_surge,dual_only,109,1.0,77456.0,68346.0,9110.0,682,0,56,0.035439551952513706,31.146051911184433,0.06226970428328715,0.006251831166652032,2.92281397415738
2411,lead_time_surge,dual_only,110,1.0,78106.0,68996.0,9110.0,680,0,62,0.03519006855206906,31.08677605143595,0.06210130108178948,0.006236518231243487,2.922816382382033
2411,lead_time_surge,dual_only,111,1.0,78766.0,69656.0,9110.0,692,0,59,0.03497959557118816,31.07851083595835,0.06203740228625593,0.006207247963042888,2.9228187468954303
2411,lead_time_surge,dual_only,112,1.0,79445.0,70335.0,9110.0,708,0,53,0.03482731243251078,31.13490169455519,0.061638472043871115,0.006208952957805523,2.9228210688769742
2411,lead_time_surge,dual_only,113,1.0,80138.0,71028.0,9110.0,715,0,37,0.03451179371704628,31.087329968121853,0.061333833723590435,0.006192719790343562,2.9228233494639975
2411,lead_time_surge,dual_only,114,1.0,80813.0,71703.0,9110.0,692,0,52,0.034242517641341425,30.97569016992662,0.06128648094882165,0.006171306416961953,2.9228255897536406
2411,lead_time_surge,dual_only,115,1.0,81480.0,72370.0,9110.0,701,0,52,0.03403504000751593,30.996467158947457,0.06165926396629419,0.006092738007453472,2.9228277908046314
2411,lead_time_surge,dual_only,116,1.0,82161.0,73051.0,9110.0,694,0,46,0.03378577268972339,30.897970946980955,0.061876638260526626,0.006046076463831777,2.9228299536388977
2411,lead_time_surge,dual_only,117,1.0,82814.0,73704.0,9110.0,690,0,57,0.03352067510623422,30.842764607505202,0.061583331299833226,0.0060379903436511275,2.922832079243218
2411,lead_time_surge,dual_only,118,1.0,83480.0,74370.0,9110.0,683,0,52,0.033271592760782155,30.726970033587193,0.06153328190727349,0.006020597585647269,2.922834168570669
2411,lead_time_surge,dual_only,119,1.0,84132.0,75022.0,9110.0,689,0,64,0.033141217595075705,30.752368850628056,0.061351228853646946,0.0060098293214584176,2.922836222542086
2411,lead_time_surge,safety_only,0,1.0,887.0,887.0,0.0,887,0,89,,,,,
2411,lead_time_surge,safety_only,1,1.0,1731.0,1731.0,0.0,850,0,105,,,,,
2411,lead_time_surge,safety_only,2,1.0,2589.0,2589.0,0.0,875,0,83,1.6852779736625254,0.6395474137931033,,,2.6351102941176476
2411,lead_time_surge,safety_only,3,1.0,3453.0,3453.0,0.0,896,0,67,1.8908576341893497,0.6733704695073428,,,2.808049535603715
2411,lead_time_surge,safety_only,4,1.0,4320.0,4320.0,0.0,878,0,65,0.31343251331181055,0.8050358454275219,0.9848233995584992,0.1302885962454469,3.0343387470997674
2411,lead_time_surge,safety_only,5,1.0,5147.0,5147.0,0.0,879,0,81,0.40768884365072355,0.7853532517129058,2.21555459272097,0.0785176493595385,2.9841045566937474
2411,lead_time_surge,safety_only,6,1.0,6028.0,6028.0,0.0,893,0,54,0.4123616039372739,0.8680334092634776,1.8540706605222737,0.08593808842358966,2.981465640148274
2411,lead_time_surge,safety_only,7,1.0,6861.0,6861.0,0.0,886,0,77,0.3575475719678957,0.710641571969697,2.498458728165316,0.06758362273807347,2.9796796557494623
2411,lead_time_surge,safety_only,8,1.0,7738.0,7738.0,0.0,895,0,59,0.34040927466600357,0.7923142265771747,2.240393775801842,0.06438695960311834,2.9783906153529545
2411,lead_time_surge,safety_only,9,1.0,8595.0,8595.0,0.0,900,0,66,0.33245074376047506,0.7508251451117265,2.3558760610033813,0.06312428600720583,2.977416440831075
2411,lead_time_surge,safety_only,10,1.0,9468.0,9468.0,0.0,895,0,58,0.3484627969970675,0.8325109922574607,2.1377968300524564,0.06577662858499775,2.976654322975366
2411,lead_time_surge,safety_only,11,1.0,10292.0,10292.0,0.0,863,0,95,0.32350457678351063,0.8219725975382083,2.2033914140234505,0.060019504748982364,2.976041817917816
2411,lead_time_surge,safety_only,12,1.0,11097.0,11097.0,0.0,833,0,121,0.3220847120851622,0.8599758059830005,2.4344441355205153,0.051703321803824295,2.975538807351582
2411,lead_time_surge,safety_only,13,1.0,11906.0,11906.0,0.0,823,0,116,0.30686875982533185,1.0025688073394499,2.094930767425487,0.04910939337926398,2.975118339604321
2411,lead_time_surge,safety_only,14,1.0,12732.0,12732.0,0.0,829,0,94,0.2622848192915162,1.317368006497137,1.4779195460321328,0.045285907779282736,2.9747616376892876
2411,lead_time_surge,safety_only,15,1.0,13532.0,13532.0,0.0,800,0,100,0.23005449749467724,2.176321040573498,0.8533937112902815,0.04164385198164206,2.9744552184339486
2411,lead_time_surge,safety_only,16,1.0,14301.0,14301.0,0.0,775,0,100,0.20819134080306856,3.931235971303407,0.44330534375196934,0.04016631573336176,2.974189149702933
2411,lead_time_surge,safety_only,17,0.9963235294117647,15054.0,15044.0,10.0,743,2,91,0.175780078806451,6.789776715213195,0.2296267631245622,0.03791029171965576,2.9739559535776294
2411,lead_time_surge,safety_only,18,0.9825174825174825,15784.0,15764.0,20.0,720,2,94,0.16152076970137547,12.132730432035386,0.1238586244917649,0.036144243140800496,2.9737498924175916
2411,lead_time_surge,safety_only,19,0.9532554257095158,16555.0,16495.0,60.0,737,8,74,0.15416830798934159,17.21273424908796,0.0849539289375902,0.035455541249495556,2.97356649044327
2411,lead_time_surge,safety_only,20,0.9203821656050956,17353.0,17253.0,100.0,760,8,46,0.14865457689278957,21.739734140563307,0.06671310697403414,0.03447142446279635,2.973402204918665
2411,lead_time_surge,safety_only,21,0.8945783132530121,18345.0,17975.0,370.0,751,54,68,0.14107135784516545,24.967169923031378,0.05639112007529259,0.03369975692334406,2.973254195061185
2411,lead_time_surge,safety_only,22,0.9053084648493543,19268.0,18668.0,600.0,750,46,89,0.13529210700919828,29.944205929067454,0.05255285462914684,0.02891684365299787,2.973120156391815
2411,lead_time_surge,safety_only,23,0.9223300970873787,20110.0,19410.0,700.0,776,20,63,0.13234640658381985,33.42442756970784,0.04763137823378891,0.027961494581876793,2.972998199879993
2411,lead_time_surge,safety_only,24,0.9203187250996016,20950.0,20120.0,830.0,761,26,101,0.12809188053731277,34.76351258214341,0.0488049645542151,0.025395430579964854,2.9728867623604462
2411,lead_time_surge,safety_only,25,0.9373401534526854,21881.0,20856.0,1025.0,783,39,86,0.12469770256716685,36.503922085892874,0.04737296154736733,0.02425632226302538,2.9727845391719185
2411,lead_time_surge,safety_only,26,0.9519112207151664,22744.0,21599.0,1145.0,782,24,87,0.12338386311272767,38.70722965382153,0.04506295847776458,0.02379561252394318,2.9726904328419588
2411,lead_time_surge,safety_only,27,0.9667458432304038,23524.0,22324.0,1200.0,780,11,102,0.11969878878269916,39.14339695175407,0.047181583401547954,0.021803275651729785,2.9726035135287807
2411,lead_time_surge,safety_only,28,0.9746251441753172,24402.0,23092.0,1310.0,810,22,83,0.11785672549708649,39.21843896634586,0.04753380512781828,0.021268470738184796,2.9725229881930475
2411,lead_time_surge,safety_only,29,0.9831838565022422,25225.0,23855.0,1370.0,808,12,98,0.11650011165949362,39.5095524153905,0.04759311048454694,0.020843269833253845,2.9724481763316732
2411,lead_time_surge,safety_only,30,0.9902912621359223,26000.0,24625.0,1375.0,821,1,95,0.11140722083061223,38.03681117789072,0.049131035405211534,0.020056225926784913,2.9723784906999127
2411,lead_time_surge,safety_only,31,0.9926470588235294,26834.0,25424.0,1410.0,844,7,90,0.10971755895524726,37.64435292070306,0.05006903196572612,0.019584500657513212,2.972313421865046
2411,lead_time_surge,safety_only,32,0.9969849246231156,27639.0,26214.0,1425.0,837,3,97,0.10363166919175085,35.80681832221272,0.051215316001185854,0.019012586335984124,2.972252525731632
2411,lead_time_surge,safety_only,33,1.0,28447.0,27022.0,1425.0,856,0,84,0.09881427106235047,34.87797220526927,0.0512315948733032,0.0186060082165814,2.9721954133921606
2411,lead_time_surge,safety_only,34,1.0,29294.0,27869.0,1425.0,879,0,69,0.09703730085518406,34.66673598294819,0.051080617270267824,0.018437417961748224,2.9721417428125694
2411,lead_time_surge,safety_only,35,1.0,30138.0,28713.0,1425.0,885,0,74,0.09470379258369402,34.34652762611924,0.050599570884874455,0.018334774245866593,2.972091211976981
2411,lead_time_surge,safety_only,36,1.0,31004.0,29579.0,1425.0,897,0,67,0.09289447505049281,34.05729311397074,0.05280347490683585,0.017380492742592752,2.9720435532013294
2411,lead_time_surge,safety_only,37,1.0,31880.0,30455.0,1425.0,903,0,58,0.09120588719338527,33.85519001365013,0.052169202270809505,0.017375400775230896,2.9719985283898125
2411,lead_time_surge,safety_only,38,1.0,32741.0,31316.0,1425.0,893,0,73,0.08982504019714727,33.732796662219364,0.05239254257146988,0.01710146171229155,2.9719559250566854
2411,lead_time_surge,safety_only,39,1.0,33613.0,32188.0,1425.0,908,0,73,0.0887688309025635,33.83787592276082,0.05275015356887165,0.01673390170074694,2.971915552973078
2411,lead_time_surge,safety_only,40,1.0,34519.0,33094.0,1425.0,946,0,51,0.08760321577285386,34.29659501342404,0.05180503024116804,0.016590758659816563,2.9718772413272445
2411,lead_time_surge,safety_only,41,1.0,35466.0,34041.0,1425.0,954,0,29,0.08659059867233394,34.56798727528781,0.05211578744554044,0.016173417540009602,2.971840836308756
2411,lead_time_surge,safety_only,42,1.0,36381.0,34956.0,1425.0,942,0,40,0.08502653391934886,34.70665311433493,0.05228287258979599,0.01576746279973463,2.971806199044642
2411,lead_time_surge,safety_only,43,1.0,37295.0,35870.0,1425.0,921,0,31,0.08227687033873432,34.121407652608596,0.05275814266090305,0.015379622085259032,2.971773203829028
2411,lead_time_surge,safety_only,44,1.0,38163.0,36738.0,1425.0,886,0,55,0.08059608028731233,33.76642473646916,0.053254621380932655,0.015082053488715687,2.971741736598732
2411,lead_time_surge,safety_only,45,1.0,39013.0,37588.0,1425.0,888,0,65,0.07935240230842971,33.70317046268047,0.05301830286911633,0.014943654815450094,2.9717116936158803
2411,lead_time_surge,safety_only,46,1.0,39883.0,38458.0,1425.0,891,0,54,0.07772740503776608,33.36534475890158,0.05362171068866141,0.01461959730044514,2.9716829803254
2411,lead_time_surge,safety_only,47,1.0,40724.0,39299.0,1425.0,888,0,80,0.07669346256248952,33.27433645541905,0.055868359167426315,0.01388303962576234,2.971655510360952
2411,lead_time_surge,safety_only,48,1.0,41612.0,40187.0,1425.0,920,0,51,0.07536348798086992,33.15161234602849,0.05753554917952612,0.013296136170743992,2.971629204677262
2411,lead_time_surge,safety_only,49,1.0,42500.0,41075.0,1425.0,911,0,54,0.07407272612128056,32.87415596809334,0.057897745148840614,0.013096375959147663,2.9716039907904834
2411,lead_time_surge,safety_only,50,1.0,43372.0,41947.0,1425.0,906,0,58,0.07183729560014322,32.22397517595163,0.057494661428197966,0.013048360337808559,2.971579802111213
2411,lead_time_surge,safety_only,51,1.0,44259.0,42834.0,1425.0,901,0,54,0.07114149758704841,32.08985125638415,0.057629397855286986,0.012945749936660752,2.971556577357265
2411,lead_time_surge,safety_only,52,1.0,45118.0,43693.0,1425.0,904,0,63,0.06971936637694376,31.821696869682285,0.05748087565535607,0.012827026142107983,2.971534260035255
2411,lead_time_surge,safety_only,53,1.0,46002.0,44577.0,1425.0,894,0,49,0.06789789516879038,31.15037051609942,0.0581717924092664,0.012609650340846391,2.9715127979818035
2411,lead_time_surge,safety_only,54,1.0,46838.0,45413.0,1425.0,883,0,78,0.06658180636052338,30.75882545648073,0.058472863271455906,0.012458245328068322,2.971492142956473
2411,lead_time_surge,safety_only,55,1.0,47710.0,46285.0,1425.0,902,0,59,0.06566631333492665,30.56491439316465,0.0579641128835791,0.012473507096716008,2.9714722502798168
2411,lead_time_surge,safety_only,56,1.0,48579.0,47154.0,1425.0,898,0,60,0.06434618704057225,30.14118457612445,0.058183863341782695,0.012347842156235349,2.9714530785107347
2411,lead_time_surge,safety_only,57,1.0,49438.0,48013.0,1425.0,895,0,69,0.063329933337474,29.840942057940968,0.05832196372084212,0.012246110915290017,2.9714345891583056
2411,lead_time_surge,safety_only,58,1.0,50310.0,48885.0,1425.0,898,0,55,0.061741001904447854,29.276132568794964,0.05899577442635324,0.012030273327655749,2.971416746423862
2411,lead_time_surge,safety_only,59,1.0,51153.0,49728.0,1425.0,877,0,73,0.06030485504563697,28.70774231321752,0.05883262565418442,0.012016388449384545,2.971399516969619
2411,lead_time_surge,safety_only,60,1.0,52000.0,50575.0,1425.0,886,0,74,0.059506457969007616,28.453899955205863,0.05951791456042267,0.011825403794275902,2.97138286971083
2411,lead_time_surge,safety_only,61,1.0,52860.0,51435.0,1425.0,892,0,62,0.05823248902301068,27.999312436757442,0.05915308891608577,0.011832712042487654,2.971366775628578
2411,lead_time_surge,safety_only,62,1.0,53721.0,52296.0,1425.0,895,0,74,0.05784264489372546,27.898422864931756,0.05917609246812056,0.011791477280739277,2.9713512076009967
2411,lead_time_surge,safety_only,63,1.0,54595.0,53170.0,1425.0,914,0,52,0.056134655147164,27.341958167201298,0.0588121847499527,0.011748497974654977,2.9713361402507195
2411,lead_time_surge,safety_only,64,1.0,55470.0,54045.0,1425.0,886,0,65,0.0556273927139641,27.12263884468365,0.05970094775186763,0.011561811523244283,2.97132154980686
2411,lead_time_surge,safety_only,65,1.0,56323.0,54898.0,1425.0,916,0,74,0.05503614960561536,27.092227692664196,0.06182585952743044,0.011058228921021488,2.9713074139798596
2411,lead_time_surge,safety_only,66,1.0,57251.0,55826.0,1425.0,928,0,37,0.05441885623210758,26.87505858699482,0.06344778685204489,0.010740832109878291,2.971293711847866
2411,lead_time_surge,safety_only,67,1.0,58118.0,56693.0,1425.0,908,0,61,0.05327343586336846,26.483890846184483,0.06361351458044807,0.010642309526429698,2.9712804237534374
2411,lead_time_surge,safety_only,68,1.0,59014.0,57589.0,1425.0,908,0,47,0.05267534894910028,26.271972939638438,0.06407460270834221,0.010531422931211893,2.971267531209407
2411,lead_time_surge,safety_only,69,1.0,59873.0,58448.0,1425.0,891,0,57,0.051558327807396394,25.844661940311056,0.06385120026086695,0.010515234787124496,2.9712550168131044
2411,lead_time_surge,safety_only,70,1.0,60722.0,59297.0,1425.0,877,0,73,0.050881290977615325,25.540612294219677,0.06375154397923252,0.010517147342126174,2.9712428641679693
2411,lead_time_surge,safety_only,71,1.0,61585.0,60160.0,1425.0,912,0,70,0.05059470115395486,25.542121214705638,0.0643824711676492,0.010354854608181372,2.971231057811872
2411,lead_time_surge,safety_only,72,1.0,62488.0,61063.0,1425.0,922,0,39,0.04946699965876717,25.11609163382094,0.06466367931547451,0.01025104995774814,2.9712195831515085
2411,lead_time_surge,safety_only,73,1.0,63334.0,61909.0,1425.0,874,0,70,0.04802858830536519,24.428556300673307,0.0648060603201231,0.010210647455579794,2.971208426402181
2411,lead_time_surge,safety_only,74,1.0,64177.0,62752.0,1425.0,880,0,75,0.047675419037876574,24.31522981503764,0.06529280685411226,0.010106930274958775,2.971197574532593
2411,lead_time_surge,safety_only,75,1.0,65046.0,63621.0,1425.0,900,0,59,0.04725171677881243,24.190902858321568,0.06590671894763851,0.00997483762295253,2.9711870152140514
2411,lead_time_surge,safety_only,76,1.0,65899.0,64474.0,1425.0,891,0,71,0.04655930069984619,23.90297544205553,0.06611582153990325,0.009915636528211846,2.971176736773763
2411,lead_time_surge,safety_only,77,1.0,66764.0,65339.0,1425.0,897,0,63,0.04575564680480985,23.559579244584334,0.06628824970641452,0.009860832775354314,2.9711667281517604
2411,lead_time_surge,safety_only,78,1.0,67635.0,66210.0,1425.0,899,0,62,0.045387255978365605,23.434681017342616,0.06607852318084126,0.009864815208472967,2.971156978861229
2411,lead_time_surge,safety_only,79,1.0,68508.0,67083.0,1425.0,909,0,63,0.04496434557436667,23.299164855469822,0.06685714376294655,0.009715292807973652,2.97114747895185
2411,lead_time_surge,safety_only,80,1.0,69401.0,67976.0,1425.0,916,0,48,0.044428500440877663,23.117795615549685,0.06751452870774512,0.009580653622353812,2.9711382189759212
2411,lead_time_surge,safety_only,81,1.0,70275.0,68850.0,1425.0,907,0,63,0.044072908564913166,23.002647192193134,0.06946641129242313,0.009283195457328173,2.9711291899570162
2411,lead_time_surge,safety_only,82,1.0,71162.0,69737.0,1425.0,910,0,48,0.04324288558738019,22.65128776036409,0.07031793411143605,0.009137668898207415,2.9711203833609683
2411,lead_time_surge,safety_only,83,1.0,72027.0,70602.0,1425.0,888,0,63,0.042797786509325426,22.446248791020313,0.0709952678262381,0.00903918221137386,2.971111791068956
2411,lead_time_surge,safety_only,84,1.0,72886.0,71461.0,1425.0,899,0,64,0.04244236399979363,22.341668802356875,0.07110740833114801,0.008991897321392084,2.9711034053525367
2411,lead_time_surge,safety_only,85,1.0,73767.0,72342.0,1425.0,898,0,52,0.04202963539746848,22.165288948711687,0.07130354257160214,0.008950649430807747,2.9710952188504876
2411,lead_time_surge,safety_only,86,1.0,74621.0,73196.0,1425.0,899,0,71,0.04173474482073316,22.081108084287738,0.071832271987467,0.008856087401264258,2.9710872245472078
2411,lead_time_surge,safety_only,87,1.0,75504.0,74079.0,1425.0,907,0,49,0.041006549633402216,21.76476074340247,0.07258032184706076,0.008737077357400962,2.9710794157527083
2411,lead_time_surge,safety_only,88,1.0,76357.0,74932.0,1425.0,877,0,66,0.04044313911082118,21.488871983670883,0.0733109384195335,0.008640707713396912,2.971071786083915
2411,lead_time_surge,safety_only,89,1.0,77189.0,75764.0,1425.0,886,0,84,0.04011192399778132,21.36313726757552,0.0760039127369354,0.008314965599482107,2.9710643294472856
2411,lead_time_surge,safety_only,90,1.0,78080.0,76655.0,1425.0,907,0,51,0.03983103578532552,21.24896722193844,0.07671038050669281,0.008224673128213612,2.9710570400225573
2411,lead_time_surge,safety_only,91,1.0,78937.0,77512.0,1425.0,906,0,74,0.039497414093248806,21.13277876576425,0.07739821795698551,0.00812776517068552,2.9710499122476115
2411,lead_time_surge,safety_only,92,1.0,79844.0,78419.0,1425.0,923,0,43,0.03906661571671934,20.961447587366372,0.0775477816917231,0.00808921188492106,2.971042940804309
2411,lead_time_surge,safety_only,93,1.0,80724.0,79299.0,1425.0,908,0,56,0.03872816877839948,20.830100954731275,0.07745684359164763,0.008079190721480438,2.971036120605271
2411,lead_time_surge,safety_only,94,1.0,81608.0,80183.0,1425.0,909,0,52,0.03834788399009779,20.674757313614478,0.07737736336131175,0.008068264018363823,2.971029446781493
2411,lead_time_surge,safety_only,95,1.0,82493.0,81068.0,1425.0,906,0,51,0.03813575519124025,20.599672034271606,0.07734402619931778,0.008056367479553966,2.971022914670728
2411,lead_time_surge,safety_only,96,1.0,83361.0,81936.0,1425.0,904,0,61,0.037839183268659975,20.492963387076138,0.07719559059226369,0.008050807248966134,2.9710165198066742
2411,lead_time_surge,safety_only,97,1.0,84246.0,82821.0,1425.0,904,0,48,0.03749092217970047,20.34483112520993,0.07754925899875698,0.007998162621533885,2.9710102579087403
2411,lead_time_surge,safety_only,98,1.0,85102.0,83677.0,1425.0,895,0,71,0.03721554771616979,20.226332997745896,0.07799570984367052,0.007940233835046488,2.9710041248725267
2411,lead_time_surge,safety_only,99,1.0,85994.0,84569.0,1425.0,916,0,48,0.03699887120753127,20.16065178923729,0.07809838989041894,0.007909325501462167,2.9709981167608293
2411,lead_time_surge,safety_only,100,1.0,86877.0,85452.0,1425.0,909,0,54,0.03663704590084832,20.00289453141703,0.07794024397482709,0.007909778584838644,2.9709922297952334
2411,lead_time_surge,safety_only,101,1.0,87756.0,86331.0,1425.0,911,0,56,0.03621090122535952,19.82825447708906,0.07781554462634509,0.007899285593466764,2.9709864603481617
2411,lead_time_surge,safety_only,102,1.0,88643.0,87218.0,1425.0,910,0,54,0.03597391830799435,19.73070269491634,0.07873773470898307,0.007794036398467879,2.970980804935455
2411,lead_time_surge,safety_only,103,1.0,89533.0,88108.0,1425.0,919,0,52,0.035809137469331925,19.689391958730788,0.07856159172618793,0.007792059251528695,2.970975260209326
2411,lead_time_surge,safety_only,104,1.0,90429.0,89004.0,1425.0,920,0,47,0.035551212789197977,19.59620744121379,0.07846403889267094,0.0077823989912066726,2.970969822951759
2411,lead_time_surge,safety_only,105,1.0,91321.0,89896.0,1425.0,910,0,48,0.035291699972891465,19.4872659550976,0.07866397313723719,0.007749047576818654,2.970964490068295
2411,lead_time_surge,safety_only,106,1.0,92192.0,90767.0,1425.0,905,0,58,0.035012615537255695,19.38104259113394,0.07938448635868896,0.007659758612707026,2.970959258582134
2411,lead_time_surge,safety_only,107,1.0,93083.0,91658.0,1425.0,910,0,49,0.03483798137336188,19.31294375760223,0.08011243726445773,0.007578942574348462,2.9709541256286283
2411,lead_time_surge,safety_only,108,1.0,93956.0,92531.0,1425.0,905,0,55,0.03455251889207615,19.203988600663216,0.08049512467512245,0.007523561694705669,2.9709490884500216
2411,lead_time_surge,safety_only,109,1.0,94829.0,93404.0,1425.0,897,0,55,0.03424763435893124,19.059866815239303,0.08131116734475162,0.007438168863707218,2.97094414439051
2411,lead_time_surge,safety_only,110,1.0,95690.0,94265.0,1425.0,894,0,65,0.034023337362016695,18.959587102318466,0.08162182356857957,0.007400276819656966,2.970939290891605
2411,lead_time_surge,safety_only,111,1.0,96566.0,95141.0,1425.0,909,0,60,0.033840142655839595,18.888453337693882,0.08202107602555792,0.007352198845557661,2.970934525487668
2411,lead_time_surge,safety_only,112,1.0,97465.0,96040.0,1425.0,926,0,51,0.0337117117645913,18.856187083418483,0.08183756650821,0.00735329218401669,2.9709298458017916
2411,lead_time_surge,safety_only,113,1.0,98372.0,96947.0,1425.0,931,0,39,0.03342827401825636,18.758101521507207,0.08186610365658992,0.007327051189391321,2.9709252495417946
2411,lead_time_surge,safety_only,114,1.0,99268.0,97843.0,1425.0,910,0,49,0.03318126268215129,18.637110131421075,0.08237328323261034,0.007275065300692392,2.970920734496501
2411,lead_time_surge,safety_only,115,1.0,100149.0,98724.0,1425.0,916,0,53,0.03300266800163327,18.58762480533623,0.08351727302898374,0.007155803910287098,2.9709162985322166
2411,lead_time_surge,safety_only,116,1.0,101046.0,99621.0,1425.0,910,0,46,0.03277657550719662,18.476146407749038,0.08420608591363314,0.007091186728724037,2.9709119395893
2411,lead_time_surge,safety_only,117,1.0,101916.0,100491.0,1425.0,906,0,56,0.032542041097209796,18.386485480855473,0.08410411206986089,0.007083366008784625,2.9709076556790555
2411,lead_time_surge,safety_only,118,1.0,102796.0,101371.0,1425.0,898,0,53,0.0323183172000499,18.271904191754857,0.08427988277677528,0.007064028936488404,2.970903444880645
2411,lead_time_surge,safety_only,119,1.0,103664.0,102239.0,1425.0,905,0,64,0.032204880028976646,18.233407786145513,0.08434224514161333,0.0070488902858639995,2.970899305338257
2411,lead_time_surge,flex_only,0,1.0,887.0,887.0,0.0,887,0,89,,,,,
2411,lead_time_surge,flex_only,1,1.0,1731.0,1731.0,0.0,850,0,105,,,,,
2411,lead_time_surge,flex_only,2,1.0,2589.0,2589.0,0.0,875,0,83,1.6852779736625254,0.6395474137931033,,,2.6351102941176476
2411,lead_time_surge,flex_only,3,1.0,3453.0,3453.0,0.0,896,0,67,1.8908576341893497,0.6733704695073428,,,2.808049535603715
2411,lead_time_surge,flex_only,4,1.0,4320.0,4320.0,0.0,878,0,65,0.31343251331181055,0.8050358454275219,0.9848233995584992,0.1302885962454469,3.0343387470997674
2411,lead_time_surge,flex_only,5,1.0,5147.0,5147.0,0.0,879,0,81,0.40768884365072355,0.7853532517129058,2.21555459272097,0.0785176493595385,2.9841045566937474
2411,lead_time_surge,flex_only,6,1.0,6028.0,6028.0,0.0,893,0,54,0.4123616039372739,0.8680334092634776,1.8540706605222737,0.08593808842358966,2.981465640148274
2411,lead_time_surge,flex_only,7,1.0,6861.0,6861.0,0.0,886,0,77,0.3575475719678957,0.710641571969697,2.498458728165316,0.06758362273807347,2.9796796557494623
2411,lead_time_surge,flex_only,8,1.0,7738.0,7738.0,0.0,895,0,59,0.34040927466600357,0.7923142265771747,2.240393775801842,0.06438695960311834,2.9783906153529545
2411,lead_time_surge,flex_only,9,1.0,8595.0,8595.0,0.0,900,0,66,0.33245074376047506,0.7508251451117265,2.3558760610033813,0.06312428600720583,2.977416440831075
2411,lead_time_surge,flex_only,10,1.0,9468.0,9468.0,0.0,895,0,58,0.3484627969970675,0.8325109922574607,2.1377968300524564,0.06577662858499775,2.976654322975366
2411,lead_time_surge,flex_only,11,1.0,10292.0,10292.0,0.0,863,0,95,0.32350457678351063,0.8219725975382083,2.2033914140234505,0.060019504748982364,2.976041817917816
2411,lead_time_surge,flex_only,12,1.0,11097.0,11097.0,0.0,833,0,121,0.3220847120851622,0.8599758059830005,2.4344441355205153,0.051703321803824295,2.975538807351582
2411,lead_time_surge,flex_only,13,1.0,11906.0,11906.0,0.0,823,0,116,0.30686875982533185,1.0025688073394499,2.094930767425487,0.04910939337926398,2.975118339604321
2411,lead_time_surge,flex_only,14,1.0,12732.0,12732.0,0.0,829,0,94,0.2622848192915162,1.317368006497137,1.4779195460321328,0.045285907779282736,2.9747616376892876
2411,lead_time_surge,flex_only,15,1.0,13532.0,13532.0,0.0,800,0,100,0.23005449749467724,2.176321040573498,0.8533937112902815,0.04164385198164206,2.9744552184339486
2411,lead_time_surge,flex_only,16,1.0,14301.0,14301.0,0.0,775,0,100,0.20819134080306856,3.931235971303407,0.44330534375196934,0.04016631573336176,2.974189149702933
2411,lead_time_surge,flex_only,17,0.9963235294117647,15054.0,15044.0,10.0,743,2,91,0.175780078806451,6.789776715213195,0.2296267631245622,0.03791029171965576,2.9739559535776294
2411,lead_time_surge,flex_only,18,0.9825174825174825,15784.0,15764.0,20.0,720,2,94,0.16152076970137547,12.132730432035386,0.1238586244917649,0.036144243140800496,2.9737498924175916
2411,lead_time_surge,flex_only,19,0.9532554257095158,16555.0,16495.0,60.0,737,8,74,0.15416830798934159,17.21273424908796,0.0849539289375902,0.035455541249495556,2.97356649044327
2411,lead_time_surge,flex_only,20,0.9203821656050956,17353.0,17253.0,100.0,760,8,46,0.14865457689278957,21.739734140563307,0.06671310697403414,0.03447142446279635,2.973402204918665
2411,lead_time_surge,flex_only,21,0.8945783132530121,18345.0,17975.0,370.0,751,54,68,0.14107135784516545,24.967169923031378,0.05639112007529259,0.03369975692334406,2.973254195061185
2411,lead_time_surge,flex_only,22,0.9053084648493543,19268.0,18668.0,600.0,750,46,89,0.13529210700919828,29.944205929067454,0.05255285462914684,0.02891684365299787,2.973120156391815
2411,lead_time_surge,flex_only,23,0.9223300970873787,20110.0,19410.0,700.0,776,20,63,0.13234640658381985,33.42442756970784,0.04763137823378891,0.027961494581876793,2.972998199879993
2411,lead_time_surge,flex_only,24,0.9203187250996016,20950.0,20120.0,830.0,761,26,101,0.12809188053731277,34.76351258214341,0.0488049645542151,0.025395430579964854,2.9728867623604462
2411,lead_time_surge,flex_only,25,0.9373401534526854,21881.0,20856.0,1025.0,783,39,86,0.12469770256716685,36.503922085892874,0.04737296154736733,0.02425632226302538,2.9727845391719185
2411,lead_time_surge,flex_only,26,0.9519112207151664,22744.0,21599.0,1145.0,782,24,87,0.12338386311272767,38.70722965382153,0.04506295847776458,0.02379561252394318,2.9726904328419588
2411,lead_time_surge,flex_only,27,0.9667458432304038,23524.0,22324.0,1200.0,780,11,102,0.11969878878269916,39.14339695175407,0.047181583401547954,0.021803275651729785,2.9726035135287807
2411,lead_time_surge,flex_only,28,0.9746251441753172,24402.0,23092.0,1310.0,810,22,83,0.11785672549708649,39.21843896634586,0.04753380512781828,0.021268470738184796,2.9725229881930475
2411,lead_time_surge,flex_only,29,0.9831838565022422,25225.0,23855.0,1370.0,808,12,98,0.11650011165949362,39.5095524153905,0.04759311048454694,0.020843269833253845,2.9724481763316732
2411,lead_time_surge,flex_only,30,0.9902912621359223,26000.0,24625.0,1375.0,821,1,95,0.11140722083061223,38.03681117789072,0.049131035405211534,0.020056225926784913,2.9723784906999127
2411,lead_time_surge,flex_only,31,0.9926470588235294,26834.0,25424.0,1410.0,844,7,90,0.10971755895524726,37.64435292070306,0.05006903196572612,0.019584500657513212,2.972313421865046
2411,lead_time_surge,flex_only,32,0.9969849246231156,27639.0,26214.0,1425.0,837,3,97,0.10363166919175085,35.80681832221272,0.051215316001185854,0.019012586335984124,2.972252525731632
2411,lead_time_surge,flex_only,33,1.0,28447.0,27022.0,1425.0,856,0,84,0.09881427106235047,34.87797220526927,0.0512315948733032,0.0186060082165814,2.9721954133921606
2411,lead_time_surge,flex_only,34,1.0,29294.0,27869.0,1425.0,879,0,69,0.09703730085518406,34.66673598294819,0.051080617270267824,0.018437417961748224,2.9721417428125694
2411,lead_time_surge,flex_only,35,1.0,30138.0,28713.0,1425.0,885,0,74,0.09470379258369402,34.34652762611924,0.050599570884874455,0.018334774245866593,2.972091211976981
2411,lead_time_surge,flex_only,36,1.0,31004.0,29579.0,1425.0,897,0,67,0.09289447505049281,34.05729311397074,0.05280347490683585,0.017380492742592752,2.9720435532013294
2411,lead_time_surge,flex_only,37,1.0,31880.0,30455.0,1425.0,903,0,58,0.09120588719338527,33.85519001365013,0.052169202270809505,0.017375400775230896,2.9719985283898125
2411,lead_time_surge,flex_only,38,1.0,32741.0,31316.0,1425.0,893,0,73,0.08982504019714727,33.732796662219364,0.05239254257146988,0.01710146171229155,2.9719559250566854
2411,lead_time_surge,flex_only,39,1.0,33613.0,32188.0,1425.0,908,0,73,0.0887688309025635,33.83787592276082,0.05275015356887165,0.01673390170074694,2.971915552973078
2411,lead_time_surge,flex_only,40,1.0,34519.0,33094.0,1425.0,946,0,51,0.08760321577285386,34.29659501342404,0.05180503024116804,0.016590758659816563,2.9718772413272445
2411,lead_time_surge,flex_only,41,1.0,35466.0,34041.0,1425.0,954,0,29,0.08659059867233394,34.56798727528781,0.05211578744554044,0.016173417540009602,2.971840836308756
2411,lead_time_surge,flex_only,42,1.0,36381.0,34956.0,1425.0,942,0,40,0.08502653391934886,34.70665311433493,0.05228287258979599,0.01576746279973463,2.971806199044642
2411,lead_time_surge,flex_only,43,1.0,37295.0,35870.0,1425.0,921,0,31,0.08227687033873432,34.121407652608596,0.05275814266090305,0.015379622085259032,2.971773203829028
2411,lead_time_surge,flex_only,44,1.0,38163.0,36738.0,1425.0,886,0,55,0.08059608028731233,33.76642473646916,0.053254621380932655,0.015082053488715687,2.971741736598732
2411,lead_time_surge,flex_only,45,1.0,39013.0,37588.0,1425.0,888,0,65,0.07935240230842971,33.70317046268047,0.05301830286911633,0.014943654815450094,2.9717116936158803
2411,lead_time_surge,flex_only,46,1.0,39883.0,38458.0,1425.0,891,0,54,0.07772740503776608,33.36534475890158,0.05362171068866141,0.01461959730044514,2.9716829803254
2411,lead_time_surge,flex_only,47,1.0,40724.0,39299.0,1425.0,888,0,80,0.07669346256248952,33.27433645541905,0.055868359167426315,0.01388303962576234,2.971655510360952
2411,lead_time_surge,flex_only,48,1.0,41612.0,40187.0,1425.0,920,0,51,0.07536348798086992,33.15161234602849,0.05753554917952612,0.013296136170743992,2.971629204677262
2411,lead_time_surge,flex_only,49,1.0,42500.0,41075.0,1425.0,911,0,54,0.07407272612128056,32.87415596809334,0.057897745148840614,0.013096375959147663,2.9716039907904834
2411,lead_time_surge,flex_only,50,1.0,43372.0,41947.0,1425.0,906,0,58,0.07183729560014322,32.22397517595163,0.057494661428197966,0.013048360337808559,2.971579802111213
2411,lead_time_surge,flex_only,51,1.0,44259.0,42834.0,1425.0,901,0,54,0.07114149758704841,32.08985125638415,0.057629397855286986,0.012945749936660752,2.971556577357265
2411,lead_time_surge,flex_only,52,1.0,45118.0,43693.0,1425.0,904,0,63,0.06971936637694376,31.821696869682285,0.05748087565535607,0.012827026142107983,2.971534260035255
2411,lead_time_surge,flex_only,53,1.0,46002.0,44577.0,1425.0,894,0,49,0.06789789516879038,31.15037051609942,0.0581717924092664,0.012609650340846391,2.9715127979818035
2411,lead_time_surge,flex_only,54,1.0,46838.0,45413.0,1425.0,883,0,78,0.06658180636052338,30.75882545648073,0.058472863271455906,0.012458245328068322,2.971492142956473
2411,lead_time_surge,flex_only,55,1.0,47710.0,46285.0,1425.0,902,0,59,0.06566631333492665,30.56491439316465,0.0579641128835791,0.012473507096716008,2.9714722502798168
2411,lead_time_surge,flex_only,56,1.0,48579.0,47154.0,1425.0,898,0,60,0.06434618704057225,30.14118457612445,0.058183863341782695,0.012347842156235349,2.9714530785107347
2411,lead_time_surge,flex_only,57,1.0,49438.0,48013.0,1425.0,895,0,69,0.063329933337474,29.840942057940968,0.05832196372084212,0.012246110915290017,2.9714345891583056
2411,lead_time_surge,flex_only,58,1.0,50310.0,48885.0,1425.0,898,0,55,0.061741001904447854,29.276132568794964,0.05899577442635324,0.012030273327655749,2.971416746423862
2411,lead_time_surge,flex_only,59,1.0,51153.0,49728.0,1425.0,877,0,73,0.06030485504563697,28.70774231321752,0.05883262565418442,0.012016388449384545,2.971399516969619
2411,lead_time_surge,flex_only,60,1.0,52000.0,50575.0,1425.0,886,0,74,0.059506457969007616,28.453899955205863,0.05951791456042267,0.011825403794275902,2.97138286971083
2411,lead_time_surge,flex_only,61,1.0,52860.0,51435.0,1425.0,892,0,62,0.05823248902301068,27.999312436757442,0.05915308891608577,0.011832712042487654,2.971366775628578
2411,lead_time_surge,flex_only,62,1.0,53721.0,52296.0,1425.0,895,0,74,0.05784264489372546,27.898422864931756,0.05917609246812056,0.011791477280739277,2.9713512076009967
2411,lead_time_surge,flex_only,63,1.0,54595.0,53170.0,1425.0,914,0,52,0.056134655147164,27.341958167201298,0.0588121847499527,0.011748497974654977,2.9713361402507195
2411,lead_time_surge,flex_only,64,1.0,55470.0,54045.0,1425.0,886,0,65,0.0556273927139641,27.12263884468365,0.05970094775186763,0.011561811523244283,2.97132154980686
2411,lead_time_surge,flex_only,65,1.0,56323.0,54898.0,1425.0,916,0,74,0.05503614960561536,27.092227692664196,0.06182585952743044,0.011058228921021488,2.9713074139798596
2411,lead_time_surge,flex_only,66,1.0,57251.0,55826.0,1425.0,928,0,37,0.05441885623210758,26.87505858699482,0.06344778685204489,0.010740832109878291,2.971293711847866
2411,lead_time_surge,flex_only,67,1.0,58118.0,56693.0,1425.0,908,0,61,0.05327343586336846,26.483890846184483,0.06361351458044807,0.010642309526429698,2.9712804237534374
2411,lead_time_surge,flex_only,68,1.0,59014.0,57589.0,1425.0,908,0,47,0.05267534894910028,26.271972939638438,0.06407460270834221,0.010531422931211893,2.971267531209407
2411,lead_time_surge,flex_only,69,1.0,59873.0,58448.0,1425.0,891,0,57,0.051558327807396394,25.844661940311056,0.06385120026086695,0.010515234787124496,2.9712550168131044
2411,lead_time_surge,flex_only,70,1.0,60722.0,59297.0,1425.0,877,0,73,0.050881290977615325,25.540612294219677,0.06375154397923252,0.010517147342126174,2.9712428641679693
2411,lead_time_surge,flex_only,71,1.0,61585.0,60160.0,1425.0,912,0,70,0.05059470115395486,25.542121214705638,0.0643824711676492,0.010354854608181372,2.971231057811872
2411,lead_time_surge,flex_only,72,1.0,62488.0,61063.0,1425.0,922,0,39,0.04946699965876717,25.11609163382094,0.06466367931547451,0.01025104995774814,2.9712195831515085
2411,lead_time_surge,flex_only,73,1.0,63334.0,61909.0,1425.0,874,0,70,0.04802858830536519,24.428556300673307,0.0648060603201231,0.010210647455579794,2.971208426402181
2411,lead_time_surge,flex_only,74,1.0,64177.0,62752.0,1425.0,880,0,75,0.047675419037876574,24.31522981503764,0.06529280685411226,0.010106930274958775,2.971197574532593
2411,lead_time_surge,flex_only,75,1.0,65046.0,63621.0,1425.0,900,0,59,0.04725171677881243,24.190902858321568,0.06590671894763851,0.00997483762295253,2.9711870152140514
2411,lead_time_surge,flex_only,76,1.0,65899.0,64474.0,1425.0,891,0,71,0.04655930069984619,23.90297544205553,0.06611582153990325,0.009915636528211846,2.971176736773763
2411,lead_time_surge,flex_only,77,1.0,66764.0,65339.0,1425.0,897,0,63,0.04575564680480985,23.559579244584334,0.06628824970641452,0.009860832775354314,2.9711667281517604
2411,lead_time_surge,flex_only,78,1.0,67635.0,66210.0,1425.0,899,0,62,0.045387255978365605,23.434681017342616,0.06607852318084126,0.009864815208472967,2.971156978861229
2411,lead_time_surge,flex_only,79,1.0,68508.0,67083.0,1425.0,909,0,63,0.04496434557436667,23.299164855469822,0.06685714376294655,0.009715292807973652,2.97114747895185
2411,lead_time_surge,flex_only,80,1.0,69401.0,67976.0,1425.0,916,0,48,0.044428500440877663,23.117795615549685,0.06751452870774512,0.009580653622353812,2.9711382189759212
2411,lead_time_surge,flex_only,81,1.0,70275.0,68850.0,1425.0,907,0,63,0.044072908564913166,23.002647192193134,0.06946641129242313,0.009283195457328173,2.9711291899570162
2411,lead_time_surge,flex_only,82,1.0,71162.0,69737.0,1425.0,910,0,48,0.04324288558738019,22.65128776036409,0.07031793411143605,0.009137668898207415,2.9711203833609683
2411,lead_time_surge,flex_only,83,1.0,72027.0,70602.0,1425.0,888,0,63,0.042797786509325426,22.446248791020313,0.0709952678262381,0.00903918221137386,2.971111791068956
2411,lead_time_surge,flex_only,84,1.0,72886.0,71461.0,1425.0,899,0,64,0.04244236399979363,22.341668802356875,0.07110740833114801,0.008991897321392084,2.9711034053525367
2411,lead_time_surge,flex_only,85,1.0,73767.0,72342.0,1425.0,898,0,52,0.04202963539746848,22.165288948711687,0.07130354257160214,0.008950649430807747,2.9710952188504876
2411,lead_time_surge,flex_only,86,1.0,74621.0,73196.0,1425.0,899,0,71,0.04173474482073316,22.081108084287738,0.071832271987467,0.008856087401264258,2.9710872245472078
2411,lead_time_surge,flex_only,87,1.0,75504.0,74079.0,1425.0,907,0,49,0.041006549633402216,21.76476074340247,0.07258032184706076,0.008737077357400962,2.9710794157527083
2411,lead_time_surge,flex_only,88,1.0,76357.0,74932.0,1425.0,877,0,66,0.04044313911082118,21.488871983670883,0.0733109384195335,0.008640707713396912,2.971071786083915
2411,lead_time_surge,flex_only,89,1.0,77189.0,75764.0,1425.0,886,0,84,0.04011192399778132,21.36313726757552,0.0760039127369354,0.008314965599482107,2.9710643294472856
2411,lead_time_surge,flex_only,90,1.0,78080.0,76655.0,1425.0,907,0,51,0.03983103578532552,21.24896722193844,0.07671038050669281,0.008224673128213612,2.9710570400225573
2411,lead_time_surge,flex_only,91,1.0,78937.0,77512.0,1425.0,906,0,74,0.039497414093248806,21.13277876576425,0.07739821795698551,0.00812776517068552,2.9710499122476115
2411,lead_time_surge,flex_only,92,1.0,79844.0,78419.0,1425.0,923,0,43,0.03906661571671934,20.961447587366372,0.0775477816917231,0.00808921188492106,2.971042940804309
2411,lead_time_surge,flex_only,93,1.0,80724.0,79299.0,1425.0,908,0,56,0.03872816877839948,20.830100954731275,0.07745684359164763,0.008079190721480438,2.971036120605271
2411,lead_time_surge,flex_only,94,1.0,81608.0,80183.0,1425.0,909,0,52,0.03834788399009779,20.674757313614478,0.07737736336131175,0.008068264018363823,2.971029446781493
2411,lead_time_surge,flex_only,95,1.0,82493.0,81068.0,1425.0,906,0,51,0.03813575519124025,20.599672034271606,0.07734402619931778,0.008056367479553966,2.971022914670728
2411,lead_time_surge,flex_only,96,1.0,83361.0,81936.0,1425.0,904,0,61,0.037839183268659975,20.492963387076138,0.07719559059226369,0.008050807248966134,2.9710165198066742
2411,lead_time_surge,flex_only,97,1.0,84246.0,82821.0,1425.0,904,0,48,0.03749092217970047,20.34483112520993,0.07754925899875698,0.007998162621533885,2.9710102579087403
2411,lead_time_surge,flex_only,98,1.0,85102.0,83677.0,1425.0,895,0,71,0.03721554771616979,20.226332997745896,0.07799570984367052,0.007940233835046488,2.9710041248725267
2411,lead_time_surge,flex_only,99,1.0,85994.0,84569.0,1425.0,916,0,48,0.03699887120753127,20.16065178923729,0.07809838989041894,0.007909325501462167,2.9709981167608293
2411,lead_time_surge,flex_only,100,1.0,86877.0,85452.0,1425.0,909,0,54,0.03663704590084832,20.00289453141703,0.07794024397482709,0.007909778584838644,2.9709922297952334
2411,lead_time_surge,flex_only,101,1.0,87756.0,86331.0,1425.0,911,0,56,0.03621090122535952,19.82825447708906,0.07781554462634509,0.007899285593466764,2.9709864603481617
2411,lead_time_surge,flex_only,102,1.0,88643.0,87218.0,1425.0,910,0,54,0.03597391830799435,19.73070269491634,0.07873773470898307,0.007794036398467879,2.970980804935455
2411,lead_time_surge,flex_only,103,1.0,89533.0,88108.0,1425.0,919,0,52,0.035809137469331925,19.689391958730788,0.07856159172618793,0.007792059251528695,2.970975260209326
2411,lead_time_surge,flex_only,104,1.0,90429.0,89004.0,1425.0,920,0,47,0.035551212789197977,19.59620744121379,0.07846403889267094,0.0077823989912066726,2.970969822951759
2411,lead_time_surge,flex_only,105,1.0,91321.0,89896.0,1425.0,910,0,48,0.035291699972891465,19.4872659550976,0.07866397313723719,0.007749047576818654,2.970964490068295
2411,lead_time_surge,flex_only,106,1.0,92192.0,90767.0,1425.0,905,0,58,0.035012615537255695,19.38104259113394,0.07938448635868896,0.007659758612707026,2.970959258582134
2411,lead_time_surge,flex_only,107,1.0,93083.0,91658.0,1425.0,910,0,49,0.03483798137336188,19.31294375760223,0.08011243726445773,0.007578942574348462,2.9709541256286283
2411,lead_time_surge,flex_only,108,1.0,93956.0,92531.0,1425.0,905,0,55,0.03455251889207615,19.203988600663216,0.08049512467512245,0.007523561694705669,2.9709490884500216
2411,lead_time_surge,flex_only,109,1.0,94829.0,93404.0,1425.0,897,0,55,0.03424763435893124,19.059866815239303,0.08131116734475162,0.007438168863707218,2.97094414439051
2411,lead_time_surge,flex_only,110,1.0,95690.0,94265.0,1425.0,894,0,65,0.034023337362016695,18.959587102318466,0.08162182356857957,0.007400276819656966,2.970939290891605
2411,lead_time_surge,flex_only,111,1.0,96566.0,95141.0,1425.0,909,0,60,0.033840142655839595,18.888453337693882,0.08202107602555792,0.007352198845557661,2.970934525487668
2411,lead_time_surge,flex_only,112,1.0,97465.0,96040.0,1425.0,926,0,51,0.0337117117645913,18.856187083418483,0.08183756650821,0.00735329218401669,2.9709298458017916
2411,lead_time_surge,flex_only,113,1.0,98372.0,96947.0,1425.0,931,0,39,0.03342827401825636,18.758101521507207,0.08186610365658992,0.007327051189391321,2.9709252495417946
2411,lead_time_surge,flex_only,114,1.0,99268.0,97843.0,1425.0,910,0,49,0.03318126268215129,18.637110131421075,0.08237328323261034,0.007275065300692392,2.970920734496501
2411,lead_time_surge,flex_only,115,1.0,100149.0,98724.0,1425.0,916,0,53,0.03300266800163327,18.58762480533623,0.08351727302898374,0.007155803910287098,2.9709162985322166
2411,lead_time_surge,flex_only,116,1.0,101046.0,99621.0,1425.0,910,0,46,0.03277657550719662,18.476146407749038,0.08420608591363314,0.007091186728724037,2.9709119395893
2411,lead_time_surge,flex_only,117,1.0,101916.0,100491.0,1425.0,906,0,56,0.032542041097209796,18.386485480855473,0.08410411206986089,0.007083366008784625,2.9709076556790555
2411,lead_time_surge,flex_only,118,1.0,102796.0,101371.0,1425.0,898,0,53,0.0323183172000499,18.271904191754857,0.08427988277677528,0.007064028936488404,2.970903444880645
2411,lead_time_surge,flex_only,119,1.0,103664.0,102239.0,1425.0,905,0,64,0.032204880028976646,18.233407786145513,0.08434224514161333,0.0070488902858639995,2.970899305338257
2411,lead_time_surge,dynalloc_only,0,1.0,887.0,887.0,0.0,887,0,89,,,,,
2411,lead_time_surge,dynalloc_only,1,1.0,1731.0,1731.0,0.0,850,0,105,,,,,
2411,lead_time_surge,dynalloc_only,2,1.0,2589.0,2589.0,0.0,875,0,83,1.6852779736625254,0.6395474137931033,,,2.6351102941176476
2411,lead_time_surge,dynalloc_only,3,1.0,3453.0,3453.0,0.0,896,0,67,1.8908576341893497,0.6733704695073428,,,2.808049535603715
2411,lead_time_surge,dynalloc_only,4,1.0,4320.0,4320.0,0.0,878,0,65,0.31343251331181055,0.8050358454275219,0.9848233995584992,0.1302885962454469,3.0343387470997674
2411,lead_time_surge,dynalloc_only,5,1.0,5147.0,5147.0,0.0,879,0,81,0.40768884365072355,0.7853532517129058,2.21555459272097,0.0785176493595385,2.9841045566937474
2411,lead_time_surge,dynalloc_only,6,1.0,6028.0,6028.0,0.0,893,0,54,0.4123616039372739,0.8680334092634776,1.8540706605222737,0.08593808842358966,2.981465640148274
2411,lead_time_surge,dynalloc_only,7,1.0,6861.0,6861.0,0.0,886,0,77,0.3575475719678957,0.710641571969697,2.498458728165316,0.06758362273807347,2.9796796557494623
2411,lead_time_surge,dynalloc_only,8,1.0,7738.0,7738.0,0.0,895,0,59,0.34040927466600357,0.7923142265771747,2.240393775801842,0.06438695960311834,2.9783906153529545
2411,lead_time_surge,dynalloc_only,9,1.0,8595.0,8595.0,0.0,900,0,66,0.33245074376047506,0.7508251451117265,2.3558760610033813,0.06312428600720583,2.977416440831075
2411,lead_time_surge,dynalloc_only,10,1.0,9468.0,9468.0,0.0,895,0,58,0.3484627969970675,0.8325109922574607,2.1377968300524564,0.06577662858499775,2.976654322975366
2411,lead_time_surge,dynalloc_only,11,1.0,10292.0,10292.0,0.0,863,0,95,0.32350457678351063,0.8219725975382083,2.2033914140234505,0.060019504748982364,2.976041817917816
2411,lead_time_surge,dynalloc_only,12,1.0,11097.0,11097.0,0.0,833,0,121,0.3220847120851622,0.8599758059830005,2.4344441355205153,0.051703321803824295,2.975538807351582
2411,lead_time_surge,dynalloc_only,13,1.0,11901.0,11901.0,0.0,818,0,121,0.30686875982533185,1.0025688073394499,2.094930767425487,0.04910939337926398,2.975118339604321
2411,lead_time_surge,dynalloc_only,14,1.0,12726.0,12726.0,0.0,831,0,95,0.27026473233550413,1.2024437724206318,1.6387824480732576,0.04610532879274786,2.9747616376892876
2411,lead_time_surge,dynalloc_only,15,1.0,13526.0,13526.0,0.0,800,0,103,0.22854958604435213,1.9468184169684428,0.9340277777777778,0.042255939873929206,2.9744552184339486
2411,lead_time_surge,dynalloc_only,16,1.0,14291.0,14291.0,0.0,777,0,107,0.21802730459404063,3.721328877014134,0.47941648075850535,0.041089540844148766,2.974189149702933
2411,lead_time_surge,dynalloc_only,17,1.0,15043.0,15043.0,0.0,752,0,89,0.18523113563035537,6.2237124934198995,0.2593284465873445,0.03859044411970264,2.9739559535776294
2411,lead_time_surge,dynalloc_only,18,0.986013986013986,15803.0,15763.0,40.0,720,8,101,0.1668662467057153,11.262262064607853,0.13594075960240518,0.0366512454512116,2.9737498924175916
2411,lead_time_surge,dynalloc_only,19,0.9499165275459098,16581.0,16501.0,80.0,749,8,78,0.16184425745889658,16.575104691388,0.09112428282171502,0.03603539085540921,2.97356649044327
2411,lead_time_surge,dynalloc_only,20,0.9171974522292994,17391.0,17271.0,120.0,770,8,50,0.15531461774034067,20.799840418531193,0.07257457253801264,0.0346030343202239,2.973402204918665
2411,lead_time_surge,dynalloc_only,21,0.9171686746987951,18267.0,17972.0,295.0,737,35,86,0.1466529723377521,23.134517465956186,0.06406909079924425,0.0332774333888761,2.973254195061185
2411,lead_time_surge,dynalloc_only,22,0.9225251076040172,19029.0,18664.0,365.0,761,14,97,0.14040176114318229,25.912541117936257,0.07219359075679828,0.025243609115298028,2.973120156391815
2411,lead_time_surge,dynalloc_only,23,0.9320388349514563,19831.0,19426.0,405.0,793,8,67,0.14045356650169263,28.409858045775557,0.0713414746040837,0.02330917915271963,2.972998199879993
2411,lead_time_surge,dynalloc_only,24,0.9415670650730412,20535.0,20120.0,415.0,754,2,129,0.1361211445251655,28.913314306193783,0.07789868771547287,0.020329149327098128,2.9728867623604462
2411,lead_time_surge,dynalloc_only,25,0.9654731457800512,21412.0,20862.0,550.0,806,27,95,0.1351508531234146,29.450821834470215,0.08357785686351833,0.018469992063007507,2.9727845391719185
2411,lead_time_surge,dynalloc_only,26,0.9827373612823674,22219.0,21629.0,590.0,799,8,92,0.13333412117853138,30.9165042729774,0.08333927036892863,0.017408106744457096,2.9726904328419588
2411,lead_time_surge,dynalloc_only,27,0.9845605700712589,22953.0,22358.0,595.0,795,1,130,0.1310742221871237,31.37605659554718,0.09382937455896506,0.014977630811126243,2.9726035135287807
2411,lead_time_surge,dynalloc_only,28,0.9746251441753172,23774.0,23174.0,600.0,877,1,93,0.1304619963678143,31.798465921446088,0.09753909012715305,0.014150569850393644,2.9725229881930475
2411,lead_time_surge,dynalloc_only,29,1.0,24627.0,24027.0,600.0,881,0,70,0.1278507593517295,31.1862658512606,0.10014300928415527,0.013772253428001162,2.9724481763316732
2411,lead_time_surge,dynalloc_only,30,1.0,25460.0,24860.0,600.0,878,0,83,0.12172094753221462,30.363455600284382,0.09997733488903936,0.01348989169306669,2.9723784906999127
2411,lead_time_surge,dynalloc_only,31,1.0,26302.0,25702.0,600.0,891,0,94,0.12006780664822668,30.11812967689541,0.11147148598488552,0.012032065435568045,2.972313421865046
2411,lead_time_surge,dynalloc_only,32,1.0,27205.0,26605.0,600.0,923,0,39,0.11334174360685868,28.873788310953444,0.10974550840856563,0.012034101266313726,2.972252525731632
2411,lead_time_surge,dynalloc_only,33,1.0,28033.0,27433.0,600.0,854,0,95,0.10815731468115944,27.656516154890188,0.11073513113391024,0.011882166681326004,2.9721954133921606
2411,lead_time_surge,dynalloc_only,34,1.0,28873.0,28273.0,600.0,907,0,85,0.10588973551201585,27.737730296124916,0.11937045177849663,0.010760106941562625,2.9721417428125694
2411,lead_time_surge,dynalloc_only,35,1.0,29785.0,29185.0,600.0,931,0,50,0.10304042932824185,27.368920615854986,0.11938273604266751,0.010610756007881224,2.972091211976981
2411,lead_time_surge,dynalloc_only,36,1.0,30691.0,30091.0,600.0,933,0,49,0.10081859824195687,27.25541805716067,0.11747540820466074,0.010594627084340969,2.9720435532013294
2411,lead_time_surge,dynalloc_only,37,1.0,31601.0,31001.0,600.0,934,0,42,0.09859235452085045,27.153254762705497,0.1161509594978686,0.010518406532474526,2.9719985283898125
2411,lead_time_surge,dynalloc_only,38,1.0,32502.0,31902.0,600.0,916,0,48,0.09686912128737601,26.94423180030538,0.11643539033697956,0.010389441123314339,2.9719559250566854
2411,lead_time_surge,dynalloc_only,39,1.0,33397.0,32797.0,600.0,921,0,48,0.09553521808472289,26.95861667697007,0.11454064413012949,0.010410457365811364,2.971915552973078
2411,lead_time_surge,dynalloc_only,40,1.0,34299.0,33699.0,600.0,919,0,43,0.09429001484716977,26.917374308027313,0.11383162986920413,0.010354739795462538,2.9718772413272445
2411,lead_time_surge,dynalloc_only,41,1.0,35190.0,34590.0,600.0,918,0,50,0.0931614235159231,26.917986405969536,0.11307353998108267,0.010299283472869795,2.971840836308756
2411,lead_time_surge,dynalloc_only,42,1.0,36090.0,35490.0,600.0,923,0,40,0.09142302139876939,26.790532151190295,0.11141436486969188,0.010306532013440544,2.971806199044642
2411,lead_time_surge,dynalloc_only,43,1.0,36966.0,36366.0,600.0,894,0,50,0.08847270996412808,26.107037309090213,0.1108540709973298,0.010286897942846547,2.971773203829028
2411,lead_time_surge,dynalloc_only,44,1.0,37812.0,37212.0,600.0,882,0,69,0.08664031947006373,25.73343815403624,0.11012276620887666,0.01028807341204304,2.971741736598732
2411,lead_time_surge,dynalloc_only,45,1.0,38677.0,38077.0,600.0,893,0,60,0.08531888904226437,25.51721692078035,0.10917217589207108,0.010306073769412486,2.9717116936158803
2411,lead_time_surge,dynalloc_only,46,1.0,39534.0,38934.0,600.0,896,0,67,0.08356638938627574,25.188246210013737,0.10892774126192835,0.010249265263093138,2.9716829803254
2411,lead_time_surge,dynalloc_only,47,1.0,40410.0,39810.0,600.0,905,0,63,0.08244176286047003,25.015154685155906,0.10881691324520444,0.010191760567351979,2.971655510360952
2411,lead_time_surge,dynalloc_only,48,1.0,41296.0,40696.0,600.0,921,0,53,0.08097111041418842,24.824195152687732,0.11146140547137197,0.009847722124339287,2.971629204677262
2411,lead_time_surge,dynalloc_only,49,1.0,42192.0,41592.0,600.0,915,0,49,0.07956300311299068,24.527958838251976,0.11180446595014376,0.009763368340277212,2.9716039907904834
2411,lead_time_surge,dynalloc_only,50,1.0,43067.0,42467.0,600.0,904,0,54,0.07714104586004389,23.94509803083122,0.11145426070745447,0.009727132461031948,2.971579802111213
2411,lead_time_surge,dynalloc_only,51,1.0,43942.0,43342.0,600.0,896,0,60,0.07641043202342553,23.784156670530194,0.11122689557254695,0.00972010774095327,2.971556577357265
2411,lead_time_surge,dynalloc_only,52,1.0,44807.0,44207.0,600.0,904,0,58,0.07485400302132122,23.496731199962305,0.11051825958434501,0.009700470579482359,2.971534260035255
2411,lead_time_surge,dynalloc_only,53,1.0,45681.0,45081.0,600.0,889,0,54,0.07289275909619468,22.935297253989575,0.11084376991043379,0.009649195881453217,2.9715127979818035
2411,lead_time_surge,dynalloc_only,54,1.0,46516.0,45916.0,600.0,883,0,79,0.07149061221871168,22.587620064813994,0.11148593361615848,0.009553970165644332,2.971492142956473
2411,lead_time_surge,dynalloc_only,55,1.0,47391.0,46791.0,600.0,903,0,57,0.07050121740677778,22.387724974197777,0.11078965297787013,0.009565678326711438,2.9714722502798168
2411,lead_time_surge,dynalloc_only,56,1.0,48256.0,47656.0,600.0,897,0,63,0.06907500085686105,22.019458886134014,0.1111130681919257,0.00950123893712098,2.9714530785107347
2411,lead_time_surge,dynalloc_only,57,1.0,49119.0,48519.0,600.0,897,0,67,0.06798160627459104,21.751032079584256,0.11113115431757473,0.009464758849232811,2.9714345891583056
2411,lead_time_surge,dynalloc_only,58,1.0,49991.0,49391.0,600.0,898,0,55,0.06626341653491641,21.286509769776167,0.11219336388947847,0.009337672321886037,2.971416746423862
2411,lead_time_surge,dynalloc_only,59,1.0,50833.0,50233.0,600.0,877,0,74,0.06472074946504962,20.83041696343421,0.11205304274097772,0.00933170222393734,2.971399516969619
2411,lead_time_surge,dynalloc_only,60,1.0,51683.0,51083.0,600.0,887,0,72,0.06386467575801336,20.60345434253202,0.11305109285819714,0.00922756879518204,2.97138286971083
2411,lead_time_surge,dynalloc_only,61,1.0,52541.0,51941.0,600.0,891,0,63,0.06249779416985972,20.234928072020615,0.11260426711261858,0.009231067212611625,2.971366775628578
2411,lead_time_surge,dynalloc_only,62,1.0,53403.0,52803.0,600.0,895,0,73,0.06208257087764623,20.125793399611414,0.11265766327798087,0.00921514039899368,2.9713512076009967
2411,lead_time_surge,dynalloc_only,63,1.0,54275.0,53675.0,600.0,913,0,53,0.06021998548264605,19.686303649813173,0.11206256381694978,0.009186797158471913,2.9713361402507195
2411,lead_time_surge,dynalloc_only,64,1.0,55150.0,54550.0,600.0,886,0,65,0.05967783279981935,19.50781080954902,0.11346281318060891,0.009074052932631556,2.97132154980686
2411,lead_time_surge,dynalloc_only,65,1.0,56003.0,55403.0,600.0,916,0,74,0.05901418456439067,19.45162929354194,0.11652572939608172,0.008762560098951298,2.9713074139798596
2411,lead_time_surge,dynalloc_only,66,1.0,56931.0,56331.0,600.0,928,0,37,0.058358474849906326,19.268262172357282,0.11903114081471211,0.00856357699343729,2.971293711847866
2411,lead_time_surge,dynalloc_only,67,1.0,57798.0,57198.0,600.0,908,0,61,0.05712173472502331,18.958024398103216,0.11926960851478705,0.008502269655466419,2.9712804237534374
2411,lead_time_surge,dynalloc_only,68,1.0,58694.0,58094.0,600.0,908,0,47,0.05647676541175816,18.777630075832338,0.12003827094873368,0.008432717432411752,2.971267531209407
2411,lead_time_surge,dynalloc_only,69,1.0,59553.0,58953.0,600.0,891,0,57,0.05527646290967498,18.445130871602455,0.11973404273493052,0.008423661948139378,2.9712550168131044
2411,lead_time_surge,dynalloc_only,70,1.0,60402.0,59802.0,600.0,877,0,73,0.05455332233700545,18.206444940433887,0.11968157643453763,0.008426177428145493,2.9712428641679693
2411,lead_time_surge,dynalloc_only,71,1.0,61265.0,60665.0,600.0,912,0,70,0.05424754065644938,18.18594799733141,0.12062377629765446,0.008322901646357888,2.971231057811872
2411,lead_time_surge,dynalloc_only,72,1.0,62168.0,61568.0,600.0,922,0,39,0.05303235205713571,17.86000468597667,0.12103443608379112,0.008256873303879631,2.9712195831515085
2411,lead_time_surge,dynalloc_only,73,1.0,63014.0,62414.0,600.0,874,0,70,0.05150183603035172,17.356412087979088,0.12132116283893113,0.008231767139306052,2.971208426402181
2411,lead_time_surge,dynalloc_only,74,1.0,63857.0,63257.0,600.0,880,0,75,0.05112570172583532,17.26184871923051,0.12208105891159299,0.008165300198742561,2.971197574532593
2411,lead_time_surge,dynalloc_only,75,1.0,64726.0,64126.0,600.0,900,0,59,0.05066620719516544,17.15280863317877,0.12304034481413328,0.00807989327657624,2.9711870152140514
2411,lead_time_surge,dynalloc_only,76,1.0,65579.0,64979.0,600.0,891,0,71,0.04992078023684515,16.92888442256636,0.12341298128594391,0.008041993075734036,2.971176736773763
2411,lead_time_surge,dynalloc_only,77,1.0,66444.0,65844.0,600.0,897,0,63,0.04905738018449403,16.66643214219589,0.12372928231662256,0.0080068592912087,2.9711667281517604
2411,lead_time_surge,dynalloc_only,78,1.0,67315.0,66715.0,600.0,899,0,62,0.04865767179952164,16.561855924843606,0.12344167013001005,0.008010413506116204,2.971156978861229
2411,lead_time_surge,dynalloc_only,79,1.0,68188.0,67588.0,600.0,909,0,63,0.048198417144001866,16.448112810423634,0.12464733429291594,0.007912422979159813,2.97114747895185
2411,lead_time_surge,dynalloc_only,80,1.0,69081.0,68481.0,600.0,916,0,48,0.047615974201591374,16.305455702663817,0.12562704913720146,0.007823727556105999,2.9711382189759212
2411,lead_time_surge,dynalloc_only,81,1.0,69955.0,69355.0,600.0,907,0,63,0.04723308438871773,16.210082188359653,0.12861730108786687,0.007625005504821648,2.9711291899570162
2411,lead_time_surge,dynalloc_only,82,1.0,70842.0,70242.0,600.0,910,0,48,0.046336061255553375,15.946322520440415,0.12992711687127576,0.007527287785980265,2.9711203833609683
2411,lead_time_surge,dynalloc_only,83,1.0,71707.0,71107.0,600.0,888,0,63,0.04586846938256334,15.791539653093745,0.1310302602793759,0.00746103670153354,2.971111791068956
2411,lead_time_surge,dynalloc_only,84,1.0,72566.0,71966.0,600.0,899,0,64,0.0454818902982708,15.704019714516395,0.13120539186967412,0.007429476695267204,2.9711034053525367
2411,lead_time_surge,dynalloc_only,85,1.0,73447.0,72847.0,600.0,898,0,52,0.045039079828418496,15.56695805276395,0.13155959719296398,0.007401958542864527,2.9710952188504876
2411,lead_time_surge,dynalloc_only,86,1.0,74301.0,73701.0,600.0,899,0,71,0.04471739693918833,15.49488970361364,0.1323751203278266,0.007337806511147836,2.9710872245472078
2411,lead_time_surge,dynalloc_only,87,1.0,75184.0,74584.0,600.0,907,0,49,0.04393290423260027,15.260007446465949,0.13353414040101907,0.007256523275758314,2.9710794157527083
2411,lead_time_surge,dynalloc_only,88,1.0,76037.0,75437.0,600.0,877,0,66,0.04333960479786719,15.061439278178629,0.134693278631848,0.007190505154354032,2.971071786083915
2411,lead_time_surge,dynalloc_only,89,1.0,76869.0,76269.0,600.0,886,0,84,0.04298784070978802,14.96366063754708,0.13884663266878636,0.006964025839052407,2.9710643294472856
2411,lead_time_surge,dynalloc_only,90,1.0,77760.0,77160.0,600.0,907,0,51,0.0426937527210922,14.875914072865275,0.1399754907829094,0.006901089831472082,2.9710570400225573
2411,lead_time_surge,dynalloc_only,91,1.0,78617.0,78017.0,600.0,906,0,74,0.04233796547955268,14.785415744531376,0.14104602736587887,0.006833223682103549,2.9710499122476115
2411,lead_time_surge,dynalloc_only,92,1.0,79524.0,78924.0,600.0,923,0,43,0.04187494581658336,14.657435385430158,0.14127588532978116,0.006806428761977548,2.971042940804309
2411,lead_time_surge,dynalloc_only,93,1.0,80404.0,79804.0,600.0,908,0,56,0.04151534173032497,14.557607226216446,0.1411610047539881,0.006799796987761393,2.971036120605271
2411,lead_time_surge,dynalloc_only,94,1.0,81288.0,80688.0,600.0,909,0,52,0.04110628708681229,14.439005838747036,0.14106972046085395,0.006792508600875185,2.971029446781493
2411,lead_time_surge,dynalloc_only,95,1.0,82173.0,81573.0,600.0,906,0,51,0.040883988836473116,14.378696497149203,0.14106159417058112,0.006784517315588377,2.971022914670728
2411,lead_time_surge,dynalloc_only,96,1.0,83041.0,82441.0,600.0,904,0,61,0.04056115601853924,14.29427386296497,0.14084745896068226,0.006781006221311626,2.9710165198066742
2411,lead_time_surge,dynalloc_only,97,1.0,83926.0,83326.0,600.0,904,0,48,0.040186269619575735,14.18178279529763,0.14142384912556924,0.0067440387910667225,2.9710102579087403
2411,lead_time_surge,dynalloc_only,98,1.0,84782.0,84182.0,600.0,895,0,71,0.03989038320481468,14.090082176916134,0.1421571025536347,0.006703210604368138,2.9710041248725267
2411,lead_time_surge,dynalloc_only,99,1.0,85674.0,85074.0,600.0,916,0,48,0.03966035760046236,14.03779368643632,0.1423237253782973,0.006681563356604115,2.9709981167608293
2411,lead_time_surge,dynalloc_only,100,1.0,86557.0,85957.0,600.0,909,0,54,0.03927252560508539,13.92011114491775,0.14210861683267914,0.00668227278079839,2.9709922297952334
2411,lead_time_surge,dynalloc_only,101,1.0,87436.0,86836.0,600.0,911,0,56,0.03881484709954251,13.794820060926227,0.14187945220727288,0.0066751597573647395,2.9709864603481617
2411,lead_time_surge,dynalloc_only,102,1.0,88323.0,87723.0,600.0,910,0,54,0.0385705281484746,13.72367560985885,0.14332685945967563,0.006600209350175407,2.970980804935455
2411,lead_time_surge,dynalloc_only,103,1.0,89213.0,88613.0,600.0,919,0,52,0.03839439499996059,13.68874988911076,0.14305969239906616,0.006599145711440311,2.970975260209326
2411,lead_time_surge,dynalloc_only,104,1.0,90109.0,89509.0,600.0,920,0,47,0.038119437730206554,13.61866551122525,0.14290896025007344,0.0065925621507471645,2.970969822951759
2411,lead_time_surge,dynalloc_only,105,1.0,91001.0,90401.0,600.0,910,0,48,0.037850685235915796,13.541141298081472,0.14322703396059291,0.006568950919383563,2.970964490068295
2411,lead_time_surge,dynalloc_only,106,1.0,91872.0,91272.0,600.0,905,0,58,0.03755186420611265,13.463384031999622,0.14432228062503275,0.006504998317014827,2.970959258582134
2411,lead_time_surge,dynalloc_only,107,1.0,92763.0,92163.0,600.0,910,0,49,0.03737279197872256,13.412696006581259,0.1454756820047803,0.006446932366509722,2.9709541256286283
2411,lead_time_surge,dynalloc_only,108,1.0,93636.0,93036.0,600.0,905,0,55,0.03706590744962231,13.333561143963625,0.14603955434469787,0.006407118724987512,2.9709490884500216
2411,lead_time_surge,dynalloc_only,109,1.0,94509.0,93909.0,600.0,897,0,55,0.036744046437528856,13.229520612042101,0.14732994759457999,0.00634537587020596,2.97094414439051
2411,lead_time_surge,dynalloc_only,110,1.0,95370.0,94770.0,600.0,894,0,65,0.03650195072891881,13.154362734755733,0.14783203069709266,0.0063180628390738375,2.970939290891605
2411,lead_time_surge,dynalloc_only,111,1.0,96246.0,95646.0,600.0,909,0,60,0.036306292275670435,13.099527574043115,0.14847321860903087,0.006283260448015287,2.970934525487668
2411,lead_time_surge,dynalloc_only,112,1.0,97145.0,96545.0,600.0,926,0,51,0.036165563914907176,13.071797496210138,0.14818648560898606,0.006284329311163121,2.9709298458017916
2411,lead_time_surge,dynalloc_only,113,1.0,98052.0,97452.0,600.0,931,0,39,0.03585615675652834,12.999889165718526,0.14817753855198296,0.00626541708764161,2.9709252495417946
2411,lead_time_surge,dynalloc_only,114,1.0,98948.0,98348.0,600.0,910,0,49,0.0355907284346045,12.9117829738553,0.14898323159697216,0.006227621424142624,2.970920734496501
2411,lead_time_surge,dynalloc_only,115,1.0,99829.0,99229.0,600.0,916,0,53,0.03539862639288022,12.874759633085048,0.15071954792470912,0.006140267353736013,2.9709162985322166
2411,lead_time_surge,dynalloc_only,116,1.0,100726.0,100126.0,600.0,910,0,46,0.03515891277599681,12.793108402092072,0.15182665961013536,0.006092864792809846,2.9709119395893
2411,lead_time_surge,dynalloc_only,117,1.0,101596.0,100996.0,600.0,906,0,56,0.03491048713025004,12.728766193436943,0.15165410273260785,0.006087322107344968,2.9709076556790555
2411,lead_time_surge,dynalloc_only,118,1.0,102476.0,101876.0,600.0,898,0,53,0.03467824982959957,12.647190188569878,0.15196814022911415,0.006073262259277852,2.970903444880645
2411,lead_time_surge,dynalloc_only,119,1.0,103344.0,102744.0,600.0,905,0,64,0.03455448418400068,12.615147788950843,0.1520853399343455,0.006062291100630646,2.970899305338257
2411,lead_time_surge,all_combined,0,1.0,1077.0,1077.0,0.0,1077,0,89,,,,,
2411,lead_time_surge,all_combined,1,1.0,2111.0,2111.0,0.0,1040,0,106,,,,,
2411,lead_time_surge,all_combined,2,1.0,3159.0,3159.0,0.0,1065,0,82,1.6717581294371195,0.6395474137931033,,,2.6139705882352944
2411,lead_time_surge,all_combined,3,1.0,4214.0,4214.0,0.0,1087,0,66,1.8374883338197274,0.6733704695073428,,,2.7287925696594426
2411,lead_time_surge,all_combined,4,1.0,5270.0,5270.0,0.0,1067,0,66,0.3057632669240006,0.8050358454275219,0.9848233995584992,0.1302885962454469,2.960092807424594
2411,lead_time_surge,all_combined,5,1.0,6287.0,6287.0,0.0,1069,0,81,0.3984231881132071,0.7853532517129058,2.21555459272097,0.0785176493595385,2.916283998587071
2411,lead_time_surge,all_combined,6,1.0,7358.0,7358.0,0.0,1083,0,54,0.40352753744129566,0.8680334092634776,1.8540706605222737,0.08593808842358966,2.917593384659253
2411,lead_time_surge,all_combined,7,1.0,8381.0,8381.0,0.0,1076,0,77,0.3502038477682984,0.710641571969697,2.498458728165316,0.06758362273807347,2.9184795601243128
2411,lead_time_surge,all_combined,8,1.0,9448.0,9448.0,0.0,1085,0,59,0.33363496074230203,0.7923142265771747,2.240393775801842,0.06438695960311834,2.919119160321055
2411,lead_time_surge,all_combined,9,1.0,10495.0,10495.0,0.0,1090,0,66,0.32599538951269885,0.7508251451117265,2.3558760610033813,0.06312428600720583,2.919602529358627
2411,lead_time_surge,all_combined,10,1.0,11558.0,11558.0,0.0,1085,0,58,0.34182828247180963,0.8325109922574607,2.1377968300524564,0.06577662858499775,2.9199806794397034
2411,lead_time_surge,all_combined,11,1.0,12572.0,12572.0,0.0,1053,0,95,0.31744360110606784,0.8219725975382083,2.2033914140234505,0.060019504748982364,2.9202845941629154
2411,lead_time_surge,all_combined,12,1.0,13567.0,13567.0,0.0,1023,0,121,0.31613078210705037,0.8599758059830005,2.4344441355205153,0.051703321803824295,2.9205341795583775
2411,lead_time_surge,all_combined,13,1.0,14548.0,14548.0,0.0,995,0,134,0.3012601924133806,1.0025688073394499,2.094930767425487,0.04910939337926398,2.9207428085932756
2411,lead_time_surge,all_combined,14,1.0,15538.0,15538.0,0.0,1012,0,120,0.3152809754120798,1.0333223143194123,2.193593957999403,0.047619637372436345,2.920919798093102
2411,lead_time_surge,all_combined,15,1.0,16539.0,16539.0,0.0,1006,0,108,0.29059880353423045,1.1696400857290665,1.9061203741358275,0.044621998442550374,2.9210718381816285
2411,lead_time_surge,all_combined,16,1.0,17494.0,17494.0,0.0,972,0,128,0.24115624134163297,1.748875239494293,1.1034914801202809,0.04277685262281431,2.92120385701763
2411,lead_time_surge,all_combined,17,1.0,18444.0,18444.0,0.0,963,0,107,0.2449530993066102,2.5313980522898754,0.8004512887634552,0.04138171846123709,2.921319565018733
2411,lead_time_surge,all_combined,18,1.0,19373.0,19373.0,0.0,936,0,113,0.20324803323341722,5.583948740225891,0.3124177396966348,0.039879984038798,2.921421809105775
2411,lead_time_surge,all_combined,19,1.0,20297.0,20297.0,0.0,942,0,98,0.19434072306380062,9.42867611193156,0.18383373590725716,0.03837780119813623,2.9215128100854004
2411,lead_time_surge,all_combined,20,0.9936305732484076,21261.0,21241.0,20.0,958,4,71,0.1917640300945225,13.611410897604632,0.12910949231143137,0.037349596804965544,2.9215943258037154
2411,lead_time_surge,all_combined,21,0.9759036144578314,22212.0,22147.0,65.0,948,9,99,0.19948152511825076,18.513136471284785,0.10995500879694699,0.033541063636756394,2.921667765809334
2411,lead_time_surge,all_combined,22,0.9856527977044476,23148.0,23033.0,115.0,966,10,122,0.18339480445573814,19.818722324870855,0.13280716517231042,0.023847845719113223,2.9217342735460434
2411,lead_time_surge,all_combined,23,1.0,24116.0,24001.0,115.0,1012,0,86,0.17632606736711273,20.682989856819727,0.1442158390849497,0.020232079905992947,2.9217947863190887
2411,lead_time_surge,all_combined,24,1.0,25055.0,24940.0,115.0,1002,0,127,0.17295944836377986,21.379710414094212,0.1673136675715737,0.01654829008637177,2.9218500797448166
2411,lead_time_surge,all_combined,25,1.0,26035.0,25920.0,115.0,1041,0,120,0.16557697112766082,21.601524687336802,0.17241785975422794,0.015214854751750216,2.9219008011742416
2411,lead_time_surge,all_combined,26,1.0,27091.0,26976.0,115.0,1114,0,76,0.16632011081110276,21.94131182230252,0.18239845337332994,0.014222915076541998,2.9219474951547566
2411,lead_time_surge,all_combined,27,1.0,28182.0,28067.0,115.0,1108,0,68,0.16337176999488173,21.827934909494946,0.18212333749930049,0.014064359080721123,2.921990623058239
2411,lead_time_surge,all_combined,28,1.0,29253.0,29138.0,115.0,1129,0,80,0.1596610347591422,21.674461422306504,0.21340684882707928,0.011812926870586675,2.922030578377497
2411,lead_time_surge,all_combined,29,1.0,30424.0,30309.0,115.0,1171,0,13,0.15538153390493678,21.555543983603005,0.2155864409762528,0.011442704970741844,2.9220676987667296
2411,lead_time_surge,all_combined,30,1.0,31538.0,31423.0,115.0,1125,0,35,0.14763544548711222,20.71877771962073,0.215433342126825,0.011319263666790627,2.9221022756069135
2411,lead_time_surge,all_combined,31,1.0,32624.0,32509.0,115.0,1108,0,49,0.14469530896015012,20.474911537792217,0.2137218947563775,0.011315746006276694,2.922134561670015
2411,lead_time_surge,all_combined,32,1.0,33703.0,33588.0,115.0,1095,0,35,0.13548912471238114,19.42331467221695,0.21351233415516957,0.011180299072155661,2.9221647773087325
2411,lead_time_surge,all_combined,33,1.0,34721.0,34606.0,115.0,1037,0,73,0.12938713913666752,18.5007332780718,0.21466708905108267,0.01114879135461018,2.92219311549244
2411,lead_time_surge,all_combined,34,1.0,35717.0,35602.0,115.0,1058,0,90,0.12686214277682814,18.255052146060954,0.22126591112084837,0.010747849669963486,2.922219745932694
2411,lead_time_surge,all_combined,35,1.0,36778.0,36663.0,115.0,1083,0,57,0.12349757543612053,17.828565188905873,0.22029576647142415,0.010760173885511277,2.9222448184847045
2411,lead_time_surge,all_combined,36,1.0,37806.0,37691.0,115.0,1084,0,86,0.12087252067025836,17.54462089831323,0.22385446760559613,0.010531681400066654,2.9222684659688074
2411,lead_time_surge,all_combined,37,1.0,38898.0,38783.0,115.0,1117,0,48,0.1183072357465366,17.310824645393577,0.22290509933688196,0.010491802686566087,2.9222908065241366
2411,lead_time_surge,all_combined,38,1.0,39982.0,39867.0,115.0,1106,0,54,0.11624384646112808,17.06689571149809,0.2224892689138744,0.010475621423289753,2.9223119455825612
2411,lead_time_surge,all_combined,39,1.0,41066.0,40951.0,115.0,1117,0,55,0.11457003581775453,16.955741572420816,0.22151179464612297,0.010438253844410165,2.9223319775324423
2411,lead_time_surge,all_combined,40,1.0,42184.0,42069.0,115.0,1126,0,30,0.113013891739591,16.847304695357106,0.22328213725095086,0.01028051909582212,2.922350987127705
2411,lead_time_surge,all_combined,41,1.0,43267.0,43152.0,115.0,1110,0,52,0.11163523502201264,16.731904876559437,0.22160875451740109,0.010302293811157708,2.9223690506864934
2411,lead_time_surge,all_combined,42,1.0,44367.0,44252.0,115.0,1120,0,34,0.10936837385281302,16.579345014393038,0.2192497442340727,0.010295505531059025,2.9223862371152522
2411,lead_time_surge,all_combined,43,1.0,45437.0,45322.0,115.0,1083,0,47,0.10587546404481121,16.070111707861525,0.22154600209468364,0.010175891481018353,2.9224026087871264
2411,lead_time_surge,all_combined,44,1.0,46466.0,46351.0,115.0,1069,0,72,0.10366779786984326,15.771134367760968,0.22163816485289542,0.010148317091913925,2.922418222298339
2411,lead_time_surge,all_combined,45,1.0,47525.0,47410.0,115.0,1083,0,56,0.10207043592901507,15.577118312644759,0.22071264111589012,0.010158768436395106,2.9224331291218895
2411,lead_time_surge,all_combined,46,1.0,48563.0,48448.0,115.0,1080,0,72,0.09994423728848399,15.309275317982328,0.22176337544369465,0.010073180166395388,2.9224473761744187
2411,lead_time_surge,all_combined,47,1.0,49629.0,49514.0,115.0,1096,0,62,0.09850756034401388,15.174796253497142,0.22357584513933812,0.009935119345298218,2.9224610063094505
2411,lead_time_surge,all_combined,48,1.0,50702.0,50587.0,115.0,1109,0,56,0.09670058601034358,14.989877485642456,0.2312878633921339,0.009543935895018571,2.9224740587479228
2411,lead_time_surge,all_combined,49,1.0,51788.0,51673.0,115.0,1107,0,50,0.09500570559500342,14.760992671552303,0.23394532471136176,0.009413849018076995,2.9224865694551028
2411,lead_time_surge,all_combined,50,1.0,52858.0,52743.0,115.0,1096,0,52,0.09210449254467842,14.355716098465205,0.23517343975375143,0.009334979619628588,2.9224985714715332
2411,lead_time_surge,all_combined,51,1.0,53922.0,53807.0,115.0,1087,0,61,0.09131881709729983,14.236648371307826,0.23518726203395907,0.009332171306498273,2.9225100952044065
2411,lead_time_surge,all_combined,52,1.0,54982.0,54867.0,115.0,1096,0,55,0.08940746939743463,14.019428002294543,0.2339622172768092,0.00932695999450073,2.922521168684794
2411,lead_time_surge,all_combined,53,1.0,56045.0,55930.0,115.0,1078,0,54,0.08708007024144072,13.650993507771004,0.2353671713669775,0.009273621674142786,2.92253181779529
2411,lead_time_surge,all_combined,54,1.0,57068.0,56953.0,115.0,1072,0,80,0.08547626819993419,13.417441320929122,0.23754512100639252,0.009176328718130554,2.922542066471978
2411,lead_time_surge,all_combined,55,1.0,58135.0,58020.0,115.0,1093,0,55,0.08429917753629869,13.271466508947126,0.23664317446169578,0.009184345264560297,2.922551936884059
2411,lead_time_surge,all_combined,56,1.0,59184.0,59069.0,115.0,1085,0,67,0.08259920695583463,13.02115864907374,0.23771357444113564,0.009130795443560488,2.922561449593909
2411,lead_time_surge,all_combined,57,1.0,60243.0,60128.0,115.0,1089,0,63,0.08130509328002922,12.840275352592982,0.23799679896563466,0.009103476696952153,2.9225706237000737
2411,lead_time_surge,all_combined,58,1.0,61300.0,61185.0,115.0,1086,0,58,0.07924162430600404,12.535138771998021,0.24034118119102793,0.008999734580675935,2.9225794769652627
2411,lead_time_surge,all_combined,59,1.0,62335.0,62220.0,115.0,1068,0,72,0.0774112008621751,12.246861305938166,0.2403229850408136,0.008999452617917382,2.922588025931103
2411,lead_time_surge,all_combined,60,1.0,63374.0,63259.0,115.0,1076,0,72,0.07641531486510719,12.091699965593614,0.24288243768202558,0.008902830469320971,2.922596286021344
2411,lead_time_surge,all_combined,61,1.0,64419.0,64304.0,115.0,1080,0,65,0.07480282892667409,11.856479380724078,0.2425011684615169,0.008901812078871559,2.922604271634674
2411,lead_time_surge,all_combined,62,1.0,65473.0,65358.0,115.0,1086,0,72,0.074334291955463,11.776095736504763,0.24286547260674668,0.008893054253879,2.9226119962285133
2411,lead_time_surge,all_combined,63,1.0,66535.0,66420.0,115.0,1103,0,53,0.07201732022618124,11.49796530399948,0.24169600174750266,0.008866949268901414,2.9226194723946812
2411,lead_time_surge,all_combined,64,1.0,67600.0,67485.0,115.0,1076,0,65,0.07135732837301537,11.396314245264902,0.24450628210503703,0.008762152232944426,2.922626711927896
2411,lead_time_surge,all_combined,65,1.0,68643.0,68528.0,115.0,1106,0,74,0.07047465536245198,11.344584065184616,0.25090184118662656,0.008471613685093684,2.9226337258878594
2411,lead_time_surge,all_combined,66,1.0,69761.0,69646.0,115.0,1118,0,37,0.06972333805669036,11.22726258933507,0.2564476655879556,0.008285717822203446,2.922640524655636
2411,lead_time_surge,all_combined,67,1.0,70818.0,70703.0,115.0,1098,0,61,0.06823235957368871,11.030856951492929,0.25720671158330166,0.008228533827975653,2.9226471179849374
2411,lead_time_surge,all_combined,68,1.0,71904.0,71789.0,115.0,1098,0,47,0.06746496229853952,10.910709718276077,0.2591594862149209,0.008163583479540427,2.9226535150487685
2411,lead_time_surge,all_combined,69,1.0,72953.0,72838.0,115.0,1081,0,57,0.06603829994245015,10.703035770815863,0.2588633642467062,0.008155302255094657,2.9226597244820494
2411,lead_time_surge,all_combined,70,1.0,73992.0,73877.0,115.0,1067,0,73,0.06518809509692856,10.557233942736918,0.2589779321386662,0.008157859762761855,2.922665754420476
2411,lead_time_surge,all_combined,71,1.0,75045.0,74930.0,115.0,1102,0,70,0.06483666025365976,10.53663800643267,0.2611791002788398,0.008061208117365553,2.9226716125360905
2411,lead_time_surge,all_combined,72,1.0,76138.0,76023.0,115.0,1112,0,39,0.06337425635804034,10.336240796810586,0.26224681430024815,0.00799943234016743,2.9226773060698634
2411,lead_time_surge,all_combined,73,1.0,77174.0,77059.0,115.0,1064,0,70,0.061582832898411634,10.044200050958096,0.2630118369600302,0.007976040025389737,2.9226828418615143
2411,lead_time_surge,all_combined,74,1.0,78207.0,78092.0,115.0,1070,0,75,0.06113609304653126,9.988886683865848,0.26461445409569284,0.007913790366071441,2.922688226376959
2411,lead_time_surge,all_combined,75,1.0,79266.0,79151.0,115.0,1090,0,59,0.060580580440893275,9.914243139587764,0.26688477531977034,0.00783369748407755,2.9226934657334835
2411,lead_time_surge,all_combined,76,1.0,80309.0,80194.0,115.0,1081,0,71,0.05969006650174966,9.774103073786023,0.2679449753950944,0.007798220379512761,2.922698565722943
2411,lead_time_surge,all_combined,77,1.0,81364.0,81249.0,115.0,1087,0,63,0.058664134582949494,9.611683021662653,0.268923432050655,0.007765328252617352,2.922703531833099
2411,lead_time_surge,all_combined,78,1.0,82425.0,82310.0,115.0,1089,0,62,0.058173861421663815,9.544361790419014,0.2684359597887084,0.007768815753403144,2.9227083692673306
2411,lead_time_surge,all_combined,79,1.0,83488.0,83373.0,115.0,1099,0,63,0.057615072611941966,9.468311809446586,0.2712064159462792,0.007676750374916252,2.922713082962823
2411,lead_time_surge,all_combined,80,1.0,84571.0,84456.0,115.0,1106,0,48,0.05689352817807324,9.379790423064243,0.2733057101521222,0.007593362971634569,2.9227176776073676
2411,lead_time_surge,all_combined,81,1.0,85635.0,85520.0,115.0,1097,0,63,0.05643432545804928,9.318895385906439,0.2797684413458578,0.007406152437969173,2.922722157654915
2411,lead_time_surge,all_combined,82,1.0,86712.0,86597.0,115.0,1100,0,48,0.05534607330928289,9.157429081048306,0.2827270965029348,0.007314045125769193,2.922726527339978
2411,lead_time_surge,all_combined,83,1.0,87767.0,87652.0,115.0,1078,0,63,0.05482053982288371,9.067196290462705,0.2852648469449254,0.007251589613466543,2.9227307906909794
2411,lead_time_surge,all_combined,84,1.0,88816.0,88701.0,115.0,1089,0,64,0.05434570179729922,9.00923023018467,0.28578393092558574,0.007221880156962006,2.922734951542632
2411,lead_time_surge,all_combined,85,1.0,89887.0,89772.0,115.0,1088,0,52,0.0538208599996189,8.924258537700664,0.28674677580291447,0.00719597936961329,2.922739013547471
2411,lead_time_surge,all_combined,86,1.0,90931.0,90816.0,115.0,1089,0,71,0.05342257984395043,8.875891186982157,0.28860372457811156,0.007135432953237734,2.9227429801865017
2411,lead_time_surge,all_combined,87,1.0,92004.0,91889.0,115.0,1097,0,49,0.05247809297555627,8.733807595761185,0.2912473653589294,0.007058642995127826,2.922746854779192
2411,lead_time_surge,all_combined,88,1.0,93047.0,92932.0,115.0,1067,0,66,0.0517972245425935,8.624228529237492,0.29371695882979143,0.006996252033815337,2.9227506404927106
2411,lead_time_surge,all_combined,89,1.0,94069.0,93954.0,115.0,1076,0,84,0.05139104220470173,8.564802408619883,0.30271663373770896,0.006781745339481002,2.9227543403505813
2411,lead_time_surge,all_combined,90,1.0,95150.0,95035.0,115.0,1097,0,51,0.05106349189658965,8.513761231997092,0.30527375685778363,0.006722127117465489,2.922757957240716
2411,lead_time_surge,all_combined,91,1.0,96197.0,96082.0,115.0,1096,0,74,0.05064780470544128,8.458272124552453,0.30771957328773364,0.0066577958463163835,2.922761493922943
2411,lead_time_surge,all_combined,92,1.0,97294.0,97179.0,115.0,1113,0,43,0.050089678505904525,8.382629945701506,0.30824873323180063,0.006632431269402865,2.922764953036031
2411,lead_time_surge,all_combined,93,1.0,98364.0,98249.0,115.0,1098,0,56,0.049672595630473736,8.323038230216728,0.3081595061349439,0.006626207042560266,2.922768337104251
2411,lead_time_surge,all_combined,94,1.0,99438.0,99323.0,115.0,1099,0,52,0.04918455902578548,8.249450957077999,0.3081719042810422,0.006619357070431373,2.922771648543537
2411,lead_time_surge,all_combined,95,1.0,100513.0,100398.0,115.0,1096,0,51,0.048939728204707114,8.212208716179747,0.30837846897272936,0.0066118373127602575,2.9227748896671946
2411,lead_time_surge,all_combined,96,1.0,101571.0,101456.0,115.0,1094,0,61,0.04854230265925638,8.157720021683915,0.3080691460470925,0.00660857060058194,2.922778062691346
2411,lead_time_surge,all_combined,97,1.0,102646.0,102531.0,115.0,1094,0,48,0.04809356543723575,8.088317596566522,0.3094813394458541,0.006573520329403454,2.922781169739938
2411,lead_time_surge,all_combined,98,1.0,103692.0,103577.0,115.0,1085,0,71,0.04774265278732338,8.030842761324012,0.31125557593029124,0.00653478841856377,2.9227842128495136
2411,lead_time_surge,all_combined,99,1.0,104774.0,104659.0,115.0,1106,0,48,0.04747695032465488,7.998823392705485,0.3117406102791022,0.006514275612551887,2.9227871939736354
2411,lead_time_surge,all_combined,100,1.0,105847.0,105732.0,115.0,1099,0,54,0.047017030594769,7.927699616123859,0.3114549587542916,0.0065150106732712165,2.922790114987102
2411,lead_time_surge,all_combined,101,1.0,106916.0,106801.0,115.0,1101,0,56,0.04646062480479274,7.857584513276325,0.3108349192946899,0.00650830846222985,2.922792977689843
2411,lead_time_surge,all_combined,102,1.0,107993.0,107878.0,115.0,1100,0,54,0.04619900674735967,7.819179281038558,0.3140386309312739,0.006437095022515173,2.9227957838106504
2411,lead_time_surge,all_combined,103,1.0,109073.0,108958.0,115.0,1109,0,52,0.0459921745080285,7.796647713673101,0.31358243828696725,0.00643613905262583,2.9227985350106405
2411,lead_time_surge,all_combined,104,1.0,110159.0,110044.0,115.0,1110,0,47,0.04566912454362146,7.755176703247965,0.3133468888070909,0.0064299311088192425,2.9228012328865316
2411,lead_time_surge,all_combined,105,1.0,111241.0,111126.0,115.0,1100,0,48,0.045374793271292076,7.714608981626268,0.31405881660554186,0.006407521555922446,2.9228038789737485
2411,lead_time_surge,all_combined,106,1.0,112302.0,112187.0,115.0,1095,0,58,0.04501585250877135,7.670367551837633,0.3163738524249322,0.006346710086075923,2.9228064747493185
2411,lead_time_surge,all_combined,107,1.0,113383.0,113268.0,115.0,1100,0,49,0.04482855532808983,7.642521176806012,0.31898137455785747,0.00629147286877003,2.9228090216346465
2411,lead_time_surge,all_combined,108,1.0,114446.0,114331.0,115.0,1095,0,55,0.044454854545816054,7.597790349511677,0.3201113687728476,0.006253598272723747,2.9228115209980823
2411,lead_time_surge,all_combined,109,1.0,115509.0,115394.0,115.0,1087,0,55,0.04408656184645236,7.538426287709955,0.3229953650238493,0.00619481117584942,2.92281397415738
2411,lead_time_surge,all_combined,110,1.0,116560.0,116445.0,115.0,1084,0,65,0.04379225573686803,7.49320863077937,0.32413489591953276,0.006168821014614934,2.922816382382033
2411,lead_time_surge,all_combined,111,1.0,117626.0,117511.0,115.0,1099,0,60,0.043563453851873456,7.459275236346382,0.32565736989639066,0.006135682483498346,2.9228187468954303
2411,lead_time_surge,all_combined,112,1.0,118715.0,118600.0,115.0,1116,0,51,0.043386031479512484,7.440687970701756,0.3250847315127946,0.006136744373198518,2.9228210688769742
2411,lead_time_surge,all_combined,113,1.0,119812.0,119697.0,115.0,1121,0,39,0.04299474151803827,7.39836797761474,0.32494818126527036,0.006118750369024269,2.9228233494639975
2411,lead_time_surge,all_combined,114,1.0,120898.0,120783.0,115.0,1100,0,49,0.042673937659130134,7.347297357627165,0.32668788658704057,0.006082738820816363,2.9228255897536406
2411,lead_time_surge,all_combined,115,1.0,121969.0,121854.0,115.0,1106,0,53,0.04243929645833333,7.326409556140821,0.33034289323488114,0.00599941337384434,2.9228277908046314
2411,lead_time_surge,all_combined,116,1.0,123056.0,122941.0,115.0,1100,0,46,0.0421632172514808,7.278422566594297,0.3328666146573248,0.005954189980938391,2.9228299536388977
2411,lead_time_surge,all_combined,117,1.0,124116.0,124001.0,115.0,1096,0,56,0.041874332330722956,7.24254536519071,0.33251688967920245,0.005948933257582237,2.922832079243218
2411,lead_time_surge,all_combined,118,1.0,125186.0,125071.0,115.0,1088,0,53,0.041621135890210555,7.197535192905526,0.3333233050130524,0.005935540550166478,2.922834168570669
2411,lead_time_surge,all_combined,119,1.0,126244.0,126129.0,115.0,1095,0,64,0.0414690102080593,7.175796171170225,0.33369807650046024,0.0059250960013171265,2.922836222542086
2411,demand_spike,baseline,0,1.0,1077.0,1077.0,0.0,1077,0,89,,,,,
2411,demand_spike,baseline,1,1.0,2111.0,2111.0,0.0,1040,0,105,,,,,
2411,demand_spike,baseline,2,1.0,3159.0,3159.0,0.0,1065,0,83,1.6852779736625254,0.6395474137931033,,,2.6351102941176476
2411,demand_spike,baseline,3,1.0,4213.0,4213.0,0.0,1086,0,67,1.8908576341893497,0.6733704695073428,,,2.808049535603715
2411,demand_spike,baseline,4,1.0,5270.0,5270.0,0.0,1068,0,65,0.31343251331181055,0.8050358454275219,0.9848233995584992,0.1302885962454469,3.0343387470997674
2411,demand_spike,baseline,5,1.0,6287.0,6287.0,0.0,1069,0,81,0.40768884365072355,0.7853532517129058,2.21555459272097,0.0785176493595385,2.9841045566937474
2411,demand_spike,baseline,6,1.0,7358.0,7358.0,0.0,1083,0,54,0.4123616039372739,0.8680334092634776,1.8540706605222737,0.08593808842358966,2.981465640148274
2411,demand_spike,baseline,7,1.0,8381.0,8381.0,0.0,1076,0,77,0.3575475719678957,0.710641571969697,2.498458728165316,0.06758362273807347,2.9796796557494623
2411,demand_spike,baseline,8,1.0,9448.0,9448.0,0.0,1085,0,59,0.34040927466600357,0.7923142265771747,2.240393775801842,0.06438695960311834,2.9783906153529545
2411,demand_spike,baseline,9,1.0,10495.0,10495.0,0.0,1090,0,66,0.33245074376047506,0.7508251451117265,2.3558760610033813,0.06312428600720583,2.977416440831075
2411,demand_spike,baseline,10,0.9703389830508474,11505.0,11435.0,70.0,962,14,56,0.06592292339250311,0.14864817701668254,2.265045120420725,0.06577662858499775,2.976654322975366
2411,demand_spike,baseline,11,0.8192182410423453,12741.0,12291.0,450.0,893,76,117,0.03300701399445139,1.37923368451593,0.12801408870773034,0.06281618887015178,2.976041817917816
2411,demand_spike,baseline,12,0.7561608300907912,14105.0,13090.0,1015.0,894,113,131,0.02397802340917017,2.7486909004227384,0.09823051667210947,0.029845264218645515,2.975538807351582
2411,demand_spike,baseline,13,0.7708592777085927,15651.0,14026.0,1625.0,951,122,53,0.02555950348181566,6.1204116200991585,0.0477866953566151,0.029373827392120074,2.975118339604321
2411,demand_spike,baseline,14,0.7877697841726619,16889.0,14844.0,2045.0,886,84,148,0.02514471393663831,9.098385488688674,0.03552401816889808,0.026152192839264347,2.9747616376892876
2411,demand_spike,baseline,15,0.851039260969977,18213.0,15693.0,2520.0,924,95,105,0.02504869352643836,10.567515385091223,0.03510234843102952,0.022702233317956094,2.9744552184339486
2411,demand_spike,baseline,16,0.8637387387387387,19559.0,16619.0,2940.0,939,84,73,0.025440417803348634,12.834982217798906,0.030513205176377844,0.021841001758488084,2.974189149702933
2411,demand_spike,baseline,17,0.9117971334068358,20558.0,17408.0,3150.0,880,42,163,0.025649479478281712,14.014380432534482,0.03444149084383813,0.017868503407114295,2.9739559535776294
2411,demand_spike,baseline,18,0.9423692636072573,21672.0,18322.0,3350.0,960,40,73,0.025777045582960276,14.368889310790083,0.03346841032450979,0.018024798404578168,2.9737498924175916
2411,demand_spike,baseline,19,0.9337410805300713,22714.0,19214.0,3500.0,924,30,108,0.025937055465732706,15.019827838896983,0.03224323010832833,0.01801107021876861,2.97356649044327
2411,demand_spike,baseline,20,0.9613478691774033,23736.0,20041.0,3695.0,925,39,151,0.026019518259835377,15.092764597067006,0.03884351157246618,0.014926511140875464,2.973402204918665
2411,demand_spike,baseline,21,0.9691119691119691,24792.0,21027.0,3765.0,1004,14,56,0.026318054748814813,15.320912710706613,0.039451852699365936,0.014644336666485902,2.973254195061185
2411,demand_spike,baseline,22,0.9784037558685446,25713.0,21898.0,3815.0,938,10,151,0.026549073372782075,15.389035082305673,0.04083023184416074,0.014211622759428838,2.973120156391815
2411,demand_spike,baseline,23,1.0,26629.0,22814.0,3815.0,996,0,114,0.02670028944519907,15.36653595465604,0.043722461623741715,0.013367209092885314,2.972998199879993
2411,demand_spike,baseline,24,1.0,27636.0,23821.0,3815.0,1019,0,70,0.026739613812335798,15.283549729473147,0.045614151696158046,0.012901877870556218,2.9728867623604462
2411,demand_spike,baseline,25,1.0,28545.0,24730.0,3815.0,990,0,156,0.026786286892107467,15.271801076355738,0.04843107700365794,0.012182451664033011,2.9727845391719185
2411,demand_spike,baseline,26,1.0,29570.0,25755.0,3815.0,1085,0,89,0.02671799664491465,15.457653453806156,0.04809663644183752,0.01208915464662059,2.9726904328419588
2411,demand_spike,baseline,27,1.0,30630.0,26815.0,3815.0,1086,0,85,0.026622018598305916,15.54922880604822,0.04811999116375573,0.011969323433230235,2.9726035135287807
2411,demand_spike,baseline,28,1.0,31667.0,27852.0,3815.0,1122,0,105,0.026461638129366145,15.962267440593374,0.04966055822319878,0.011230143974190435,2.9725229881930475
2411,demand_spike,baseline,29,1.0,32839.0,29024.0,3815.0,1177,0,24,0.02628458110738367,16.318823568098654,0.050864690932429076,0.010653235106084232,2.9724481763316732
2411,demand_spike,baseline,30,1.0,33984.0,30169.0,3815.0,1156,0,31,0.026132917266289343,16.64475239798516,0.051386312362135554,0.010279192328543114,2.9723784906999127
2411,demand_spike,baseline,31,1.0,35115.0,31300.0,3815.0,1147,0,31,0.02598451943587795,16.973332755871727,0.05131231157371059,0.010037634588656877,2.972313421865046
2411,demand_spike,baseline,32,1.0,36234.0,32419.0,3815.0,1119,0,24,0.02573187026266225,17.141025006954962,0.05294366121526133,0.00953970376861054,2.972252525731632
2411,demand_spike,baseline,33,1.0,37304.0,33489.0,3815.0,1085,0,48,0.025616974606350814,17.31722972589,0.05321187978893273,0.009353269727090772,2.9721954133921606
2411,demand_spike,baseline,34,1.0,38337.0,34522.0,3815.0,1066,0,57,0.02530459224443536,17.391481146037492,0.05230961022328408,0.009358619107290985,2.9721417428125694
2411,demand_spike,baseline,35,1.0,39345.0,35530.0,3815.0,1031,0,76,0.02507361681545889,17.351862455431835,0.05266715302263421,0.009231428530454097,2.972091211976981
2411,demand_spike,baseline,36,1.0,40325.0,36510.0,3815.0,1053,0,103,0.02494809723309735,17.484059294088457,0.05431970562724871,0.008838581690087876,2.9720435532013294
2411,demand_spike,baseline,37,1.0,41397.0,37582.0,3815.0,1093,0,54,0.024793409672804405,17.568641090744666,0.054298325022944176,0.008745065424288838,2.9719985283898125
2411,demand_spike,baseline,38,1.0,42432.0,38617.0,3815.0,1090,0,86,0.024661671969905815,17.666423265604546,0.05405445750539596,0.008689604451123977,2.9719559250566854
2411,demand_spike,baseline,39,1.0,43533.0,39718.0,3815.0,1125,0,45,0.024535924148341742,17.804399648326356,0.05419685803017511,0.008555876589395862,2.971915552973078
2411,demand_spike,baseline,40,1.0,44626.0,40811.0,3815.0,1110,0,50,0.024428532751466375,17.88373243248288,0.05475207122740308,0.00839475063942443,2.9718772413272445
2411,demand_spike,baseline,41,1.0,45711.0,41896.0,3815.0,1117,0,54,0.024325163447465242,18.007864568221216,0.05456485468664123,0.008330191823683282,2.971840836308756
2411,demand_spike,baseline,42,1.0,46827.0,43012.0,3815.0,1125,0,31,0.024234217408233668,18.128692731508732,0.055249897523142445,0.008141614791324097,2.971806199044642
2411,demand_spike,baseline,43,1.0,47911.0,44096.0,3815.0,1110,0,51,0.024145699928560034,18.226932748467544,0.05483996240600399,0.008128555908168225,2.971773203829028
2411,demand_spike,baseline,44,1.0,49009.0,45194.0,3815.0,1119,0,35,0.024025559327116884,18.345038089232272,0.05449781239406913,0.008086577553372276,2.971741736598732
2411,demand_spike,baseline,45,1.0,50079.0,46264.0,3815.0,1083,0,47,0.02383989207542535,18.312823474098405,0.055123568091159404,0.007947032360728579,2.9717116936158803
2411,demand_spike,baseline,46,1.0,51107.0,47292.0,3815.0,1069,0,73,0.023708856445974376,18.325238090562777,0.05474315292991304,0.007952958152175388,2.9716829803254
2411,demand_spike,baseline,47,1.0,52169.0,48354.0,3815.0,1084,0,54,0.02360768659726408,18.35798109777116,0.05461993326946581,0.007922803507183555,2.971655510360952
2411,demand_spike,baseline,48,1.0,53206.0,49391.0,3815.0,1079,0,72,0.023475066512850234,18.367806170493292,0.05450270371783602,0.007891087860834489,2.971629204677262
2411,demand_spike,baseline,49,1.0,54265.0,50450.0,3815.0,1095,0,68,0.023379454016170167,18.403266009275182,0.05501270822674506,0.007771153774648936,2.9716039907904834
2411,demand_spike,baseline,50,1.0,55343.0,51528.0,3815.0,1114,0,56,0.023263194857117832,18.44842458691388,0.056274261475794146,0.007540720976371035,2.971579802111213
2411,demand_spike,baseline,51,1.0,56439.0,52624.0,3815.0,1112,0,45,0.02314875895802508,18.45430350928795,0.05680490026882476,0.007431222222676701,2.971556577357265
2411,demand_spike,baseline,52,1.0,57507.0,53692.0,3815.0,1096,0,54,0.02295147143276877,18.399140141801173,0.05684146042809188,0.00738528121286948,2.971534260035255
2411,demand_spike,baseline,53,1.0,58577.0,54762.0,3815.0,1089,0,57,0.02288357047288774,18.40628272186995,0.05699022660177541,0.007341413904492199,2.9715127979818035
2411,demand_spike,baseline,54,1.0,59634.0,55819.0,3815.0,1094,0,56,0.022750275755181123,18.418029153000532,0.056583283264288374,0.0073465050054807935,2.971492142956473
2411,demand_spike,baseline,55,1.0,60693.0,56878.0,3815.0,1077,0,57,0.02257579038796086,18.328425079348655,0.056810117384521255,0.007296598506552843,2.9714722502798168
2411,demand_spike,baseline,56,1.0,61718.0,57903.0,3815.0,1074,0,80,0.022443416459602916,18.292141864867002,0.05675505833210905,0.007275300835564734,2.9714530785107347
2411,demand_spike,baseline,57,1.0,62790.0,58975.0,3815.0,1095,0,52,0.02234993471579247,18.29390489549685,0.05665621203952474,0.0072569834497817455,2.9714345891583056
2411,demand_spike,baseline,58,1.0,63839.0,60024.0,3815.0,1084,0,66,0.02221038599710748,18.2453716632845,0.056545484523883034,0.007245058480709263,2.971416746423862
2411,demand_spike,baseline,59,1.0,64891.0,61076.0,3815.0,1087,0,68,0.02210015277957396,18.21584574762708,0.056399448159106115,0.007239524345583849,2.971399516969619
2411,demand_spike,baseline,60,1.0,65953.0,62138.0,3815.0,1089,0,56,0.02192601355145117,18.137898929559732,0.057027756122987626,0.007133912884818554,2.97138286971083
2411,demand_spike,baseline,61,1.0,66990.0,63175.0,3815.0,1069,0,71,0.02176570804794869,18.04502257563442,0.056904812515785094,0.007133622279201535,2.971366775628578
2411,demand_spike,baseline,62,1.0,68029.0,64214.0,3815.0,1076,0,72,0.021669834571035083,18.011178374777167,0.0570758943554765,0.007094254357421893,2.9713512076009967
2411,demand_spike,baseline,63,1.0,69077.0,65262.0,3815.0,1080,0,62,0.021521711012659157,17.94553770597855,0.056858216056968676,0.007098642502456714,2.9713361402507195
2411,demand_spike,baseline,64,1.0,70126.0,66311.0,3815.0,1083,0,74,0.02146234815936781,17.927340032757225,0.05683518572832324,0.007089154533316978,2.97132154980686
2411,demand_spike,baseline,65,1.0,71183.0,67368.0,3815.0,1102,0,57,0.021248526038020556,17.85249459371445,0.0565826583118298,0.007079440978355033,2.9713074139798596
2411,demand_spike,baseline,66,1.0,72254.0,68439.0,3815.0,1079,0,62,0.021179870675537935,17.802994918088487,0.05751586429805324,0.006961406619462168,2.971293711847866
2411,demand_spike,baseline,67,1.0,73300.0,69485.0,3815.0,1106,0,71,0.021089561994864794,17.82861547766584,0.05814962943056401,0.006846353960181083,2.9712804237534374
2411,demand_spike,baseline,68,1.0,74415.0,70600.0,3815.0,1115,0,37,0.02100202983114668,17.787799759200514,0.05952498677299842,0.006675717873051089,2.971267531209407
2411,demand_spike,baseline,69,1.0,75467.0,71652.0,3815.0,1095,0,63,0.02084672290809564,17.726244509194245,0.05938429699277747,0.00666514360138787,2.9712550168131044
2411,demand_spike,baseline,70,1.0,76551.0,72736.0,3815.0,1097,0,48,0.020757428488859378,17.68398267915261,0.059814136890212775,0.006604675389760822,2.9712428641679693
2411,demand_spike,baseline,71,1.0,77597.0,73782.0,3815.0,1081,0,60,0.02060156777478606,17.604217760859097,0.05979721052547176,0.006586674289512137,2.971231057811872
2411,demand_spike,baseline,72,1.0,78640.0,74825.0,3815.0,1070,0,72,0.02049740912352394,17.528398168538914,0.05984043169203111,0.006576991384755542,2.9712195831515085
2411,demand_spike,baseline,73,1.0,79697.0,75882.0,3815.0,1104,0,68,0.020443100250383116,17.54229944167878,0.05992619541421452,0.006545011502678178,2.971208426402181
2411,demand_spike,baseline,74,1.0,80791.0,76976.0,3815.0,1112,0,38,0.020276020412437205,17.459358471895932,0.060135627080952755,0.006499666328010478,2.971197574532593
2411,demand_spike,baseline,75,1.0,81829.0,78014.0,3815.0,1063,0,67,0.020059375699515474,17.290042459457467,0.06015520576210478,0.006491097726006319,2.9711870152140514
2411,demand_spike,baseline,76,1.0,82850.0,79035.0,3815.0,1066,0,83,0.020000029033147532,17.266507486402453,0.06035907738213832,0.006458847730731078,2.971176736773763
2411,demand_spike,baseline,77,1.0,83916.0,80101.0,3815.0,1094,0,56,0.019927294594021844,17.243279201997147,0.060928650912832526,0.00638380916273038,2.9711667281517604
2411,demand_spike,baseline,78,1.0,84964.0,81149.0,3815.0,1082,0,67,0.019814723991785962,17.17455227851842,0.0610980873885013,0.006355495119687215,2.971156978861229
2411,demand_spike,baseline,79,1.0,86013.0,82198.0,3815.0,1084,0,66,0.019679124992962,17.087343052985158,0.061300748984224135,0.0063232631418056965,2.97114747895185
2411,demand_spike,baseline,80,1.0,87075.0,83260.0,3815.0,1089,0,61,0.019612747195138634,17.057967868895837,0.06123044775853502,0.006320054846466869,2.9711382189759212
2411,demand_spike,baseline,81,1.0,88135.0,84320.0,3815.0,1098,0,65,0.01953371694715787,17.026186143417775,0.061657022784989635,0.006262726223283647,2.9711291899570162
2411,demand_spike,baseline,82,1.0,89219.0,85404.0,3815.0,1107,0,48,0.019437768441255252,16.985829739322085,0.06214440338152117,0.006197797262795477,2.9711203833609683
2411,demand_spike,baseline,83,1.0,90283.0,86468.0,3815.0,1098,0,64,0.019371717573045562,16.95948636999057,0.06337013992881893,0.00606668959326137,2.971111791068956
2411,demand_spike,baseline,84,1.0,91364.0,87549.0,3815.0,1102,0,46,0.019220630769841773,16.86472551576836,0.06392465618470343,0.006000703809143367,2.9711034053525367
2411,demand_spike,baseline,85,1.0,92422.0,88607.0,3815.0,1078,0,60,0.01913931075017564,16.80565968895641,0.06424836294294925,0.005966121481058643,2.9710952188504876
2411,demand_spike,baseline,86,1.0,93466.0,89651.0,3815.0,1086,0,66,0.01907019058284299,16.782946617540063,0.0641654181255598,0.005960331152538666,2.9710872245472078
2411,demand_spike,baseline,87,1.0,94534.0,90719.0,3815.0,1087,0,54,0.01899163378271859,16.73247538855635,0.06432697048224076,0.0059387463058536575,2.9710794157527083
2411,demand_spike,baseline,88,1.0,95579.0,91764.0,3815.0,1090,0,71,0.018930924666952106,16.712357035844025,0.06457648886483536,0.005904002720297332,2.971071786083915
2411,demand_spike,baseline,89,1.0,96653.0,92838.0,3815.0,1098,0,49,0.018791999190644566,16.622387416978185,0.06500426793019436,0.005853635258874239,2.9710643294472856
2411,demand_spike,baseline,90,1.0,97697.0,93882.0,3815.0,1068,0,66,0.01868557828212681,16.53851678738449,0.06542686255826531,0.005812231447767754,2.9710570400225573
2411,demand_spike,baseline,91,1.0,98724.0,94909.0,3815.0,1077,0,80,0.01861725215868454,16.501999025145373,0.06628098061187285,0.005729017528442269,2.9710499122476115
2411,demand_spike,baseline,92,1.0,99802.0,95987.0,3815.0,1094,0,51,0.01856014247344587,16.46808309710598,0.06678565706522276,0.005679971074621798,2.971042940804309
2411,demand_spike,baseline,93,1.0,100845.0,97030.0,3815.0,1093,0,75,0.018489770001667363,16.43562295613562,0.06716792721202738,0.00563735599570006,2.971036120605271
2411,demand_spike,baseline,94,1.0,101941.0,98126.0,3815.0,1111,0,42,0.01839959375438279,16.38419884706913,0.06749101256014783,0.005600542845558117,2.971029446781493
2411,demand_spike,baseline,95,1.0,103007.0,99192.0,3815.0,1095,0,57,0.01832875807252199,16.345680147323396,0.06752799436502661,0.005589078250496606,2.971022914670728
2411,demand_spike,baseline,96,1.0,104075.0,100260.0,3815.0,1097,0,56,0.018246171560960416,16.296286635900927,0.06745439168527056,0.005586860177853371,2.9710165198066742
2411,demand_spike,baseline,97,1.0,105155.0,101340.0,3815.0,1098,0,48,0.018198803485287657,16.273321780049606,0.06763189848144613,0.005565585943715681,2.9710102579087403
2411,demand_spike,baseline,98,1.0,106207.0,102392.0,3815.0,1093,0,66,0.018132898421663705,16.24101630658991,0.06757014870350908,0.005561550650791309,2.9710041248725267
2411,demand_spike,baseline,99,1.0,107292.0,103477.0,3815.0,1098,0,42,0.01805771432539966,16.19383346675226,0.0680814556381552,0.00551292266304543,2.9709981167608293
2411,demand_spike,baseline,100,1.0,108338.0,104523.0,3815.0,1083,0,69,0.017994322222531462,16.152357582538222,0.06806312278187822,0.005509170149547531,2.9709922297952334
2411,demand_spike,baseline,101,1.0,109409.0,105594.0,3815.0,1102,0,55,0.0179445144126321,16.133946645543524,0.06794428146945893,0.005509821271744498,2.9709864603481617
2411,demand_spike,baseline,102,1.0,110489.0,106674.0,3815.0,1102,0,50,0.017861588545997745,16.07931035368138,0.06800065115130088,0.0054984432345362945,2.970980804935455
2411,demand_spike,baseline,103,1.0,111555.0,107740.0,3815.0,1100,0,58,0.01776324528557311,16.020250296548056,0.06789372767688602,0.0054969821443269316,2.970975260209326
2411,demand_spike,baseline,104,1.0,112635.0,108820.0,3815.0,1101,0,52,0.01770834736854987,15.987060401279296,0.06847486976482879,0.0054447752959588544,2.970969822951759
2411,demand_spike,baseline,105,1.0,113714.0,109899.0,3815.0,1108,0,52,0.01766667395112171,15.97470738179242,0.06837318500284663,0.0054442569013347045,2.970964490068295
2411,demand_spike,baseline,106,1.0,114799.0,110984.0,3815.0,1109,0,47,0.017606075805588355,15.945044563266778,0.06837718367865443,0.005435367643718889,2.970959258582134
2411,demand_spike,baseline,107,1.0,115879.0,112064.0,3815.0,1099,0,49,0.017545216792131096,15.907396203544334,0.06859309100986481,0.005412318190123497,2.9709541256286283
2411,demand_spike,baseline,108,1.0,116942.0,113127.0,3815.0,1095,0,56,0.01747896308203992,15.872176052679425,0.06891862641116545,0.005378329065189721,2.9709490884500216
2411,demand_spike,baseline,109,1.0,118019.0,114204.0,3815.0,1098,0,51,0.01743551227006286,15.84751762674736,0.06940008084555546,0.005336039122939492,2.97094414439051
2411,demand_spike,baseline,110,1.0,119078.0,115263.0,3815.0,1095,0,59,0.0173675772957751,15.81154184347027,0.07004194822819723,0.005278530359876126,2.970939290891605
2411,demand_spike,baseline,111,1.0,120146.0,116331.0,3815.0,1091,0,54,0.01729549293400792,15.759120711345197,0.0706671279098348,0.005227456655606489,2.970934525487668
2411,demand_spike,baseline,112,1.0,121200.0,117385.0,3815.0,1087,0,65,0.017239179705459566,15.720585281063697,0.07072553309667406,0.005218903416194314,2.9709298458017916
2411,demand_spike,baseline,113,1.0,122274.0,118459.0,3815.0,1102,0,55,0.01719151059922888,15.693522341878587,0.07094436658648234,0.005197373993598261,2.9709252495417946
2411,demand_spike,baseline,114,1.0,123359.0,119544.0,3815.0,1114,0,53,0.01715508942205732,15.681215018193305,0.07087262777812384,0.0051956953226044425,2.970920734496501
2411,demand_spike,baseline,115,1.0,124455.0,120640.0,3815.0,1121,0,40,0.017084474209530597,15.649044025580091,0.07096077913931886,0.005178512316469097,2.9709162985322166
2411,demand_spike,baseline,116,1.0,125545.0,121730.0,3815.0,1101,0,46,0.017020855469863733,15.599913344318473,0.07150776416587659,0.005135895987417921,2.9709119395893
2411,demand_spike,baseline,117,1.0,126613.0,122798.0,3815.0,1104,0,54,0.01697388492229671,15.584251333945996,0.07213382855434362,0.005082380471900582,2.9709076556790555
2411,demand_spike,baseline,118,1.0,127700.0,123885.0,3815.0,1099,0,45,0.016915592310508074,15.539148408224529,0.07269876903125437,0.00504016089431223,2.970903444880645
2411,demand_spike,baseline,119,1.0,128755.0,124940.0,3815.0,1094,0,59,0.016856106822000477,15.507625886213248,0.07264990531110466,0.005036037724640446,2.970899305338257
2411,demand_spike,dual_only,0,1.0,1077.0,1077.0,0.0,1077,0,89,,,,,
2411,demand_spike,dual_only,1,1.0,2111.0,2111.0,0.0,1040,0,106,,,,,
2411,demand_spike,dual_only,2,1.0,3159.0,3159.0,0.0,1065,0,82,1.6717581294371195,0.6395474137931033,,,2.6139705882352944
2411,demand_spike,dual_only,3,1.0,4214.0,4214.0,0.0,1087,0,66,1.8374883338197274,0.6733704695073428,,,2.7287925696594426
2411,demand_spike,dual_only,4,1.0,5270.0,5270.0,0.0,1067,0,66,0.3057632669240006,0.8050358454275219,0.9848233995584992,0.1302885962454469,2.960092807424594
2411,demand_spike,dual_only,5,1.0,6287.0,6287.0,0.0,1069,0,81,0.3984231881132071,0.7853532517129058,2.21555459272097,0.0785176493595385,2.916283998587071
2411,demand_spike,dual_only,6,1.0,7358.0,7358.0,0.0,1083,0,54,0.40352753744129566,0.8680334092634776,1.8540706605222737,0.08593808842358966,2.917593384659253
2411,demand_spike,dual_only,7,1.0,8381.0,8381.0,0.0,1076,0,77,0.3502038477682984,0.710641571969697,2.498458728165316,0.06758362273807347,2.9184795601243128
2411,demand_spike,dual_only,8,1.0,9448.0,9448.0,0.0,1085,0,59,0.33363496074230203,0.7923142265771747,2.240393775801842,0.06438695960311834,2.919119160321055
2411,demand_spike,dual_only,9,1.0,10495.0,10495.0,0.0,1090,0,66,0.32599538951269885,0.7508251451117265,2.3558760610033813,0.06312428600720583,2.919602529358627
2411,demand_spike,dual_only,10,0.9703389830508474,11505.0,11435.0,70.0,962,14,56,0.06466779200813698,0.14864817701668254,2.265045120420725,0.06577662858499775,2.9199806794397034
2411,demand_spike,dual_only,11,0.8192182410423453,12741.0,12291.0,450.0,893,76,117,0.03238861560579657,1.37923368451593,0.12801408870773034,0.06281618887015178,2.9202845941629154
2411,demand_spike,dual_only,12,0.7561608300907912,14105.0,13090.0,1015.0,894,113,131,0.02353477519826478,2.7486909004227384,0.09823051667210947,0.029845264218645515,2.9205341795583775
2411,demand_spike,dual_only,13,0.7708592777085927,15651.0,14026.0,1625.0,951,122,53,0.025092358509563154,6.1204116200991585,0.0477866953566151,0.029373827392120074,2.9207428085932756
2411,demand_spike,dual_only,14,0.7877697841726619,16889.0,14844.0,2045.0,886,84,148,0.024689605992083776,9.098385488688674,0.03552401816889808,0.026152192839264347,2.920919798093102
2411,demand_spike,dual_only,15,0.851039260969977,18213.0,15693.0,2520.0,924,95,105,0.024599137613456848,10.567515385091223,0.03510234843102952,0.022702233317956094,2.9210718381816285
2411,demand_spike,dual_only,16,0.8637387387387387,19559.0,16619.0,2940.0,939,84,73,0.02498719579375269,12.834982217798906,0.030513205176377844,0.021841001758488084,2.92120385701763
2411,demand_spike,dual_only,17,0.9117971334068358,20558.0,17408.0,3150.0,880,42,163,0.02519550639017053,14.014380432534482,0.03444149084383813,0.017868503407114295,2.921319565018733
2411,demand_spike,dual_only,18,0.9423692636072573,21672.0,18322.0,3350.0,960,40,73,0.025323455524079753,14.368889310790083,0.03346841032450979,0.018024798404578168,2.921421809105775
2411,demand_spike,dual_only,19,0.9337410805300713,22714.0,19214.0,3500.0,924,30,108,0.025483015107470423,15.019827838896983,0.03224323010832833,0.01801107021876861,2.9215128100854004
2411,demand_spike,dual_only,20,0.9613478691774033,23736.0,20041.0,3695.0,925,39,151,0.025566160132097105,15.092764597067006,0.03884351157246618,0.014926511140875464,2.9215943258037154
2411,demand_spike,dual_only,21,0.9691119691119691,24792.0,21027.0,3765.0,1004,14,56,0.02586143234781013,15.320912710706613,0.039451852699365936,0.014644336666485902,2.921667765809334
2411,demand_spike,dual_only,22,0.9784037558685446,25713.0,21898.0,3815.0,938,10,151,0.026090212814770447,15.389035082305673,0.04083023184416074,0.014211622759428838,2.9217342735460434
2411,demand_spike,dual_only,23,1.0,26629.0,22814.0,3815.0,996,0,114,0.02624043515981351,15.36653595465604,0.043722461623741715,0.013367209092885314,2.9217947863190887
2411,demand_spike,dual_only,24,1.0,27636.0,23821.0,3815.0,1019,0,70,0.02628056464817553,15.283549729473147,0.045614151696158046,0.012901877870556218,2.9218500797448166
2411,demand_spike,dual_only,25,1.0,28545.0,24730.0,3815.0,990,0,156,0.026327798768871914,15.271801076355738,0.04843107700365794,0.012182451664033011,2.9219008011742416
2411,demand_spike,dual_only,26,1.0,29570.0,25755.0,3815.0,1085,0,89,0.02626192842337984,15.457653453806156,0.04809663644183752,0.01208915464662059,2.9219474951547566
2411,demand_spike,dual_only,27,1.0,30630.0,26815.0,3815.0,1086,0,85,0.026168740081581945,15.54922880604822,0.04811999116375573,0.011969323433230235,2.921990623058239
2411,demand_spike,dual_only,28,1.0,31667.0,27852.0,3815.0,1122,0,105,0.026012150646131927,15.962267440593374,0.04966055822319878,0.011230143974190435,2.922030578377497
2411,demand_spike,dual_only,29,1.0,32839.0,29024.0,3815.0,1177,0,24,0.02583907973268225,16.318823568098654,0.050864690932429076,0.010653235106084232,2.9220676987667296
2411,demand_spike,dual_only,30,1.0,33984.0,30169.0,3815.0,1156,0,31,0.02569089274834912,16.64475239798516,0.051386312362135554,0.010279192328543114,2.9221022756069135
2411,demand_spike,dual_only,31,1.0,35115.0,31300.0,3815.0,1147,0,31,0.025545846462019815,16.973332755871727,0.05131231157371059,0.010037634588656877,2.922134561670015
2411,demand_spike,dual_only,32,1.0,36234.0,32419.0,3815.0,1119,0,24,0.025298242422157793,17.141025006954962,0.05294366121526133,0.00953970376861054,2.9221647773087325
2411,demand_spike,dual_only,33,1.0,37304.0,33489.0,3815.0,1085,0,48,0.025186011154289485,17.31722972589,0.05321187978893273,0.009353269727090772,2.92219311549244
2411,demand_spike,dual_only,34,1.0,38337.0,34522.0,3815.0,1066,0,57,0.0248795601011575,17.391481146037492,0.05230961022328408,0.009358619107290985,2.922219745932694
2411,demand_spike,dual_only,35,1.0,39345.0,35530.0,3815.0,1031,0,76,0.024653094940147207,17.351862455431835,0.05266715302263421,0.009231428530454097,2.9222448184847045
2411,demand_spike,dual_only,36,1.0,40325.0,36510.0,3815.0,1053,0,103,0.0245302723614782,17.484059294088457,0.05431970562724871,0.008838581690087876,2.9222684659688074
2411,demand_spike,dual_only,37,1.0,41397.0,37582.0,3815.0,1093,0,54,0.024378731165952912,17.568641090744666,0.054298325022944176,0.008745065424288838,2.9222908065241366
2411,demand_spike,dual_only,38,1.0,42432.0,38617.0,3815.0,1090,0,86,0.024249719852194568,17.666423265604546,0.05405445750539596,0.008689604451123977,2.9223119455825612
2411,demand_spike,dual_only,39,1.0,43533.0,39718.0,3815.0,1125,0,45,0.024126565664114974,17.804399648326356,0.05419685803017511,0.008555876589395862,2.9223319775324423
2411,demand_spike,dual_only,40,1.0,44626.0,40811.0,3815.0,1110,0,50,0.02402143191097857,17.88373243248288,0.05475207122740308,0.00839475063942443,2.922350987127705
2411,demand_spike,dual_only,41,1.0,45711.0,41896.0,3815.0,1117,0,54,0.023920226124915282,18.007864568221216,0.05456485468664123,0.008330191823683282,2.9223690506864934
2411,demand_spike,dual_only,42,1.0,46827.0,43012.0,3815.0,1125,0,31,0.02383121195582951,18.128692731508732,0.055249897523142445,0.008141614791324097,2.9223862371152522
2411,demand_spike,dual_only,43,1.0,47911.0,44096.0,3815.0,1110,0,51,0.023744563135334948,18.226932748467544,0.05483996240600399,0.008128555908168225,2.9224026087871264
2411,demand_spike,dual_only,44,1.0,49009.0,45194.0,3815.0,1119,0,35,0.023626794856957272,18.345038089232272,0.05449781239406913,0.008086577553372276,2.922418222298339
2411,demand_spike,dual_only,45,1.0,50079.0,46264.0,3815.0,1083,0,47,0.023444565818947497,18.312823474098405,0.055123568091159404,0.007947032360728579,2.9224331291218895
2411,demand_spike,dual_only,46,1.0,51107.0,47292.0,3815.0,1069,0,73,0.02331604204464863,18.325238090562777,0.05474315292991304,0.007952958152175388,2.9224473761744187
2411,demand_spike,dual_only,47,1.0,52169.0,48354.0,3815.0,1084,0,54,0.02321687129922349,18.35798109777116,0.05461993326946581,0.007922803507183555,2.9224610063094505
2411,demand_spike,dual_only,48,1.0,53206.0,49391.0,3815.0,1079,0,72,0.02308675416273473,18.367806170493292,0.05450270371783602,0.007891087860834489,2.9224740587479228
2411,demand_spike,dual_only,49,1.0,54265.0,50450.0,3815.0,1095,0,68,0.022993016759704537,18.403266009275182,0.05501270822674506,0.007771153774648936,2.9224865694551028
2411,demand_spike,dual_only,50,1.0,55343.0,51528.0,3815.0,1114,0,56,0.022878959430767575,18.44842458691388,0.056274261475794146,0.007540720976371035,2.9224985714715332
2411,demand_spike,dual_only,51,1.0,56439.0,52624.0,3815.0,1112,0,45,0.02276668136214591,18.45430350928795,0.05680490026882476,0.007431222222676701,2.9225100952044065
2411,demand_spike,dual_only,52,1.0,57507.0,53692.0,3815.0,1096,0,54,0.022572905188020697,18.399140141801173,0.05684146042809188,0.00738528121286948,2.922521168684794
2411,demand_spike,dual_only,53,1.0,58577.0,54762.0,3815.0,1089,0,57,0.02250636876179618,18.40628272186995,0.05699022660177541,0.007341413904492199,2.92253181779529
2411,demand_spike,dual_only,54,1.0,59634.0,55819.0,3815.0,1094,0,56,0.02237550520736084,18.418029153000532,0.056583283264288374,0.0073465050054807935,2.922542066471978
2411,demand_spike,dual_only,55,1.0,60693.0,56878.0,3815.0,1077,0,57,0.02220411781358902,18.328425079348655,0.056810117384521255,0.007296598506552843,2.922551936884059
2411,demand_spike,dual_only,56,1.0,61718.0,57903.0,3815.0,1074,0,80,0.02207413747044296,18.292141864867002,0.05675505833210905,0.007275300835564734,2.922561449593909
2411,demand_spike,dual_only,57,1.0,62790.0,58975.0,3815.0,1095,0,52,0.021982399639660918,18.29390489549685,0.05665621203952474,0.0072569834497817455,2.9225706237000737
2411,demand_spike,dual_only,58,1.0,63839.0,60024.0,3815.0,1084,0,66,0.021845343090545928,18.2453716632845,0.056545484523883034,0.007245058480709263,2.9225794769652627
2411,demand_spike,dual_only,59,1.0,64891.0,61076.0,3815.0,1087,0,68,0.021737111255474173,18.21584574762708,0.056399448159106115,0.007239524345583849,2.922588025931103
2411,demand_spike,dual_only,60,1.0,65953.0,62138.0,3815.0,1089,0,56,0.021566014405595968,18.137898929559732,0.057027756122987626,0.007133912884818554,2.922596286021344
2411,demand_spike,dual_only,61,1.0,66990.0,63175.0,3815.0,1069,0,71,0.02140851538014223,18.04502257563442,0.056904812515785094,0.007133622279201535,2.922604271634674
2411,demand_spike,dual_only,62,1.0,68029.0,64214.0,3815.0,1076,0,72,0.021314383271685937,18.011178374777167,0.0570758943554765,0.007094254357421893,2.9226119962285133
2411,demand_spike,dual_only,63,1.0,69077.0,65262.0,3815.0,1080,0,62,0.02116885088589851,17.94553770597855,0.056858216056968676,0.007098642502456714,2.9226194723946812
2411,demand_spike,dual_only,64,1.0,70126.0,66311.0,3815.0,1083,0,74,0.021110617272419464,17.927340032757225,0.05683518572832324,0.007089154533316978,2.922626711927896
2411,demand_spike,dual_only,65,1.0,71183.0,67368.0,3815.0,1102,0,57,0.02090044891751687,17.85249459371445,0.0565826583118298,0.007079440978355033,2.9226337258878594
2411,demand_spike,dual_only,66,1.0,72254.0,68439.0,3815.0,1079,0,62,0.020833062748548008,17.802994918088487,0.05751586429805324,0.006961406619462168,2.922640524655636
2411,demand_spike,dual_only,67,1.0,73300.0,69485.0,3815.0,1106,0,71,0.020744372389460822,17.82861547766584,0.05814962943056401,0.006846353960181083,2.9226471179849374
2411,demand_spike,dual_only,68,1.0,74415.0,70600.0,3815.0,1115,0,37,0.02065840778873773,17.787799759200514,0.05952498677299842,0.006675717873051089,2.9226535150487685
2411,demand_spike,dual_only,69,1.0,75467.0,71652.0,3815.0,1095,0,63,0.020505771832495946,17.726244509194245,0.05938429699277747,0.00666514360138787,2.9226597244820494
2411,demand_spike,dual_only,70,1.0,76551.0,72736.0,3815.0,1097,0,48,0.020418063472980266,17.68398267915261,0.059814136890212775,0.006604675389760822,2.922665754420476
2411,demand_spike,dual_only,71,1.0,77597.0,73782.0,3815.0,1081,0,60,0.02026487208081611,17.604217760859097,0.05979721052547176,0.006586674289512137,2.9226716125360905
2411,demand_spike,dual_only,72,1.0,78640.0,74825.0,3815.0,1070,0,72,0.020162532859658387,17.528398168538914,0.05984043169203111,0.006576991384755542,2.9226773060698634
2411,demand_spike,dual_only,73,1.0,79697.0,75882.0,3815.0,1104,0,68,0.020109224854548125,17.54229944167878,0.05992619541421452,0.006545011502678178,2.9226828418615143
2411,demand_spike,dual_only,74,1.0,80791.0,76976.0,3815.0,1112,0,38,0.019944983344479045,17.459358471895932,0.060135627080952755,0.006499666328010478,2.922688226376959
2411,demand_spike,dual_only,75,1.0,81829.0,78014.0,3815.0,1063,0,67,0.019731981185789896,17.290042459457467,0.06015520576210478,0.006491097726006319,2.9226934657334835
2411,demand_spike,dual_only,76,1.0,82850.0,79035.0,3815.0,1066,0,83,0.019673705520819856,17.266507486402453,0.06035907738213832,0.006458847730731078,2.922698565722943
2411,demand_spike,dual_only,77,1.0,83916.0,80101.0,3815.0,1094,0,56,0.01960225716651584,17.243279201997147,0.060928650912832526,0.00638380916273038,2.922703531833099
2411,demand_spike,dual_only,78,1.0,84964.0,81149.0,3815.0,1082,0,67,0.01949161894088527,17.17455227851842,0.0610980873885013,0.006355495119687215,2.9227083692673306
2411,demand_spike,dual_only,79,1.0,86013.0,82198.0,3815.0,1084,0,66,0.01935832417799777,17.087343052985158,0.061300748984224135,0.0063232631418056965,2.922713082962823
2411,demand_spike,dual_only,80,1.0,87075.0,83260.0,3815.0,1089,0,61,0.019293118902234604,17.057967868895837,0.06123044775853502,0.006320054846466869,2.9227176776073676
2411,demand_spike,dual_only,81,1.0,88135.0,84320.0,3815.0,1098,0,65,0.01921546445566831,17.026186143417775,0.061657022784989635,0.006262726223283647,2.922722157654915
2411,demand_spike,dual_only,82,1.0,89219.0,85404.0,3815.0,1107,0,48,0.019121164451533584,16.985829739322085,0.06214440338152117,0.006197797262795477,2.922726527339978
2411,demand_spike,dual_only,83,1.0,90283.0,86468.0,3815.0,1098,0,64,0.019056272331960784,16.95948636999057,0.06337013992881893,0.00606668959326137,2.9227307906909794
2411,demand_spike,dual_only,84,1.0,91364.0,87549.0,3815.0,1102,0,46,0.018907726079310475,16.86472551576836,0.06392465618470343,0.006000703809143367,2.922734951542632
2411,demand_spike,dual_only,85,1.0,92422.0,88607.0,3815.0,1078,0,60,0.0188278079635528,16.80565968895641,0.06424836294294925,0.005966121481058643,2.922739013547471
2411,demand_spike,dual_only,86,1.0,93466.0,89651.0,3815.0,1086,0,66,0.018759888702129038,16.782946617540063,0.0641654181255598,0.005960331152538666,2.9227429801865017
2411,demand_spike,dual_only,87,1.0,94534.0,90719.0,3815.0,1087,0,54,0.018682684014185595,16.73247538855635,0.06432697048224076,0.0059387463058536575,2.922746854779192
2411,demand_spike,dual_only,88,1.0,95579.0,91764.0,3815.0,1090,0,71,0.018623034439831865,16.712357035844025,0.06457648886483536,0.005904002720297332,2.9227506404927106
2411,demand_spike,dual_only,89,1.0,96653.0,92838.0,3815.0,1098,0,49,0.01848643822819506,16.622387416978185,0.06500426793019436,0.005853635258874239,2.9227543403505813
2411,demand_spike,dual_only,90,1.0,97697.0,93882.0,3815.0,1068,0,66,0.018381815587531027,16.53851678738449,0.06542686255826531,0.005812231447767754,2.922757957240716
2411,demand_spike,dual_only,91,1.0,98724.0,94909.0,3815.0,1077,0,80,0.018314666309625444,16.501999025145373,0.06628098061187285,0.005729017528442269,2.922761493922943
2411,demand_spike,dual_only,92,1.0,99802.0,95987.0,3815.0,1094,0,51,0.018258549279014307,16.46808309710598,0.06678565706522276,0.005679971074621798,2.922764953036031
2411,demand_spike,dual_only,93,1.0,100845.0,97030.0,3815.0,1093,0,75,0.01818938314025071,16.43562295613562,0.06716792721202738,0.00563735599570006,2.922768337104251
2411,demand_spike,dual_only,94,1.0,101941.0,98126.0,3815.0,1111,0,42,0.018100733073610598,16.38419884706913,0.06749101256014783,0.005600542845558117,2.922771648543537
2411,demand_spike,dual_only,95,1.0,103007.0,99192.0,3815.0,1095,0,57,0.018031107598875353,16.345680147323396,0.06752799436502661,0.005589078250496606,2.9227748896671946
2411,demand_spike,dual_only,96,1.0,104075.0,100260.0,3815.0,1097,0,56,0.01794992037605634,16.296286635900927,0.06745439168527056,0.005586860177853371,2.922778062691346
2411,demand_spike,dual_only,97,1.0,105155.0,101340.0,3815.0,1098,0,48,0.017903378151254496,16.273321780049606,0.06763189848144613,0.005565585943715681,2.922781169739938
2411,demand_spike,dual_only,98,1.0,106207.0,102392.0,3815.0,1093,0,66,0.01783859833662011,16.24101630658991,0.06757014870350908,0.005561550650791309,2.9227842128495136
2411,demand_spike,dual_only,99,1.0,107292.0,103477.0,3815.0,1098,0,42,0.017764688535129487,16.19383346675226,0.0680814556381552,0.00551292266304543,2.9227871939736354
2411,demand_spike,dual_only,100,1.0,108338.0,104523.0,3815.0,1083,0,69,0.017702377875802307,16.152357582538222,0.06806312278187822,0.005509170149547531,2.922790114987102
2411,demand_spike,dual_only,101,1.0,109409.0,105594.0,3815.0,1102,0,55,0.017653429732274524,16.133946645543524,0.06794428146945893,0.005509821271744498,2.922792977689843
2411,demand_spike,dual_only,102,1.0,110489.0,106674.0,3815.0,1102,0,50,0.017571899356494492,16.07931035368138,0.06800065115130088,0.0054984432345362945,2.9227957838106504
2411,demand_spike,dual_only,103,1.0,111555.0,107740.0,3815.0,1100,0,58,0.017475200144901153,16.020250296548056,0.06789372767688602,0.0054969821443269316,2.9227985350106405
2411,demand_spike,dual_only,104,1.0,112635.0,108820.0,3815.0,1101,0,52,0.017421240404844374,15.987060401279296,0.06847486976482879,0.0054447752959588544,2.9228012328865316
2411,demand_spike,dual_only,105,1.0,113714.0,109899.0,3815.0,1108,0,52,0.017380289574486302,15.97470738179242,0.06837318500284663,0.0054442569013347045,2.9228038789737485
2411,demand_spike,dual_only,106,1.0,114799.0,110984.0,3815.0,1109,0,47,0.017320719633179833,15.945044563266778,0.06837718367865443,0.005435367643718889,2.9228064747493185
2411,demand_spike,dual_only,107,1.0,115879.0,112064.0,3815.0,1099,0,49,0.01726089187450034,15.907396203544334,0.06859309100986481,0.005412318190123497,2.9228090216346465
2411,demand_spike,dual_only,108,1.0,116942.0,113127.0,3815.0,1095,0,56,0.01719575568288835,15.872176052679425,0.06891862641116545,0.005378329065189721,2.9228115209980823
2411,demand_spike,dual_only,109,1.0,118019.0,114204.0,3815.0,1098,0,51,0.017153051835643585,15.84751762674736,0.06940008084555546,0.005336039122939492,2.92281397415738
2411,demand_spike,dual_only,110,1.0,119078.0,115263.0,3815.0,1095,0,59,0.017086259419034952,15.81154184347027,0.07004194822819723,0.005278530359876126,2.922816382382033
2411,demand_spike,dual_only,111,1.0,120146.0,116331.0,3815.0,1091,0,54,0.017015383728800935,15.759120711345197,0.0706671279098348,0.005227456655606489,2.9228187468954303
2411,demand_spike,dual_only,112,1.0,121200.0,117385.0,3815.0,1087,0,65,0.016960022709548418,15.720585281063697,0.07072553309667406,0.005218903416194314,2.9228210688769742
2411,demand_spike,dual_only,113,1.0,122274.0,118459.0,3815.0,1102,0,55,0.016913164880110555,15.693522341878587,0.07094436658648234,0.005197373993598261,2.9228233494639975
2411,demand_spike,dual_only,114,1.0,123359.0,119544.0,3815.0,1114,0,53,0.016877371979363454,15.681215018193305,0.07087262777812384,0.0051956953226044425,2.9228255897536406
2411,demand_spike,dual_only,115,1.0,124455.0,120640.0,3815.0,1121,0,40,0.01680793768426644,15.649044025580091,0.07096077913931886,0.005178512316469097,2.9228277908046314
2411,demand_spike,dual_only,116,1.0,125545.0,121730.0,3815.0,1101,0,46,0.016745385664562486,15.599913344318473,0.07150776416587659,0.005135895987417921,2.9228299536388977
2411,demand_spike,dual_only,117,1.0,126613.0,122798.0,3815.0,1104,0,54,0.016699211523938096,15.584251333945996,0.07213382855434362,0.005082380471900582,2.922832079243218
2411,demand_spike,dual_only,118,1.0,127700.0,123885.0,3815.0,1099,0,45,0.016641897693430614,15.539148408224529,0.07269876903125437,0.00504016089431223,2.922834168570669
2411,demand_spike,dual_only,119,1.0,128755.0,124940.0,3815.0,1094,0,59,0.016583409441664768,15.507625886213248,0.07264990531110466,0.005036037724640446,2.922836222542086
2411,demand_spike,safety_only,0,1.0,1419.0,1419.0,0.0,1419,0,89,,,,,
2411,demand_spike,safety_only,1,1.0,2795.0,2795.0,0.0,1382,0,105,,,,,
2411,demand_spike,safety_only,2,1.0,4185.0,4185.0,0.0,1407,0,83,1.6852779736625254,0.6395474137931033,,,2.6351102941176476
2411,demand_spike,safety_only,3,1.0,5581.0,5581.0,0.0,1428,0,67,1.8908576341893497,0.6733704695073428,,,2.808049535603715
2411,demand_spike,safety_only,4,1.0,6980.0,6980.0,0.0,1410,0,65,0.31343251331181055,0.8050358454275219,0.9848233995584992,0.1302885962454469,3.0343387470997674
2411,demand_spike,safety_only,5,1.0,8339.0,8339.0,0.0,1411,0,81,0.40768884365072355,0.7853532517129058,2.21555459272097,0.0785176493595385,2.9841045566937474
2411,demand_spike,safety_only,6,1.0,9752.0,9752.0,0.0,1425,0,54,0.4123616039372739,0.8680334092634776,1.8540706605222737,0.08593808842358966,2.981465640148274
2411,demand_spike,safety_only,7,1.0,11117.0,11117.0,0.0,1418,0,77,0.3575475719678957,0.710641571969697,2.498458728165316,0.06758362273807347,2.9796796557494623
2411,demand_spike,safety_only,8,1.0,12526.0,12526.0,0.0,1427,0,59,0.34040927466600357,0.7923142265771747,2.240393775801842,0.06438695960311834,2.9783906153529545
2411,demand_spike,safety_only,9,1.0,13915.0,13915.0,0.0,1432,0,66,0.33245074376047506,0.7508251451117265,2.3558760610033813,0.06312428600720583,2.977416440831075
2411,demand_spike,safety_only,10,1.0,15183.0,15183.0,0.0,1290,0,56,0.06592292339250311,0.14864817701668254,2.265045120420725,0.06577662858499775,2.976654322975366
2411,demand_spike,safety_only,11,0.9104234527687296,16567.0,16292.0,275.0,1146,55,150,0.03306992617618149,1.347289970442635,0.13129903538851032,0.06281618887015178,2.976041817917816
2411,demand_spike,safety_only,12,0.8715953307392996,17872.0,17292.0,580.0,1120,61,183,0.025653653596607373,2.7695495924999474,0.1964528487229862,0.01584587152293376,2.975538807351582
2411,demand_spike,safety_only,13,0.8916562889165629,19387.0,18482.0,905.0,1218,65,69,0.02534989690308051,6.078728935136795,0.08619859367055822,0.0527199074074074,0.9176743663659166
2411,demand_spike,safety_only,14,0.9040767386091128,20704.0,19509.0,1195.0,1113,58,222,0.025856849200624026,9.531970410440413,0.06350126353902003,0.046446927052590646,0.9197156233743715
2411,demand_spike,safety_only,15,0.9757505773672055,21905.0,20605.0,1300.0,1209,21,148,0.025768417975817016,11.004092068734758,0.06930870152828592,0.03666581786011493,0.9214767918860428
2411,demand_spike,safety_only,16,0.9819819819819819,23182.0,21852.0,1330.0,1257,6,83,0.025525889822088917,12.537326962827892,0.06408837122987296,0.03624101662143432,0.8765896368594805
2411,demand_spike,safety_only,17,1.0,24260.0,22930.0,1330.0,1189,0,227,0.025672003686630872,13.033333428146397,0.07450757051346996,0.030139910145471883,0.877125838880953
2411,demand_spike,safety_only,18,1.0,25544.0,24214.0,1330.0,1357,0,102,0.025999650304574556,13.093523676853673,0.07600836660324944,0.02976821706332573,0.8776002641538186
2411,demand_spike,safety_only,19,1.0,26836.0,25506.0,1330.0,1317,0,123,0.025927511268451758,13.017620353033907,0.07673207628260652,0.02953232660162338,0.8789306664102321
2411,demand_spike,safety_only,20,1.0,28022.0,26692.0,1330.0,1306,0,226,0.02601991415067071,12.984484464156301,0.09690564143181439,0.02352083872029337,0.8791830035561227
2411,demand_spike,safety_only,21,1.0,29446.0,28116.0,1330.0,1476,0,81,0.025269378470629378,13.214379853425903,0.09477420746746557,0.03162559224790985,0.6379974527901382
2411,demand_spike,safety_only,22,1.0,30868.0,29538.0,1330.0,1477,0,106,0.025260762320305257,13.443613712604648,0.09258060456461464,0.03183903733596631,0.637456401658608
2411,demand_spike,safety_only,23,1.0,32387.0,31057.0,1330.0,1546,0,28,0.02513907289732959,13.78667925522998,0.09027623824273973,0.031710321654937354,0.6369648749410771
2411,demand_spike,safety_only,24,1.0,33904.0,32574.0,1330.0,1523,0,24,0.024709329360682944,13.994288575739374,0.09272557655911652,0.030311375755291158,0.6282101403362137
2411,demand_spike,safety_only,25,1.0,35403.0,34073.0,1330.0,1499,0,24,0.02468272201432311,14.19691027224066,0.09487791048096664,0.029202542404197927,0.6274995804448577
2411,demand_spike,safety_only,26,1.0,36872.0,35542.0,1330.0,1469,0,22,0.024635885734192994,14.34642735831586,0.09693068722946328,0.02826192242853994,0.6268468178384339
2411,demand_spike,safety_only,27,1.0,38293.0,36963.0,1330.0,1421,0,41,0.0245781701195667,14.386321794253405,0.09920631848311444,0.027498950407949866,0.6262450762218703
2411,demand_spike,safety_only,28,1.0,39659.0,38329.0,1330.0,1404,0,67,0.024533572068306208,14.50114418138363,0.0976507145941778,0.027690120645974932,0.6256885987516465
2411,demand_spike,safety_only,29,1.0,41039.0,39709.0,1330.0,1401,0,60,0.024469086651449538,14.52645745711107,0.09746466381175826,0.027644644706898824,0.6251724632722218
2411,demand_spike,safety_only,30,1.0,42391.0,41061.0,1330.0,1409,0,84,0.02441119983126091,14.601381855692205,0.0967009122497303,0.027675683054479528,0.6246924363303259
2411,demand_spike,safety_only,31,1.0,43801.0,42471.0,1330.0,1444,0,58,0.024348859593136898,14.67834670056232,0.09559931349814618,0.027796603834701682,0.6242448567929441
2411,demand_spike,safety_only,32,1.0,45216.0,43886.0,1330.0,1440,0,52,0.024174377474248953,14.666331025316063,0.09504298064798589,0.027800327967556566,0.6238265422942529
2411,demand_spike,safety_only,33,1.0,46619.0,45289.0,1330.0,1434,0,64,0.024124344065989765,14.70126152419221,0.09437836044028979,0.02788929277499248,0.6234347134525476
2411,demand_spike,safety_only,34,1.0,48031.0,46701.0,1330.0,1432,0,43,0.023882827236502317,14.650630989183037,0.09430346444090841,0.0277438710284309,0.6230669320401051
2411,demand_spike,safety_only,35,1.0,49390.0,48060.0,1330.0,1384,0,77,0.02371322204421047,14.54678663958073,0.09442117960776084,0.027724296223362803,0.622721050198091
2411,demand_spike,safety_only,36,1.0,50742.0,49412.0,1330.0,1407,0,85,0.0236352328694208,14.560837711202142,0.09463667926823223,0.02755800779905234,0.6223951684611795
2411,demand_spike,safety_only,37,1.0,52152.0,50822.0,1330.0,1430,0,52,0.023525245643593817,14.548305192189668,0.0947642110600428,0.027430003766432814,0.6220876008590668
2411,demand_spike,safety_only,38,1.0,53524.0,52194.0,1330.0,1425,0,84,0.023435457546040334,14.547389907558788,0.09483542051711627,0.02731928122886865,0.6217968457409182
2411,demand_spike,safety_only,39,1.0,54960.0,53630.0,1330.0,1458,0,43,0.023351884176612655,14.577818916933564,0.09513147093165762,0.02709249272603696,0.6215215612569772
2411,demand_spike,safety_only,40,1.0,56381.0,55051.0,1330.0,1441,0,53,0.02327907675352664,14.57260773810635,0.09594211443096187,0.026800655657527678,0.6212605446525101
2411,demand_spike,safety_only,41,1.0,57796.0,56466.0,1330.0,1451,0,58,0.023210519100288735,14.60105902192912,0.09592652629357779,0.026684636236427202,0.6210127146999775
2411,demand_spike,safety_only,42,1.0,59250.0,57920.0,1330.0,1463,0,31,0.02315221001779874,14.63113258518221,0.09688490586661533,0.026310112216185726,0.620777096728211
2411,demand_spike,safety_only,43,1.0,60669.0,59339.0,1330.0,1448,0,54,0.023093164558084345,14.647973991682267,0.09643827840940708,0.02634375597656021,0.620552809811459
2411,demand_spike,safety_only,44,1.0,62110.0,60780.0,1330.0,1460,0,33,0.02300430694956815,14.679385989807114,0.0962299388048271,0.02625197181282621,0.6203390557633047
2411,demand_spike,safety_only,45,1.0,63519.0,62189.0,1330.0,1422,0,47,0.022847051459678344,14.603254541495874,0.09713972571579618,0.025971516647300037,0.6201351096455991
2411,demand_spike,safety_only,46,1.0,64887.0,63557.0,1330.0,1408,0,72,0.02274075237370158,14.564601087852962,0.09681186596042705,0.02601523581554889,0.6199403115545633
2411,demand_spike,safety_only,47,1.0,66287.0,64957.0,1330.0,1422,0,54,0.02266295418501169,14.545974563407661,0.09678107965127646,0.025975496308031754,0.6197540594879469
2411,demand_spike,safety_only,48,1.0,67662.0,66332.0,1330.0,1417,0,72,0.02255409391307959,14.51062392140458,0.09673939008392239,0.025932327910580897,0.6195758031308212
2411,demand_spike,safety_only,49,1.0,69060.0,67730.0,1330.0,1433,0,67,0.022479232933454496,14.50032595910163,0.09736228681279042,0.025706220171303185,0.6194050384248686
2411,demand_spike,safety_only,50,1.0,70475.0,69145.0,1330.0,1451,0,56,0.022385309863426787,14.49263448400269,0.09900502365266808,0.025194086944039427,0.6192413028082948
2411,demand_spike,safety_only,51,1.0,71907.0,70577.0,1330.0,1449,0,46,0.0222903677666803,14.458952252304783,0.0997588933202758,0.024961983269738496,0.6190841710317043
2411,demand_spike,safety_only,52,1.0,73313.0,71983.0,1330.0,1434,0,54,0.02211526794092234,14.378439851829503,0.09990048456521201,0.024875340284781066,0.6189332514702252
2411,demand_spike,safety_only,53,1.0,74721.0,73391.0,1330.0,1427,0,57,0.02206529071565816,14.355250091438258,0.10019439835444341,0.024792107005174147,0.6187881828645634
2411,demand_spike,safety_only,54,1.0,76116.0,74786.0,1330.0,1432,0,56,0.021951497293341296,14.32881598686134,0.09974987157545434,0.024825467822169288,0.6186486314338818
2411,demand_spike,safety_only,55,1.0,77513.0,76183.0,1330.0,1415,0,57,0.021793932353853563,14.231462010456402,0.10013702688951613,0.024725304634313775,0.618514288311939
2411,demand_spike,safety_only,56,1.0,78876.0,77546.0,1330.0,1412,0,80,0.021680592527197787,14.175969971498303,0.10015748895260682,0.024693126518226784,0.6183848672650293
2411,demand_spike,safety_only,57,1.0,80286.0,78956.0,1330.0,1433,0,52,0.02160286086272468,14.150412315865584,0.10010353372099798,0.024667295908955188,0.6182601026562436
2411,demand_spike,safety_only,58,1.0,81673.0,80343.0,1330.0,1422,0,66,0.02147867641895364,14.086406602382485,0.10004468593055924,0.02465622585154988,0.6181397476255819
2411,demand_spike,safety_only,59,1.0,83063.0,81733.0,1330.0,1425,0,68,0.021382996461077938,14.040197772068673,0.09993013440328209,0.024660042858865413,0.6180235724596683
2411,demand_spike,safety_only,60,1.0,84463.0,83133.0,1330.0,1427,0,56,0.021224085755111147,13.95504861997161,0.10080141816852577,0.024417703384240055,0.617911363128434
2411,demand_spike,safety_only,61,1.0,85838.0,84508.0,1330.0,1407,0,71,0.021077487593120236,13.86330474204972,0.10072266882605084,0.024432892889079044,0.6178029199691343
2411,demand_spike,safety_only,62,1.0,87215.0,85885.0,1330.0,1414,0,72,0.020993802171314108,13.816510472408611,0.10101832296349246,0.024350974204664425,0.6176980565006963
2411,demand_spike,safety_only,63,1.0,88601.0,87271.0,1330.0,1418,0,62,0.020860276867063033,13.745669408536955,0.10080347741019388,0.024376635539106052,0.6175965983535636
2411,demand_spike,safety_only,64,1.0,89988.0,88658.0,1330.0,1421,0,74,0.020810575459528535,13.714052219536136,0.10084924335604141,0.024367435346480514,0.6174983823021423
2411,demand_spike,safety_only,65,1.0,91383.0,90053.0,1330.0,1440,0,57,0.020612576215937976,13.634155524177858,0.1005329331404525,0.024357166342877584,0.6174032553885351
2411,demand_spike,safety_only,66,1.0,92792.0,91462.0,1330.0,1417,0,62,0.02055142832023534,13.585932125104742,0.10178158139275881,0.024075721330712254,0.6173110741276806
2411,demand_spike,safety_only,67,1.0,94176.0,92846.0,1330.0,1444,0,71,0.020472436968065284,13.584336142027835,0.10259956366693015,0.023798216997710446,0.6172217037852095
2411,demand_spike,safety_only,68,1.0,95629.0,94299.0,1330.0,1453,0,37,0.020395263278047134,13.538399522907383,0.10443268563678422,0.023374662723605045,0.6171350177203614
2411,demand_spike,safety_only,69,1.0,97019.0,95689.0,1330.0,1433,0,63,0.020253008685390764,13.473589121274916,0.10428743101839617,0.023358948675968282,0.6170508967872447
2411,demand_spike,safety_only,70,1.0,98441.0,97111.0,1330.0,1435,0,48,0.020172219868325538,13.426211784290512,0.10490308951231764,0.023213916428960864,0.6169692287884645
2411,demand_spike,safety_only,71,1.0,99825.0,98495.0,1330.0,1419,0,60,0.020028384687089916,13.349603263407683,0.10492875950537846,0.023177968122860472,0.6168899079758625
2411,demand_spike,safety_only,72,1.0,101206.0,99876.0,1330.0,1408,0,72,0.01993212407440981,13.280726976418979,0.1050460296918356,0.02316320703183195,0.6168128345936992
2411,demand_spike,safety_only,73,1.0,102601.0,101271.0,1330.0,1442,0,68,0.01988802530719439,13.27678317539441,0.10518975665818267,0.023090040934627583,0.616737914460112
2411,demand_spike,safety_only,74,1.0,104033.0,102703.0,1330.0,1450,0,38,0.01973279310850664,13.1992183188478,0.10549115748735147,0.022981319015107415,0.616665058583181
2411,demand_spike,safety_only,75,1.0,105409.0,104079.0,1330.0,1401,0,67,0.01952847467912825,13.062060526921904,0.10556710677961015,0.022968286073873637,0.6165941828082907
2411,demand_spike,safety_only,76,1.0,106768.0,105438.0,1330.0,1404,0,83,0.019476524508621956,13.034938025640251,0.10586526955273383,0.022892759476417925,0.6165252074938662
2411,demand_spike,safety_only,77,1.0,108172.0,106842.0,1330.0,1432,0,56,0.01941099861573363,13.004623778963225,0.10664759029947422,0.022703640726388006,0.6164580572128382
2411,demand_spike,safety_only,78,1.0,109558.0,108228.0,1330.0,1420,0,67,0.019305987767218657,12.941078517744886,0.10691610226054159,0.022637109827814327,0.6163926604775064
2411,demand_spike,safety_only,79,1.0,110945.0,109615.0,1330.0,1422,0,66,0.0191787499645207,12.863678197906033,0.10722834146978986,0.022559682027258984,0.6163289494856729
2411,demand_spike,safety_only,80,1.0,112345.0,111015.0,1330.0,1427,0,61,0.019118210382672706,12.831396454498849,0.10717213599963742,0.02255914378381342,0.6162668598861607
2411,demand_spike,safety_only,81,1.0,113743.0,112413.0,1330.0,1436,0,65,0.019045705478629462,12.795995558023948,0.10776591966584721,0.022413794628209888,0.6162063305620069
2411,demand_spike,safety_only,82,1.0,115165.0,113835.0,1330.0,1445,0,48,0.018956777876920385,12.755242949833022,0.10842290126766865,0.02224693622608495,0.6161473034298001
2411,demand_spike,safety_only,83,1.0,116567.0,115237.0,1330.0,1436,0,64,0.018897012591491517,12.725878759278105,0.11006141477208184,0.021899102454656143,0.6160897232537744
2411,demand_spike,safety_only,84,1.0,117986.0,116656.0,1330.0,1440,0,46,0.018753620795416166,12.644010648535568,0.11082049650528493,0.021725802610713735,0.6160335374734068
2411,demand_spike,safety_only,85,1.0,119382.0,118052.0,1330.0,1416,0,60,0.01867925119648072,12.592747259599303,0.11129203842571683,0.021637604897928715,0.615978696043395
2411,demand_spike,safety_only,86,1.0,120764.0,119434.0,1330.0,1424,0,66,0.01861601311896144,12.565850922700264,0.11121081072524705,0.02162817264517746,0.6159251512849773
2411,demand_spike,safety_only,87,1.0,122170.0,120840.0,1330.0,1425,0,54,0.01854284768995391,12.519738452314927,0.11146486110076863,0.02157506590604061,0.6158728577476866
2411,demand_spike,safety_only,88,1.0,123553.0,122223.0,1330.0,1428,0,71,0.018487269146885,12.49556847885962,0.11182022027086645,0.02148529705054968,0.6158217720806736
2411,demand_spike,safety_only,89,1.0,124965.0,123635.0,1330.0,1436,0,49,0.01835540477968008,12.419183327115173,0.11241367571732018,0.021351674796370654,0.6157718529128523
2411,demand_spike,safety_only,90,1.0,126347.0,125017.0,1330.0,1406,0,66,0.0182562658958155,12.352070247864152,0.11300211968088206,0.021242234066748182,0.6157230607411585
2411,demand_spike,safety_only,91,1.0,127712.0,126382.0,1330.0,1415,0,80,0.018193930932296144,12.317536660337195,0.11416203552706163,0.02101499074135381,0.6156753578262928
2411,demand_spike,safety_only,92,1.0,129128.0,127798.0,1330.0,1432,0,51,0.01814265615505017,12.286223427806227,0.11486404088778915,0.02088235654692924,0.6156287080953713
2411,demand_spike,safety_only,93,1.0,130509.0,129179.0,1330.0,1431,0,75,0.018078408364502505,12.25461198206334,0.11539760400036374,0.02076716261817123,0.6155830770509515
2411,demand_spike,safety_only,94,1.0,131943.0,130613.0,1330.0,1449,0,42,0.017994060904391474,12.209543934787883,0.11584561070031997,0.02066783506490026,0.6155384316859558
2411,demand_spike,safety_only,95,1.0,133347.0,132017.0,1330.0,1433,0,57,0.01792906918125615,12.174329625301167,0.1159243742920616,0.02064018474158581,0.6154947404040438
2411,demand_spike,safety_only,96,1.0,134753.0,133423.0,1330.0,1435,0,56,0.017851561740727866,12.130215461730538,0.11585937729575467,0.02063870022537805,0.6154519729450433
2411,demand_spike,safety_only,97,1.0,136171.0,134841.0,1330.0,1436,0,48,0.017809365738592264,12.10697110430402,0.11612978862444438,0.020582811257255352,0.6154101003150578
2411,demand_spike,safety_only,98,1.0,137561.0,136231.0,1330.0,1431,0,66,0.01774755266671715,12.075606528911823,0.11607398453694887,0.020575904993466117,0.6153690947209133
2411,demand_spike,safety_only,99,1.0,138984.0,137654.0,1330.0,1436,0,42,0.017676752250394005,12.03390289472556,0.11678292956599502,0.020441335816096903,0.6153289295086415
2411,demand_spike,safety_only,100,1.0,140368.0,139038.0,1330.0,1421,0,69,0.017617233661746265,11.996793255310143,0.11679368609205755,0.02043495167239584,0.6152895791057045
2411,demand_spike,safety_only,101,1.0,141777.0,140447.0,1330.0,1440,0,55,0.017572450770600597,11.977238361262597,0.11665919823474007,0.0204411023947257,0.615251018966693
2411,demand_spike,safety_only,102,1.0,143195.0,141865.0,1330.0,1440,0,50,0.017494218391899487,11.930670361186934,0.11676288640527402,0.020412641668456303,0.6152132255222793
2411,demand_spike,safety_only,103,1.0,144599.0,143269.0,1330.0,1438,0,58,0.017401473951518302,11.882212208947834,0.11662507932119537,0.020412550446314192,0.6151761761311694
2411,demand_spike,safety_only,104,1.0,146017.0,144687.0,1330.0,1439,0,52,0.01735236336804108,11.853772096868886,0.1174235651403554,0.020266228574730517,0.6151398490348735
2411,demand_spike,safety_only,105,1.0,147434.0,146104.0,1330.0,1446,0,52,0.017314933492404348,11.839042608183906,0.11730890146411564,0.020268638055276567,0.615104223315098
2411,demand_spike,safety_only,106,1.0,148857.0,147527.0,1330.0,1447,0,47,0.017259131108560786,11.811912467249297,0.11733254628319668,0.020246789920834132,0.6150692788535723
2411,demand_spike,safety_only,107,1.0,150275.0,148945.0,1330.0,1437,0,49,0.01720414078153643,11.780885872157766,0.11763895384021396,0.020183852179597502,0.6150349962941702
2411,demand_spike,safety_only,108,1.0,151676.0,150346.0,1330.0,1433,0,56,0.017142480323810234,11.750399206949329,0.11808328005251416,0.02008891845242856,0.6150013570071566
2411,demand_spike,safety_only,109,1.0,153091.0,151761.0,1330.0,1436,0,51,0.017103981352498666,11.728468264429058,0.11875126800463601,0.019969394730731903,0.6149683430554259
2411,demand_spike,safety_only,110,1.0,154488.0,153158.0,1330.0,1433,0,59,0.017040419023417252,11.69767434277019,0.119613897998045,0.0198047436598829,0.6149359371626155
2411,demand_spike,safety_only,111,1.0,155894.0,154564.0,1330.0,1429,0,54,0.01697299313297991,11.655135578446894,0.12047372077018585,0.019658092638997544,0.6149041226829531
2411,demand_spike,safety_only,112,1.0,157286.0,155956.0,1330.0,1425,0,65,0.016919537257455573,11.622330040624863,0.12057381958825321,0.01963617606572064,0.6148728835727524
2411,demand_spike,safety_only,113,1.0,158698.0,157368.0,1330.0,1440,0,55,0.016875298371091762,11.597735972920185,0.12089079540388274,0.01957588191768448,0.6148422043634281
2411,demand_spike,safety_only,114,1.0,160121.0,158791.0,1330.0,1452,0,53,0.016841604339178917,11.583945536939844,0.12081018899043502,0.019574064021641413,0.6148120701359605
2411,demand_spike,safety_only,115,1.0,161555.0,160225.0,1330.0,1459,0,40,0.016774686794503172,11.555530311881386,0.12092663428445961,0.01952635139153506,0.6147824664967046
2411,demand_spike,safety_only,116,1.0,162983.0,161653.0,1330.0,1439,0,46,0.016713872011104573,11.515842094681027,0.12167755805304283,0.019403048121914766,0.6147533795544594
2411,demand_spike,safety_only,117,1.0,164389.0,163059.0,1330.0,1442,0,54,0.01667076631147068,11.500427623956138,0.12251938715353167,0.01924668893462713,0.6147247958987437
2411,demand_spike,safety_only,118,1.0,165814.0,164484.0,1330.0,1437,0,45,0.016615759055856598,11.463592018881396,0.12330332715653435,0.019123341713614704,0.6146967025791704
2411,demand_spike,safety_only,119,1.0,167207.0,165877.0,1330.0,1432,0,59,0.016560782889709573,11.43691334983193,0.12324924263638959,0.01911377201450843,0.6146690870858895
2411,demand_spike,flex_only,0,1.0,1419.0,1419.0,0.0,1419,0,89,,,,,
2411,demand_spike,flex_only,1,1.0,2795.0,2795.0,0.0,1382,0,105,,,,,
2411,demand_spike,flex_only,2,1.0,4185.0,4185.0,0.0,1407,0,83,1.6852779736625254,0.6395474137931033,,,2.6351102941176476
2411,demand_spike,flex_only,3,1.0,5581.0,5581.0,0.0,1428,0,67,1.8908576341893497,0.6733704695073428,,,2.808049535603715
2411,demand_spike,flex_only,4,1.0,6980.0,6980.0,0.0,1410,0,65,0.31343251331181055,0.8050358454275219,0.9848233995584992,0.1302885962454469,3.0343387470997674
2411,demand_spike,flex_only,5,1.0,8339.0,8339.0,0.0,1411,0,81,0.40768884365072355,0.7853532517129058,2.21555459272097,0.0785176493595385,2.9841045566937474
2411,demand_spike,flex_only,6,1.0,9752.0,9752.0,0.0,1425,0,54,0.4123616039372739,0.8680334092634776,1.8540706605222737,0.08593808842358966,2.981465640148274
2411,demand_spike,flex_only,7,1.0,11117.0,11117.0,0.0,1418,0,77,0.3575475719678957,0.710641571969697,2.498458728165316,0.06758362273807347,2.9796796557494623
2411,demand_spike,flex_only,8,1.0,12526.0,12526.0,0.0,1427,0,59,0.34040927466600357,0.7923142265771747,2.240393775801842,0.06438695960311834,2.9783906153529545
2411,demand_spike,flex_only,9,1.0,13915.0,13915.0,0.0,1432,0,66,0.33245074376047506,0.7508251451117265,2.3558760610033813,0.06312428600720583,2.977416440831075
2411,demand_spike,flex_only,10,1.0,15183.0,15183.0,0.0,1290,0,56,0.06592292339250311,0.14864817701668254,2.265045120420725,0.06577662858499775,2.976654322975366
2411,demand_spike,flex_only,11,0.9104234527687296,16567.0,16292.0,275.0,1146,55,150,0.03306992617618149,1.347289970442635,0.13129903538851032,0.06281618887015178,2.976041817917816
2411,demand_spike,flex_only,12,0.8715953307392996,17872.0,17292.0,580.0,1139,61,183,0.025653653596607373,2.7695495924999474,0.1964528487229862,0.01584587152293376,2.975538807351582
2411,demand_spike,flex_only,13,0.8916562889165629,19426.0,18521.0,905.0,1240,65,49,0.024336934793889695,6.078728935136795,0.08619859367055822,0.0156116452991453,2.975118339604321
2411,demand_spike,flex_only,14,0.9040767386091128,20765.0,19570.0,1195.0,1135,58,202,0.024917963543166426,9.531970410440413,0.06350126353902003,0.013838700853716473,2.9747616376892876
2411,demand_spike,flex_only,15,0.9757505773672055,21968.0,20668.0,1300.0,1211,21,148,0.024911250045154345,11.004092068734758,0.06930870152828592,0.010981106616228305,2.9744552184339486
2411,demand_spike,flex_only,16,0.9819819819819819,23253.0,21923.0,1330.0,1259,6,77,0.025168758784016955,12.537326962827892,0.06408837122987296,0.010531955784888124,2.974189149702933
2411,demand_spike,flex_only,17,1.0,24333.0,23003.0,1330.0,1197,0,221,0.02533943549161875,13.033333428146397,0.07450757051346996,0.008774179102321478,2.9739559535776294
2411,demand_spike,flex_only,18,1.0,25619.0,24289.0,1330.0,1359,0,102,0.025686112425946817,13.093523676853673,0.07600836660324944,0.008679126175489695,2.9737498924175916
2411,demand_spike,flex_only,19,1.0,26914.0,25584.0,1330.0,1320,0,122,0.02572121766898363,13.017620353033907,0.07673207628260652,0.008659749297519887,2.97356649044327
2411,demand_spike,flex_only,20,1.0,28103.0,26773.0,1330.0,1329,0,225,0.025825559638145926,12.984484464156301,0.09690564143181439,0.00690275263863097,2.973402204918665
2411,demand_spike,flex_only,21,1.0,29570.0,28240.0,1330.0,1501,0,60,0.02579523764179544,13.214379853425903,0.09477420746746557,0.006927404459593303,2.973254195061185
2411,demand_spike,flex_only,22,1.0,31017.0,29687.0,1330.0,1502,0,85,0.025756396253188676,13.443613712604648,0.09258060456461464,0.006960438478927907,2.973120156391815
2411,demand_spike,flex_only,23,1.0,32540.0,31210.0,1330.0,1550,0,28,0.02560561840858983,13.78667925522998,0.09027623824273973,0.006920022346638157,2.972998199879993
2411,demand_spike,flex_only,24,1.0,34067.0,32737.0,1330.0,1527,0,18,0.025501393206611208,13.994288575739374,0.09272557655911652,0.006610513140510688,2.9728867623604462
2411,demand_spike,flex_only,25,1.0,35570.0,34240.0,1330.0,1503,0,18,0.025434310295791962,14.19691027224066,0.09487791048096664,0.006351811227832069,2.9727845391719185
2411,demand_spike,flex_only,26,1.0,37037.0,35707.0,1330.0,1467,0,22,0.02535023803471042,14.34642735831586,0.09693068722946328,0.006132355178312526,2.9726904328419588
2411,demand_spike,flex_only,27,1.0,38456.0,37126.0,1330.0,1420,0,41,0.025258350469458755,14.386321794253405,0.09920631848311444,0.0059535896048114306,2.9726035135287807
2411,demand_spike,flex_only,28,1.0,39821.0,38491.0,1330.0,1408,0,67,0.025182885397422812,14.50114418138363,0.0976507145941778,0.0059827736297585945,2.9725229881930475
2411,demand_spike,flex_only,29,1.0,41205.0,39875.0,1330.0,1405,0,60,0.025089591520012496,14.52645745711107,0.09746466381175826,0.005961731235927407,2.9724481763316732
2411,demand_spike,flex_only,30,1.0,42561.0,41231.0,1330.0,1413,0,84,0.02500535558498448,14.601381855692205,0.0967009122497303,0.005958053449270584,2.9723784906999127
2411,demand_spike,flex_only,31,1.0,43975.0,42645.0,1330.0,1448,0,58,0.024918585245389355,14.67834670056232,0.09559931349814618,0.00597443532211245,2.972313421865046
2411,demand_spike,flex_only,32,1.0,45394.0,44064.0,1330.0,1444,0,52,0.024718954559843666,14.666331025316063,0.09504298064798589,0.005966269456173546,2.972252525731632
2411,demand_spike,flex_only,33,1.0,46801.0,45471.0,1330.0,1438,0,64,0.024648272082695183,14.70126152419221,0.09437836044028979,0.005976983925540062,2.9721954133921606
2411,demand_spike,flex_only,34,1.0,48217.0,46887.0,1330.0,1436,0,43,0.02438351607855562,14.650630989183037,0.09430346444090841,0.005938036131032103,2.9721417428125694
2411,demand_spike,flex_only,35,1.0,49580.0,48250.0,1330.0,1388,0,77,0.024193680473649695,14.54678663958073,0.09442117960776084,0.005926568607221174,2.972091211976981
2411,demand_spike,flex_only,36,1.0,50936.0,49606.0,1330.0,1411,0,85,0.024098564303065974,14.560837711202142,0.09463667926823223,0.005884236859180993,2.9720435532013294
2411,demand_spike,flex_only,37,1.0,52350.0,51020.0,1330.0,1434,0,52,0.023971914742880362,14.548305192189668,0.0947642110600428,0.0058505592246385135,2.9719985283898125
2411,demand_spike,flex_only,38,1.0,53726.0,52396.0,1330.0,1429,0,84,0.023866848168204696,14.547389907558788,0.09483542051711627,0.0058209926698430565,2.9719559250566854
2411,demand_spike,flex_only,39,1.0,55166.0,53836.0,1330.0,1462,0,43,0.023769008220232715,14.577818916933564,0.09513147093165762,0.00576710466016767,2.971915552973078
2411,demand_spike,flex_only,40,1.0,56591.0,55261.0,1330.0,1445,0,53,0.023682938388973684,14.57260773810635,0.09594211443096187,0.005699780860954314,2.9718772413272445
2411,demand_spike,flex_only,41,1.0,58010.0,56680.0,1330.0,1455,0,58,0.02360192889702958,14.60105902192912,0.09592652629357779,0.005670206520365927,2.971840836308756
2411,demand_spike,flex_only,42,1.0,59468.0,58138.0,1330.0,1467,0,31,0.023532011233858608,14.63113258518221,0.09688490586661533,0.005586045840076827,2.971806199044642
2411,demand_spike,flex_only,43,1.0,60891.0,59561.0,1330.0,1452,0,54,0.02346195837854166,14.647973991682267,0.09643827840940708,0.005588838867227095,2.971773203829028
2411,demand_spike,flex_only,44,1.0,62336.0,61006.0,1330.0,1464,0,33,0.02336219597970317,14.679385989807114,0.0962299388048271,0.005565247704260707,2.971741736598732
2411,demand_spike,flex_only,45,1.0,63749.0,62419.0,1330.0,1426,0,47,0.02319354566014667,14.603254541495874,0.09713972571579618,0.0055019158559890926,2.9717116936158803
2411,demand_spike,flex_only,46,1.0,65121.0,63791.0,1330.0,1412,0,72,0.023077163716296107,14.564601087852962,0.09681186596042705,0.005507477976286403,2.9716829803254
2411,demand_spike,flex_only,47,1.0,66525.0,65195.0,1330.0,1426,0,54,0.02299017628081227,14.545974563407661,0.09678107965127646,0.005495542268483929,2.971655510360952
2411,demand_spike,flex_only,48,1.0,67904.0,66574.0,1330.0,1421,0,72,0.022872117920274354,14.51062392140458,0.09673939008392239,0.005483051589734608,2.971629204677262
2411,demand_spike,flex_only,49,1.0,69306.0,67976.0,1330.0,1437,0,67,0.022788947187018935,14.50032595910163,0.09736228681279042,0.00543206299876215,2.9716039907904834
2411,demand_spike,flex_only,50,1.0,70725.0,69395.0,1330.0,1455,0,56,0.022686828504513586,14.49263448400269,0.09900502365266808,0.005320859844039298,2.971579802111213
2411,demand_spike,flex_only,51,1.0,72161.0,70831.0,1330.0,1453,0,46,0.022584035280123215,14.458952252304783,0.0997588933202758,0.005269010862521384,2.971556577357265
2411,demand_spike,flex_only,52,1.0,73571.0,72241.0,1330.0,1438,0,54,0.022400386499693573,14.378439851829503,0.09990048456521201,0.005248019139279578,2.971534260035255
2411,demand_spike,flex_only,53,1.0,74983.0,73653.0,1330.0,1431,0,57,0.022343797546160782,14.355250091438258,0.10019439835444341,0.005227874793826395,2.9715127979818035
2411,demand_spike,flex_only,54,1.0,76382.0,75052.0,1330.0,1436,0,56,0.02222287452809636,14.32881598686134,0.09974987157545434,0.005232424822876471,2.971492142956473
2411,demand_spike,flex_only,55,1.0,77783.0,76453.0,1330.0,1419,0,57,0.02205793630007266,14.231462010456402,0.10013702688951613,0.005208935606398314,2.9714722502798168
2411,demand_spike,flex_only,56,1.0,79150.0,77820.0,1330.0,1416,0,80,0.021938038913741593,14.175969971498303,0.10015748895260682,0.005199872719705502,2.9714530785107347
2411,demand_spike,flex_only,57,1.0,80564.0,79234.0,1330.0,1437,0,52,0.021854417765991157,14.150412315865584,0.10010353372099798,0.005192237662608798,2.9714345891583056
2411,demand_spike,flex_only,58,1.0,81955.0,80625.0,1330.0,1426,0,66,0.021724036486439356,14.086406602382485,0.10004468593055924,0.005187793869661288,2.971416746423862
2411,demand_spike,flex_only,59,1.0,83349.0,82019.0,1330.0,1429,0,68,0.021622709885159595,14.040197772068673,0.09993013440328209,0.005186559638358926,2.971399516969619
2411,demand_spike,flex_only,60,1.0,84753.0,83423.0,1330.0,1431,0,56,0.02145766299266991,13.95504861997161,0.10080141816852577,0.0051336447103843994,2.97138286971083
2411,demand_spike,flex_only,61,1.0,86132.0,84802.0,1330.0,1411,0,71,0.021305281972272872,13.86330474204972,0.10072266882605084,0.0051349595730261965,2.971366775628578
2411,demand_spike,flex_only,62,1.0,87513.0,86183.0,1330.0,1418,0,72,0.021216685545149015,13.816510472408611,0.10101832296349246,0.005115935109274123,2.9713512076009967
2411,demand_spike,flex_only,63,1.0,88903.0,87573.0,1330.0,1422,0,62,0.0210778994551702,13.745669408536955,0.10080347741019388,0.005119577649269167,2.9713361402507195
2411,demand_spike,flex_only,64,1.0,90294.0,88964.0,1330.0,1425,0,74,0.02102397605705322,13.714052219536136,0.10084924335604141,0.005115955492543578,2.97132154980686
2411,demand_spike,flex_only,65,1.0,91693.0,90363.0,1330.0,1444,0,57,0.020820401022986858,13.634155524177858,0.1005329331404525,0.005112165513602533,2.9713074139798596
2411,demand_spike,flex_only,66,1.0,93106.0,91776.0,1330.0,1421,0,62,0.020755218128946394,13.585932125104742,0.10178158139275881,0.005051531707611561,2.971293711847866
2411,demand_spike,flex_only,67,1.0,94494.0,93164.0,1330.0,1448,0,71,0.020672148500288014,13.584336142027835,0.10259956366693015,0.004991809935443021,2.9712804237534374
2411,demand_spike,flex_only,68,1.0,95951.0,94621.0,1330.0,1457,0,37,0.02059104408211465,13.538399522907383,0.10443268563678422,0.004901543241917122,2.971267531209407
2411,demand_spike,flex_only,69,1.0,97345.0,96015.0,1330.0,1437,0,63,0.02044436728350812,13.473589121274916,0.10428743101839617,0.004896868906879605,2.9712550168131044
2411,demand_spike,flex_only,70,1.0,98771.0,97441.0,1330.0,1439,0,48,0.02035986477833622,13.426211784290512,0.10490308951231764,0.0048651357785840866,2.9712428641679693
2411,demand_spike,flex_only,71,1.0,100159.0,98829.0,1330.0,1423,0,60,0.020211851466777054,13.349603263407683,0.10492875950537846,0.004856314164505305,2.971231057811872
2411,demand_spike,flex_only,72,1.0,101544.0,100214.0,1330.0,1412,0,72,0.020111967326564683,13.280726976418979,0.1050460296918356,0.004851972322921324,2.9712195831515085
2411,demand_spike,flex_only,73,1.0,102943.0,101613.0,1330.0,1446,0,68,0.02006481581020485,13.27678317539441,0.10518975665818267,0.004835437186579326,2.971208426402181
2411,demand_spike,flex_only,74,1.0,104379.0,103049.0,1330.0,1454,0,38,0.019905646270971588,13.1992183188478,0.10549115748735147,0.004811499893598541,2.971197574532593
2411,demand_spike,flex_only,75,1.0,105759.0,104429.0,1330.0,1405,0,67,0.019697079759895212,13.062060526921904,0.10556710677961015,0.004807635617263233,2.9711870152140514
2411,demand_spike,flex_only,76,1.0,107122.0,105792.0,1330.0,1408,0,83,0.019642298661711438,13.034938025640251,0.10586526955273383,0.004790726146284719,2.971176736773763
2411,demand_spike,flex_only,77,1.0,108530.0,107200.0,1330.0,1436,0,56,0.019573906913640263,13.004623778963225,0.10664759029947422,0.004750088004832661,2.9711667281517604
2411,demand_spike,flex_only,78,1.0,109920.0,108590.0,1330.0,1424,0,67,0.019465782284682518,12.941078517744886,0.10691610226054159,0.0047351383620551045,2.971156978861229
2411,demand_spike,flex_only,79,1.0,111311.0,109981.0,1330.0,1426,0,66,0.019335333794630948,12.863678197906033,0.10722834146978986,0.004717943207039029,2.97114747895185
2411,demand_spike,flex_only,80,1.0,112715.0,111385.0,1330.0,1431,0,61,0.01927220681295524,12.831396454498849,0.10717213599963742,0.0047168577751862594,2.9711382189759212
2411,demand_spike,flex_only,81,1.0,114117.0,112787.0,1330.0,1440,0,65,0.01919708781295539,12.795995558023948,0.10776591966584721,0.004685525386046008,2.9711291899570162
2411,demand_spike,flex_only,82,1.0,115543.0,114213.0,1330.0,1449,0,48,0.019105485504638604,12.755242949833022,0.10842290126766865,0.00464973358789104,2.9711203833609683
2411,demand_spike,flex_only,83,1.0,116949.0,115619.0,1330.0,1440,0,64,0.019043340235789064,12.725878759278105,0.11006141477208184,0.004576160640470462,2.971111791068956
2411,demand_spike,flex_only,84,1.0,118372.0,117042.0,1330.0,1444,0,46,0.018896989675053835,12.644010648535568,0.11082049650528493,0.004539101708388832,2.9711034053525367
2411,demand_spike,flex_only,85,1.0,119772.0,118442.0,1330.0,1420,0,60,0.018820256669671742,12.592747259599303,0.11129203842571683,0.004519853802379975,2.9710952188504876
2411,demand_spike,flex_only,86,1.0,121158.0,119828.0,1330.0,1428,0,66,0.018754796798544096,12.565850922700264,0.11121081072524705,0.004517082798972423,2.9710872245472078
2411,demand_spike,flex_only,87,1.0,122568.0,121238.0,1330.0,1429,0,54,0.018679390913207996,12.519738452314927,0.11146486110076863,0.004505211821888133,2.9710794157527083
2411,demand_spike,flex_only,88,1.0,123955.0,122625.0,1330.0,1432,0,71,0.01862175408416853,12.49556847885962,0.11182022027086645,0.004485708827334641,2.971071786083915
2411,demand_spike,flex_only,89,1.0,125371.0,124041.0,1330.0,1440,0,49,0.018487332363368955,12.419183327115173,0.11241367571732018,0.004457075666778978,2.9710643294472856
2411,demand_spike,flex_only,90,1.0,126757.0,125427.0,1330.0,1410,0,66,0.018385929010005332,12.352070247864152,0.11300211968088206,0.004433515654965508,2.9710570400225573
2411,demand_spike,flex_only,91,1.0,128126.0,126796.0,1330.0,1419,0,80,0.018321640821602554,12.317536660337195,0.11416203552706163,0.004385396340966586,2.9710499122476115
2411,demand_spike,flex_only,92,1.0,129546.0,128216.0,1330.0,1436,0,51,0.018268534661380405,12.286223427806227,0.11486404088778915,0.004357047407716167,2.971042940804309
2411,demand_spike,flex_only,93,1.0,130931.0,129601.0,1330.0,1435,0,75,0.018202408313055946,12.25461198206334,0.11539760400036374,0.0043323602648232705,2.971036120605271
2411,demand_spike,flex_only,94,1.0,132369.0,131039.0,1330.0,1453,0,42,0.018116088391321495,12.209543934787883,0.11584561070031997,0.004311004234373463,2.971029446781493
2411,demand_spike,flex_only,95,1.0,133777.0,132447.0,1330.0,1437,0,57,0.01804929803138971,12.174329625301167,0.1159243742920616,0.00430461681630965,2.971022914670728
2411,demand_spike,flex_only,96,1.0,135187.0,133857.0,1330.0,1439,0,56,0.017969948658180634,12.130215461730538,0.11585937729575467,0.004303700738096746,2.9710165198066742
2411,demand_spike,flex_only,97,1.0,136609.0,135279.0,1330.0,1440,0,48,0.01792618256063536,12.10697110430402,0.11612978862444438,0.004291454598484841,2.9710102579087403
2411,demand_spike,flex_only,98,1.0,138003.0,136673.0,1330.0,1435,0,66,0.017862706020984876,12.075606528911823,0.11607398453694887,0.0042894355767013545,2.9710041248725267
2411,demand_spike,flex_only,99,1.0,139430.0,138100.0,1330.0,1440,0,42,0.017790219993564307,12.03390289472556,0.11678292956599502,0.0042608188829552085,2.9709981167608293
2411,demand_spike,flex_only,100,1.0,140818.0,139488.0,1330.0,1425,0,69,0.01772912308704963,11.996793255310143,0.11679368609205755,0.004258936837998522,2.9709922297952334
2411,demand_spike,flex_only,101,1.0,142231.0,140901.0,1330.0,1444,0,55,0.01768288750977029,11.977238361262597,0.11665919823474007,0.004259678595457744,2.9709864603481617
2411,demand_spike,flex_only,102,1.0,143653.0,142323.0,1330.0,1444,0,50,0.017603024483622283,11.930670361186934,0.11676288640527402,0.004253219323233019,2.970980804935455
2411,demand_spike,flex_only,103,1.0,145061.0,143731.0,1330.0,1442,0,58,0.0175085934844351,11.882212208947834,0.11662507932119537,0.0042526825731643925,2.970975260209326
2411,demand_spike,flex_only,104,1.0,146483.0,145153.0,1330.0,1443,0,52,0.017458096434740108,11.853772096868886,0.1174235651403554,0.004221694594247284,2.970969822951759
2411,demand_spike,flex_only,105,1.0,147904.0,146574.0,1330.0,1450,0,52,0.017419378397276655,11.839042608183906,0.11730890146411564,0.004221702648071314,2.970964490068295
2411,demand_spike,flex_only,106,1.0,149331.0,148001.0,1330.0,1451,0,47,0.017362203743541714,11.811912467249297,0.11733254628319668,0.004216668275728903,2.970959258582134
2411,demand_spike,flex_only,107,1.0,150753.0,149423.0,1330.0,1441,0,49,0.01730587296786064,11.780885872157766,0.11763895384021396,0.004203087808305169,2.9709541256286283
2411,demand_spike,flex_only,108,1.0,152158.0,150828.0,1330.0,1437,0,56,0.017242859140105517,11.750399206949329,0.11808328005251416,0.004182857226071708,2.9709490884500216
2411,demand_spike,flex_only,109,1.0,153577.0,152247.0,1330.0,1440,0,51,0.017203167246142625,11.728468264429058,0.11875126800463601,0.0041575202377747734,2.97094414439051
2411,demand_spike,flex_only,110,1.0,154978.0,153648.0,1330.0,1437,0,59,0.017138290857355628,11.69767434277019,0.119613897998045,0.004122802792505091,2.970939290891605
2411,demand_spike,flex_only,111,1.0,156388.0,155058.0,1330.0,1433,0,54,0.01706955382236143,11.655135578446894,0.12047372077018585,0.00409184745946551,2.970934525487668
2411,demand_spike,flex_only,112,1.0,157784.0,156454.0,1330.0,1429,0,65,0.017014890140203277,11.622330040624863,0.12057381958825321,0.004086867237008452,2.9709298458017916
2411,demand_spike,flex_only,113,1.0,159200.0,157870.0,1330.0,1444,0,55,0.016969517365057526,11.597735972920185,0.12089079540388274,0.004073908899591421,2.9709252495417946
2411,demand_spike,flex_only,114,1.0,160627.0,159297.0,1330.0,1456,0,53,0.016934768664789844,11.583945536939844,0.12081018899043502,0.004073128700588091,2.970920734496501
2411,demand_spike,flex_only,115,1.0,162065.0,160735.0,1330.0,1463,0,40,0.01686663359580896,11.555530311881386,0.12092663428445961,0.004062806585034736,2.9709162985322166
2411,demand_spike,flex_only,116,1.0,163497.0,162167.0,1330.0,1443,0,46,0.016804656461609765,11.515842094681027,0.12167755805304283,0.004036766907970965,2.9709119395893
2411,demand_spike,flex_only,117,1.0,164907.0,163577.0,1330.0,1446,0,54,0.01676050457740813,11.500427623956138,0.12251938715353167,0.004003862283874134,2.9709076556790555
2411,demand_spike,flex_only,118,1.0,166336.0,165006.0,1330.0,1441,0,45,0.01670440622994659,11.463592018881396,0.12330332715653435,0.003977837050976026,2.970903444880645
2411,demand_spike,flex_only,119,1.0,167733.0,166403.0,1330.0,1436,0,59,0.016648358353385746,11.43691334983193,0.12324924263638959,0.0039754875088737224,2.970899305338257
2411,demand_spike,dynalloc_only,0,1.0,1419.0,1419.0,0.0,1419,0,89,,,,,
2411,demand_spike,dynalloc_only,1,1.0,2795.0,2795.0,0.0,1382,0,105,,,,,
2411,demand_spike,dynalloc_only,2,1.0,4185.0,4185.0,0.0,1407,0,83,1.6852779736625254,0.6395474137931033,,,2.6351102941176476
2411,demand_spike,dynalloc_only,3,1.0,5581.0,5581.0,0.0,1428,0,67,1.8908576341893497,0.6733704695073428,,,2.808049535603715
2411,demand_spike,dynalloc_only,4,1.0,6980.0,6980.0,0.0,1410,0,65,0.31343251331181055,0.8050358454275219,0.9848233995584992,0.1302885962454469,3.0343387470997674
2411,demand_spike,dynalloc_only,5,1.0,8339.0,8339.0,0.0,1411,0,81,0.40768884365072355,0.7853532517129058,2.21555459272097,0.0785176493595385,2.9841045566937474
2411,demand_spike,dynalloc_only,6,1.0,9752.0,9752.0,0.0,1425,0,54,0.4123616039372739,0.8680334092634776,1.8540706605222737,0.08593808842358966,2.981465640148274
2411,demand_spike,dynalloc_only,7,1.0,11117.0,11117.0,0.0,1418,0,77,0.3575475719678957,0.710641571969697,2.498458728165316,0.06758362273807347,2.9796796557494623
2411,demand_spike,dynalloc_only,8,1.0,12526.0,12526.0,0.0,1427,0,59,0.34040927466600357,0.7923142265771747,2.240393775801842,0.06438695960311834,2.9783906153529545
2411,demand_spike,dynalloc_only,9,1.0,13915.0,13915.0,0.0,1432,0,66,0.33245074376047506,0.7508251451117265,2.3558760610033813,0.06312428600720583,2.977416440831075
2411,demand_spike,dynalloc_only,10,1.0,15183.0,15183.0,0.0,1290,0,56,0.06592292339250311,0.14864817701668254,2.265045120420725,0.06577662858499775,2.976654322975366
2411,demand_spike,dynalloc_only,11,0.9104234527687296,16530.0,16255.0,275.0,1109,55,187,0.03306992617618149,1.347289970442635,0.13129903538851032,0.06281618887015178,2.976041817917816
2411,demand_spike,dynalloc_only,12,0.9130998702983139,17808.0,17198.0,610.0,1063,67,208,0.02837070142544888,2.173417297555,0.4860210528647289,0.00902622704279269,2.975538807351582
2411,demand_spike,dynalloc_only,13,0.9078455790784558,19230.0,18330.0,900.0,1205,58,114,0.027895051026667478,6.3106786370448145,0.1555095382112757,0.1962446394934071,0.14484258296303298
2411,demand_spike,dynalloc_only,14,0.920863309352518,20333.0,19283.0,1050.0,1006,30,327,0.027008689009608584,9.25677044942748,0.10456023125960442,0.1917301729359332,0.1455415550774905
2411,demand_spike,dynalloc_only,15,0.9503464203233256,21485.0,20355.0,1130.0,1192,16,206,0.03134665416499685,11.175235392364346,0.18737642905178212,0.10243020506677793,0.14614754098360655
2411,demand_spike,dynalloc_only,16,0.9380630630630631,22762.0,21552.0,1210.0,1297,16,191,0.032526549420365085,12.3954330018165,0.18391609277927012,0.3426039280864259,0.04164512992282232
2411,demand_spike,dynalloc_only,17,0.9867695700110254,23890.0,22620.0,1270.0,1081,12,387,0.08620157059384352,12.656770079273207,0.1818349743441738,0.34463395394222895,0.1086817957382957
2411,demand_spike,dynalloc_only,18,1.0,25071.0,23801.0,1270.0,1301,0,245,0.08585250134209359,12.791186738171298,0.2586644549557751,0.23850008155640637,0.1087969771019344
2411,demand_spike,dynalloc_only,19,1.0,26411.0,25141.0,1270.0,1440,0,162,0.08250777937137645,12.81048424005394,0.2618897626046346,0.3823790323269856,0.06431566438563818
2411,demand_spike,dynalloc_only,20,1.0,27792.0,26522.0,1270.0,1381,0,241,0.15709760086395652,12.904837397869118,0.257774794035519,0.3829926509062016,0.1233065443494153
2411,demand_spike,dynalloc_only,21,1.0,29317.0,28047.0,1270.0,1545,0,70,0.15577244446397062,13.108659603752216,0.2531013179408077,0.3805747864243003,0.1233666949764735
2411,demand_spike,dynalloc_only,22,1.0,30860.0,29590.0,1270.0,1548,0,43,0.1534924283378724,13.20259156221974,0.2548552309523708,0.37458844205754455,0.12178108632885473
2411,demand_spike,dynalloc_only,23,1.0,32378.0,31108.0,1270.0,1518,0,58,0.1629969687281623,13.277921950336289,0.2556878606001718,0.36868395468203846,0.13022221248246837
2411,demand_spike,dynalloc_only,24,1.0,33861.0,32591.0,1270.0,1483,0,60,0.16243626903130506,13.242948433160153,0.2589145676358507,0.3634930371352785,0.13033040211014527
2411,demand_spike,dynalloc_only,25,1.0,35335.0,34065.0,1270.0,1474,0,45,0.1620667258416209,13.246601786738077,0.25939379303842336,0.3616209191509472,0.13042962689026988
2411,demand_spike,dynalloc_only,26,1.0,36760.0,35490.0,1270.0,1429,0,62,0.16152356437811524,13.254807144788224,0.2568157940547614,0.36354694436150853,0.13052095676641665
2411,demand_spike,dynalloc_only,27,1.0,38146.0,36876.0,1270.0,1415,0,76,0.16102221151380688,13.207327177231468,0.2561193172770896,0.3644749800411415,0.1306052979345776
2411,demand_spike,dynalloc_only,28,1.0,39527.0,38257.0,1270.0,1442,0,81,0.16045226625511702,13.241588450669436,0.25450035947346283,0.3643316226608795,0.13068342301435498
2411,demand_spike,dynalloc_only,29,1.0,40964.0,39694.0,1270.0,1458,0,55,0.1598460090305965,13.210246086657888,0.25417098997817594,0.36408543020981077,0.1307559947862429
2411,demand_spike,dynalloc_only,30,1.0,42381.0,41111.0,1270.0,1461,0,71,0.15928999247683617,13.206514749618197,0.25233499566241985,0.36537324219181555,0.1308235850407414
2411,demand_spike,dynalloc_only,31,1.0,43844.0,42574.0,1270.0,1485,0,44,0.15868474828122572,13.214054475444955,0.25106804608254013,0.3654367061939445,0.1308866896747109
2411,demand_spike,dynalloc_only,32,1.0,45296.0,44026.0,1270.0,1466,0,42,0.1574007878446225,13.13936199808352,0.25122118059282517,0.3641539243268558,0.13094574087865313
2411,demand_spike,dynalloc_only,33,1.0,46717.0,45447.0,1270.0,1450,0,62,0.15698555774734724,13.120265231795544,0.2502461983513109,0.36498464862323043,0.13100111704857653
2411,demand_spike,dynalloc_only,34,1.0,48141.0,46871.0,1270.0,1447,0,45,0.1552666556799292,13.024270298223456,0.24909979150764225,0.36517746277179075,0.1310531509031232
2411,demand_spike,dynalloc_only,35,1.0,49515.0,48245.0,1270.0,1400,0,79,0.15415724936247777,12.902344612638132,0.24921402451503769,0.36568998649973844,0.13110213617398625
2411,demand_spike,dynalloc_only,36,1.0,50878.0,49608.0,1270.0,1425,0,92,0.15354786087574587,12.871385117164559,0.24963582988348684,0.36437518394442714,0.1311483331538502
2411,demand_spike,dynalloc_only,37,1.0,52314.0,51044.0,1270.0,1455,0,51,0.1527341793466168,12.821117342021525,0.2496665393402606,0.36369954247987496,0.13119197332316665
2411,demand_spike,dynalloc_only,38,1.0,53709.0,52439.0,1270.0,1449,0,85,0.15205797575753383,12.783235763481185,0.2493599875690522,0.363494388091651,0.13123326322939666
2411,demand_spike,dynalloc_only,39,1.0,55169.0,53899.0,1270.0,1483,0,44,0.1513889946519676,12.769862248128934,0.24902458961745946,0.36265400213985494,0.13127238775593283
2411,demand_spike,dynalloc_only,40,1.0,56619.0,55349.0,1270.0,1467,0,50,0.15084640272853883,12.733605400436739,0.25004671748534946,0.3607997454864343,0.13130951288986287
2411,demand_spike,dynalloc_only,41,1.0,58056.0,56786.0,1270.0,1474,0,59,0.15028853906035727,12.72306674262465,0.2493714139676248,0.3606405406344335,0.13134478807598035
2411,demand_spike,dynalloc_only,42,1.0,59536.0,58266.0,1270.0,1487,0,29,0.14980887906028922,12.716096399307606,0.25059208453465726,0.35784305816866924,0.13137834822744712
2411,demand_spike,dynalloc_only,43,1.0,60977.0,59707.0,1270.0,1470,0,54,0.14934146722640845,12.700574957353542,0.24971938505500957,0.3583235211856067,0.13141031545014964
2411,demand_spike,dynalloc_only,44,1.0,62440.0,61170.0,1270.0,1482,0,33,0.14863069944163645,12.695167934745534,0.2489106799430057,0.35784614640475876,0.13144080052720722
2411,demand_spike,dynalloc_only,45,1.0,63871.0,62601.0,1270.0,1444,0,47,0.14757167641206118,12.606498101990777,0.2501287957449687,0.3559741891629124,0.13146990420167334
2411,demand_spike,dynalloc_only,46,1.0,65259.0,63989.0,1270.0,1430,0,74,0.14683283255645746,12.550647999057455,0.24960189518438286,0.3564436907309759,0.1314977182887273
2411,demand_spike,dynalloc_only,47,1.0,66684.0,65414.0,1270.0,1446,0,53,0.14627868104500202,12.514124561184602,0.24949400745511255,0.356216765926936,0.1315243266432261
2411,demand_spike,dynalloc_only,48,1.0,68082.0,66812.0,1270.0,1440,0,72,0.14552035122807244,12.463505605061869,0.2492491631426312,0.35608985444925356,0.13154980600409608
2411,demand_spike,dynalloc_only,49,1.0,69502.0,68232.0,1270.0,1456,0,68,0.14496810648503833,12.437361025134289,0.2499419085210123,0.3544331359838616,0.1315742267334755
2411,demand_spike,dynalloc_only,50,1.0,70941.0,69671.0,1270.0,1475,0,56,0.1442845843916384,12.40859933609107,0.2519012646263678,0.3507669591938369,0.13159765346560062
2411,demand_spike,dynalloc_only,51,1.0,72398.0,71128.0,1270.0,1473,0,45,0.14362872774874672,12.361305153032264,0.25287596918927446,0.3490977570615751,0.13162014567803754
2411,demand_spike,dynalloc_only,52,1.0,73827.0,72557.0,1270.0,1457,0,54,0.14245067640725526,12.274006050853993,0.25293097477850746,0.34856396799639805,0.13164175819588927
2411,demand_spike,dynalloc_only,53,1.0,75258.0,73988.0,1270.0,1450,0,57,0.1421221098564845,12.242140993134631,0.2533503948884423,0.3480330192164317,0.1316625416379775
2411,demand_spike,dynalloc_only,54,1.0,76676.0,75406.0,1270.0,1455,0,56,0.14132110362887568,12.200955684180087,0.25245341094901785,0.34842051911768945,0.1316825428126432
2411,demand_spike,dynalloc_only,55,1.0,78096.0,76826.0,1270.0,1438,0,57,0.1402896762800929,12.10614110585253,0.25302656236482046,0.3477459966363047,0.13170180506967943
2411,demand_spike,dynalloc_only,56,1.0,79482.0,78212.0,1270.0,1435,0,80,0.1395452281423046,12.046235136575486,0.252978783654265,0.3476374986546119,0.13172036861396724
2411,demand_spike,dynalloc_only,57,1.0,80915.0,79645.0,1270.0,1456,0,52,0.13901033408825442,12.011642383416895,0.25277652656106137,0.3475329549480453,0.1317382707855887
2411,demand_spike,dynalloc_only,58,1.0,82325.0,81055.0,1270.0,1445,0,66,0.13818448503189848,11.944653411219786,0.2526335712148882,0.3475567794976417,0.13175554631052544
2411,demand_spike,dynalloc_only,59,1.0,83738.0,82468.0,1270.0,1448,0,68,0.13754481849234193,11.894775248916401,0.25238828582986655,0.34769217165983646,0.13177222752548348
2411,demand_spike,dynalloc_only,60,1.0,85161.0,83891.0,1270.0,1450,0,56,0.13649244436552788,11.810273023027168,0.25353136667697157,0.34589156680159083,0.1317883445799064
2411,demand_spike,dynalloc_only,61,1.0,86559.0,85289.0,1270.0,1430,0,71,0.13553719518602725,11.724044716171269,0.2534232314510472,0.34610371275289986,0.13180392561783463
2411,demand_spike,dynalloc_only,62,1.0,87959.0,86689.0,1270.0,1437,0,72,0.13498778466249478,11.675022715916645,0.25382792623079914,0.34555671085216616,0.1318189969419155
2411,demand_spike,dynalloc_only,63,1.0,89368.0,88098.0,1270.0,1441,0,62,0.1341098846860797,11.605325319494685,0.25345194905539936,0.34584522080247604,0.13183358316157642
2411,demand_spike,dynalloc_only,64,1.0,90778.0,89508.0,1270.0,1444,0,74,0.13378598088200117,11.571284178112878,0.25354620983181525,0.3458592078506013,0.1318477073271179
2411,demand_spike,dynalloc_only,65,1.0,92196.0,90926.0,1270.0,1463,0,57,0.13243857367161482,11.490879020900815,0.252710250745176,0.3458762414385869,0.13186139105126063
2411,demand_spike,dynalloc_only,66,1.0,93628.0,92358.0,1270.0,1440,0,62,0.1320378898558051,11.44844876555376,0.2544621029353982,0.34369046445825335,0.13187465461949685
2411,demand_spike,dynalloc_only,67,1.0,95035.0,93765.0,1270.0,1467,0,71,0.13145561816262166,11.434782054398935,0.25518982878065855,0.3415735296240765,0.1318875170904311
2411,demand_spike,dynalloc_only,68,1.0,96511.0,95241.0,1270.0,1476,0,37,0.1309550396753788,11.38982122473395,0.2577728473051723,0.33816087355138613,0.13189999638715272
2411,demand_spike,dynalloc_only,69,1.0,97924.0,96654.0,1270.0,1456,0,63,0.13000520434661328,11.325544972510077,0.257369492101504,0.3381114659466945,0.13191210938056222
2411,demand_spike,dynalloc_only,70,1.0,99369.0,98099.0,1270.0,1458,0,48,0.12947405398696488,11.278751111562368,0.2582379542609018,0.3369599393513805,0.13192387196546673
2411,demand_spike,dynalloc_only,71,1.0,100776.0,99506.0,1270.0,1442,0,60,0.1285294754440255,11.206063007362477,0.25817194136235505,0.3367283083301002,0.13193529913016536
2411,demand_spike,dynalloc_only,72,1.0,102180.0,100910.0,1270.0,1431,0,72,0.12791142157591265,11.144314817808741,0.25838423216745804,0.33666067054410703,0.13194640502016494
2411,demand_spike,dynalloc_only,73,1.0,103598.0,102328.0,1270.0,1465,0,68,0.12760422679761238,11.133242406107996,0.2584074217355933,0.33612847933840007,0.13195720299659724
2411,demand_spike,dynalloc_only,74,1.0,105053.0,103783.0,1270.0,1473,0,38,0.12657720032237169,11.06007974269512,0.25866787890321197,0.3352641056730752,0.13196770568984248
2411,demand_spike,dynalloc_only,75,1.0,106452.0,105182.0,1270.0,1424,0,67,0.12527068544239925,10.942155992782903,0.2587845201700584,0.3352022780125708,0.13197792504881403
2411,demand_spike,dynalloc_only,76,1.0,107834.0,106564.0,1270.0,1427,0,83,0.124924961092996,10.915954881360475,0.25910753091363653,0.3346365906124933,0.13198787238630685
2411,demand_spike,dynalloc_only,77,1.0,109261.0,107991.0,1270.0,1455,0,56,0.12448572372861245,10.884069449621075,0.260134706091684,0.3330918820030721,0.1319975584207723
2411,demand_spike,dynalloc_only,78,1.0,110670.0,109400.0,1270.0,1443,0,67,0.12380097951712275,10.82534151835585,0.26048902844839666,0.33257997715818655,0.1320069933148438
2411,demand_spike,dynalloc_only,79,1.0,112080.0,110810.0,1270.0,1445,0,66,0.12297493348281831,10.754860044751926,0.26090455771400367,0.33197316830617,0.13201618671090412
2411,demand_spike,dynalloc_only,80,1.0,113503.0,112233.0,1270.0,1450,0,61,0.1225703938673267,10.723264043921876,0.2607661682618881,0.33200962491129976,0.1320251477639552
2411,demand_spike,dynalloc_only,81,1.0,114924.0,113654.0,1270.0,1459,0,65,0.12208651065654734,10.687692772923036,0.26152091384622816,0.33082010279617613,0.13203388517202888
2411,demand_spike,dynalloc_only,82,1.0,116369.0,115099.0,1270.0,1468,0,48,0.12148784928015152,10.648199797723096,0.26229517384968,0.32942224257820735,0.13204240720434587
2411,demand_spike,dynalloc_only,83,1.0,117794.0,116524.0,1270.0,1459,0,64,0.12109034435017074,10.619040645168656,0.2645258228036234,0.3264490266171098,0.13205072172742086
2411,demand_spike,dynalloc_only,84,1.0,119236.0,117966.0,1270.0,1463,0,46,0.12014964613244303,10.544941527939342,0.26550995126625615,0.3249601087598186,0.13205883622928108
2411,demand_spike,dynalloc_only,85,1.0,120655.0,119385.0,1270.0,1439,0,60,0.11967955286844204,10.49974068465991,0.2662077390030271,0.3242105862812499,0.13206675784195923
2411,demand_spike,dynalloc_only,86,1.0,122060.0,120790.0,1270.0,1447,0,66,0.11925308724371972,10.471961203695948,0.26597840979123677,0.3241725727862213,0.1320744933624007
2411,demand_spike,dynalloc_only,87,1.0,123489.0,122219.0,1270.0,1448,0,54,0.11877858623063847,10.429795304560939,0.2663413997878098,0.323727721357122,0.13208204927191455
2411,demand_spike,dynalloc_only,88,1.0,124895.0,123625.0,1270.0,1451,0,71,0.1184030267358263,10.404839442431308,0.2667395791337722,0.3229772169481761,0.13208943175428542
2411,demand_spike,dynalloc_only,89,1.0,126330.0,125060.0,1270.0,1459,0,49,0.11754181284934045,10.33631678339059,0.2675039745497155,0.3218137094571369,0.13209664671265117
2411,demand_spike,dynalloc_only,90,1.0,127735.0,126465.0,1270.0,1429,0,66,0.11691161532874704,10.27952453281202,0.2683207738784394,0.3208598343428113,0.13210369978524675
2411,demand_spike,dynalloc_only,91,1.0,129123.0,127853.0,1270.0,1438,0,80,0.11650711912541724,10.247286467551454,0.2699045259830232,0.31885686078820014,0.13211059636009798
2411,demand_spike,dynalloc_only,92,1.0,130562.0,129292.0,1270.0,1455,0,51,0.11618013922041452,10.218802795136686,0.270891711447251,0.3176700936341954,0.13211734158874872
2411,demand_spike,dynalloc_only,93,1.0,131966.0,130696.0,1270.0,1454,0,75,0.11575894863674766,10.18858259419678,0.2715589723032028,0.3166614014101924,0.13212394039909436
2411,demand_spike,dynalloc_only,94,1.0,133423.0,132153.0,1270.0,1472,0,42,0.1152041047296484,10.147701578939392,0.2721021787744958,0.315766101570894,0.13213039750738842
2411,demand_spike,dynalloc_only,95,1.0,134850.0,133580.0,1270.0,1456,0,57,0.11478195439428429,10.11518671613908,0.2721610675265768,0.3155369315309415,0.13213671742948313
2411,demand_spike,dynalloc_only,96,1.0,136279.0,135009.0,1270.0,1458,0,56,0.11427619330501446,10.074664729809896,0.2720297068877048,0.31554767221297886,0.13214290449136273
2411,demand_spike,dynalloc_only,97,1.0,137720.0,136450.0,1270.0,1459,0,48,0.1140058619679955,10.052392088790834,0.2724057017007819,0.3150487859207072,0.13214896283901748
2411,demand_spike,dynalloc_only,98,1.0,139133.0,137863.0,1270.0,1454,0,66,0.11359479827446352,10.022323872574693,0.27225315798336247,0.3150168808251518,0.13215489644770945
2411,demand_spike,dynalloc_only,99,1.0,140579.0,139309.0,1270.0,1459,0,42,0.11313340980339082,9.984325601832797,0.2732374077688721,0.31378315441428517,0.13216070913067038
2411,demand_spike,dynalloc_only,100,1.0,141986.0,140716.0,1270.0,1444,0,69,0.11274787641789796,9.9504897191249,0.27324805450434153,0.31375146426879036,0.132166404547274
2411,demand_spike,dynalloc_only,101,1.0,143418.0,142148.0,1270.0,1463,0,55,0.11245318838867076,9.931083606471676,0.2729852719423316,0.31383147814329404,0.13217198621071863
2411,demand_spike,dynalloc_only,102,1.0,144859.0,143589.0,1270.0,1463,0,50,0.11194595740392001,9.889368088439927,0.27310478716987713,0.31358347356971916,0.13217745749525386
2411,demand_spike,dynalloc_only,103,1.0,146286.0,145016.0,1270.0,1461,0,58,0.11133489793989183,9.846796901831754,0.27275710380308293,0.3136066377632021,0.13218282164298203
2411,demand_spike,dynalloc_only,104,1.0,147727.0,146457.0,1270.0,1462,0,52,0.1110250644380417,9.821667488488066,0.2738617209861781,0.3122569931781404,0.13218808177026542
2411,demand_spike,dynalloc_only,105,1.0,149167.0,147897.0,1270.0,1469,0,52,0.11077606418857283,9.80635699059495,0.27362654602434067,0.31229911479412803,0.13219324087376347
2411,demand_spike,dynalloc_only,106,1.0,150613.0,149343.0,1270.0,1470,0,47,0.11041027010702259,9.781043974486655,0.2735834556547301,0.31211062518417737,0.1321983018361247
2411,demand_spike,dynalloc_only,107,1.0,152054.0,150784.0,1270.0,1460,0,49,0.11006090396769445,9.75413918976382,0.27396680848995675,0.31153294986185975,0.13220326743135877
2411,demand_spike,dynalloc_only,108,1.0,153478.0,152208.0,1270.0,1456,0,56,0.10965461118403672,9.726560857171844,0.27448833953896956,0.3106601119745195,0.13220814032990574
2411,demand_spike,dynalloc_only,109,1.0,154916.0,153646.0,1270.0,1459,0,51,0.10941266207442338,9.706798745057272,0.27542016334165864,0.3095436653215994,0.13221292310342533
2411,demand_spike,dynalloc_only,110,1.0,156336.0,155066.0,1270.0,1456,0,59,0.10899175295080085,9.679057345757268,0.2765157481183043,0.3080004668779874,0.13221761822932276
2411,demand_spike,dynalloc_only,111,1.0,157765.0,156495.0,1270.0,1452,0,54,0.10856196199624676,9.64220273251488,0.2777212431448818,0.3066110858609153,0.1322222280950267
2411,demand_spike,dynalloc_only,112,1.0,159180.0,157910.0,1270.0,1448,0,65,0.10821327196461458,9.613065074216873,0.27783268851431997,0.3064191933729496,0.13222675500203837
2411,demand_spike,dynalloc_only,113,1.0,160615.0,159345.0,1270.0,1463,0,55,0.1079260004048871,9.590312223101696,0.27825582143483385,0.30585468308717373,0.13223120116976275
2411,demand_spike,dynalloc_only,114,1.0,162061.0,160791.0,1270.0,1475,0,53,0.10769797455436622,9.57628858817492,0.2780673047769097,0.30585254280533253,0.13223556873913572
2411,demand_spike,dynalloc_only,115,1.0,163518.0,162248.0,1270.0,1482,0,40,0.10724690110964157,9.549830369857638,0.27806728585329143,0.3054054738815659,0.13223985977606326
2411,demand_spike,dynalloc_only,116,1.0,164969.0,163699.0,1270.0,1462,0,46,0.10685322094205381,9.515684062691557,0.2791175455310028,0.304217532043893,0.1322440762746784
2411,demand_spike,dynalloc_only,117,1.0,166398.0,165128.0,1270.0,1465,0,54,0.10656318293739642,9.50061174636405,0.2801768253912989,0.30271473933643517,0.132248220160432
2411,demand_spike,dynalloc_only,118,1.0,167846.0,166576.0,1270.0,1460,0,45,0.10621311603570678,9.468628712916017,0.2813080790579794,0.30151272538188345,0.13225229329302393
2411,demand_spike,dynalloc_only,119,1.0,169262.0,167992.0,1270.0,1455,0,59,0.10585488452679516,9.444602821734726,0.28113402155167916,0.3014376102794605,0.13225629746918605
2411,demand_spike,all_combined,0,1.0,1713.0,1713.0,0.0,1713,0,89,,,,,
2411,demand_spike,all_combined,1,1.0,3383.0,3383.0,0.0,1676,0,106,,,,,
2411,demand_spike,all_combined,2,1.0,5067.0,5067.0,0.0,1701,0,82,1.6717581294371195,0.6395474137931033,,,2.6139705882352944
2411,demand_spike,all_combined,3,1.0,6758.0,6758.0,0.0,1723,0,66,1.8374883338197274,0.6733704695073428,,,2.7287925696594426
2411,demand_spike,all_combined,4,1.0,8450.0,8450.0,0.0,1703,0,66,0.3057632669240006,0.8050358454275219,0.9848233995584992,0.1302885962454469,2.960092807424594
2411,demand_spike,all_combined,5,1.0,10103.0,10103.0,0.0,1705,0,81,0.3984231881132071,0.7853532517129058,2.21555459272097,0.0785176493595385,2.916283998587071
2411,demand_spike,all_combined,6,1.0,11810.0,11810.0,0.0,1719,0,54,0.40352753744129566,0.8680334092634776,1.8540706605222737,0.08593808842358966,2.917593384659253
2411,demand_spike,all_combined,7,1.0,13469.0,13469.0,0.0,1712,0,77,0.3502038477682984,0.710641571969697,2.498458728165316,0.06758362273807347,2.9184795601243128
2411,demand_spike,all_combined,8,1.0,15172.0,15172.0,0.0,1721,0,59,0.33363496074230203,0.7923142265771747,2.240393775801842,0.06438695960311834,2.919119160321055
2411,demand_spike,all_combined,9,1.0,16855.0,16855.0,0.0,1726,0,66,0.32599538951269885,0.7508251451117265,2.3558760610033813,0.06312428600720583,2.919602529358627
2411,demand_spike,all_combined,10,1.0,18417.0,18417.0,0.0,1584,0,56,0.06466779200813698,0.14864817701668254,2.265045120420725,0.06577662858499775,2.9199806794397034
2411,demand_spike,all_combined,11,0.9739413680781759,19796.0,19716.0,80.0,1336,16,215,0.03245034910496498,1.347289970442635,0.13129903538851032,0.06281618887015178,2.9202845941629154
2411,demand_spike,all_combined,12,0.9870298313878081,20981.0,20851.0,130.0,1315,10,253,0.025624833506967096,1.435575765439289,0.9733230987018343,0.006279363305453674,2.9205341795583775
2411,demand_spike,all_combined,13,0.9813200498132005,22481.0,22306.0,175.0,1500,9,86,0.02572580101672378,4.678062316639925,0.2886057223035627,0.05533918502586758,0.34432234432234426
2411,demand_spike,all_combined,14,0.9916067146282974,23715.0,23505.0,210.0,1269,7,348,0.025117433949001264,7.564536795060013,0.17637363487626492,0.05450012044137376,0.34543139127666345
2411,demand_spike,all_combined,15,0.9976905311778291,25054.0,24834.0,220.0,1509,2,251,0.02920906173575845,9.156868883219518,0.32974645711565653,0.027927077280650785,0.34638971315529177
2411,demand_spike,all_combined,16,0.990990990990991,26634.0,26404.0,230.0,1668,2,174,0.03275376612822057,10.786375214882764,0.3218698663669438,0.12185578074049618,0.0774210868689789
2411,demand_spike,all_combined,17,1.0,28154.0,27924.0,230.0,1539,0,295,0.03424418197761966,11.20823670866479,0.3204210568323629,0.12292519142598414,0.07756888703399947
2411,demand_spike,all_combined,18,1.0,29791.0,29561.0,230.0,1804,0,167,0.033836083075013935,11.449066677036289,0.3515711024472451,0.10818725203157914,0.07769994964061712
2411,demand_spike,all_combined,19,1.0,31668.0,31438.0,230.0,1914,0,50,0.03247127594435602,11.502676727977411,0.35242469358420664,0.11191719195885041,0.07157103604653713
2411,demand_spike,all_combined,20,1.0,33558.0,33328.0,230.0,1890,0,46,0.03220198988691166,11.618632606759727,0.3522399366911474,0.10991472310695571,0.0715868455204384
2411,demand_spike,all_combined,21,1.0,35467.0,35237.0,230.0,1909,0,0,0.03192664885837287,11.76499388004896,0.35031794669529653,0.1081881228658494,0.07160109398541468
2411,demand_spike,all_combined,22,1.0,37329.0,37099.0,230.0,1862,0,18,0.03179267917635601,11.825245062547735,0.3519001966995021,0.10668405771505016,0.07161400176262712
2411,demand_spike,all_combined,23,1.0,39156.0,38926.0,230.0,1827,0,17,0.03157924373143354,11.84907660546306,0.35315355287828254,0.10536210973103687,0.07162574957464855
2411,demand_spike,all_combined,24,1.0,40923.0,40693.0,230.0,1767,0,44,0.031451033074298924,11.785367543946363,0.3575418818455289,0.10419109011472721,0.07163648705929095
2411,demand_spike,all_combined,25,1.0,42671.0,42441.0,230.0,1748,0,39,0.031341917135961295,11.778055281680288,0.35820063555698256,0.1036887437723422,0.07164633917739278
2411,demand_spike,all_combined,26,1.0,44364.0,44134.0,230.0,1704,0,62,0.031216242961590507,11.754548182361043,0.35607087234246776,0.10408526475669283,0.07165541109829292
2411,demand_spike,all_combined,27,1.0,46026.0,45796.0,230.0,1689,0,75,0.031088767374272165,11.707207479197285,0.35429644332763205,0.10458842212962088,0.07166379196885629
2411,demand_spike,all_combined,28,1.0,47687.0,47457.0,230.0,1714,0,74,0.03095715293338103,11.719231509665613,0.3512780296323654,0.10492139265673224,0.07167155785278936
2411,demand_spike,all_combined,29,1.0,49382.0,49152.0,230.0,1722,0,62,0.03082248738019343,11.676526524095918,0.3504608561309105,0.10508093462945621,0.07167877404579562
2411,demand_spike,all_combined,30,1.0,51073.0,50843.0,230.0,1733,0,68,0.03068832328693613,11.66141856228063,0.347986151613121,0.1054941836136915,0.07168549691591725
2411,demand_spike,all_combined,31,1.0,52803.0,52573.0,230.0,1752,0,46,0.030551676881729013,11.649667472762781,0.34657719032899875,0.1055485353430891,0.07169177537891493
2411,demand_spike,all_combined,32,1.0,54522.0,54292.0,230.0,1737,0,44,0.03028022330788362,11.577583382275662,0.3459342509212748,0.10544904688080005,0.07169765209042503
2411,demand_spike,all_combined,33,1.0,56217.0,55987.0,230.0,1721,0,61,0.03018236140589814,11.546510867456956,0.3451382594849263,0.10562604517155925,0.07170316441635737
2411,demand_spike,all_combined,34,1.0,57909.0,57679.0,230.0,1718,0,47,0.0298307870826191,11.454260784100843,0.34347665682854833,0.10573790901368021,0.07170834522821211
2411,demand_spike,all_combined,35,1.0,59558.0,59328.0,230.0,1673,0,77,0.02960920393759548,11.343602492230866,0.34388781465835055,0.10584240507708183,0.07171322355909367
2411,demand_spike,all_combined,36,1.0,61192.0,60962.0,230.0,1696,0,92,0.029478855082514556,11.308376067071832,0.344464060079869,0.10552110784094532,0.07171782514807944
2411,demand_spike,all_combined,37,1.0,62899.0,62669.0,230.0,1726,0,51,0.02930889957515737,11.256996230305433,0.3443888863508831,0.10540820691149265,0.07172217289450052
2411,demand_spike,all_combined,38,1.0,64566.0,64336.0,230.0,1720,0,84,0.029166715907043356,11.21708008391364,0.34420689493323336,0.10531974388384151,0.0717262872390593
2411,demand_spike,all_combined,39,1.0,66296.0,66066.0,230.0,1753,0,44,0.029025131265413565,11.198572502025101,0.3438574253194353,0.10508268462631899,0.07173018648517333
2411,demand_spike,all_combined,40,1.0,68015.0,67785.0,230.0,1737,0,51,0.028910573844859348,11.160799940275114,0.34504087549159695,0.10465656510506048,0.07173388707120294
2411,demand_spike,all_combined,41,1.0,69724.0,69494.0,230.0,1745,0,58,0.028791003247739474,11.145259727726604,0.34406832581217,0.1046589215349208,0.07173740380210405
2411,demand_spike,all_combined,42,1.0,71474.0,71244.0,230.0,1757,0,29,0.028687953761331837,11.13336981172333,0.34539418951030626,0.1039901002838337,0.07174075004739039
2411,demand_spike,all_combined,43,1.0,73184.0,72954.0,230.0,1740,0,55,0.028588191569014203,11.114240571583132,0.34426607047719304,0.10414237015282214,0.07174393791098635
2411,demand_spike,all_combined,44,1.0,74918.0,74688.0,230.0,1753,0,33,0.02843872074705441,11.1043877733278,0.3430735225958541,0.10404581590526549,0.07174697837751931
2411,demand_spike,all_combined,45,1.0,76620.0,76390.0,230.0,1715,0,47,0.02822864130929835,11.022396067034594,0.3445381441496724,0.10359897655334202,0.07174988143877846
2411,demand_spike,all_combined,46,1.0,78279.0,78049.0,230.0,1701,0,74,0.028079195270890922,10.969235262930527,0.3439357829767626,0.10372727316872504,0.07175265620340743
2411,demand_spike,all_combined,47,1.0,79975.0,79745.0,230.0,1717,0,53,0.02796579652583428,10.933991837304484,0.3437632444699249,0.1036895423114213,0.0717553109923682
2411,demand_spike,all_combined,48,1.0,81644.0,81414.0,230.0,1711,0,72,0.027813371603606543,10.886503762778146,0.34344648293763835,0.10366608541644123,0.07175785342228405
2411,demand_spike,all_combined,49,1.0,83335.0,83105.0,230.0,1727,0,68,0.027698720356161364,10.861703870833788,0.344155341377275,0.10325784218325411,0.07176029047841954
2411,demand_spike,all_combined,50,1.0,85045.0,84815.0,230.0,1746,0,56,0.027559941507556307,10.832957666521057,0.34641345421705266,0.10233829011369976,0.07176262857877112
2411,demand_spike,all_combined,51,1.0,86773.0,86543.0,230.0,1744,0,45,0.02742841678459115,10.788139561878712,0.34756020719213593,0.10193239114965924,0.07176487363050553
2411,demand_spike,all_combined,52,1.0,88473.0,88243.0,230.0,1728,0,54,0.02719714397618721,10.708534888788321,0.3476018489842297,0.1018090033854208,0.07176703107979113
2411,demand_spike,all_combined,53,1.0,90175.0,89945.0,230.0,1721,0,57,0.027132197351673618,10.67938404856152,0.348117054292971,0.10168945657478248,0.07176910595590857
2411,demand_spike,all_combined,54,1.0,91864.0,91634.0,230.0,1726,0,56,0.026972308486649388,10.64047574923435,0.34695809254501664,0.10179593370625163,0.07177110291039057
2411,demand_spike,all_combined,55,1.0,93555.0,93325.0,230.0,1709,0,57,0.026770763089965108,10.555437108920303,0.34766647012851876,0.10163901832097463,0.07177302625183445
2411,demand_spike,all_combined,56,1.0,95212.0,94982.0,230.0,1706,0,80,0.026626732850505413,10.501584897657654,0.3476471564847891,0.10161360909896167,0.07177487997693345
2411,demand_spike,all_combined,57,1.0,96916.0,96686.0,230.0,1727,0,52,0.026520315089994348,10.469689082965706,0.3473533978047467,0.10159914447621332,0.07177666779819915
2411,demand_spike,all_combined,58,1.0,98597.0,98367.0,230.0,1716,0,66,0.02635851343554352,10.408932856653111,0.3471954723467922,0.10161244960345933,0.07177839316877872
2411,demand_spike,all_combined,59,1.0,100281.0,100051.0,230.0,1719,0,68,0.026232734646427187,10.364018163058862,0.3468863208128734,0.10165398629265943,0.07178005930471493
2411,demand_spike,all_combined,60,1.0,101975.0,101745.0,230.0,1721,0,56,0.026027598432212997,10.287967696233578,0.3482532957942792,0.10120354311294363,0.07178166920495427
2411,demand_spike,all_combined,61,1.0,103644.0,103414.0,230.0,1701,0,71,0.025841955944849563,10.211420190969598,0.34814158680698193,0.10126523150374821,0.07178322566936085
2411,demand_spike,all_combined,62,1.0,105315.0,105085.0,230.0,1708,0,72,0.02573455525084407,10.167061508600714,0.348663049649141,0.10113074637420016,0.07178473131496671
2411,demand_spike,all_combined,63,1.0,106995.0,106765.0,230.0,1712,0,62,0.025564600994377497,10.104995740929985,0.34820257928589743,0.10121153338606954,0.07178618859065618
2411,demand_spike,all_combined,64,1.0,108676.0,108446.0,230.0,1715,0,74,0.02550042854807448,10.074115527724832,0.34835311834362137,0.10122118482545958,0.07178759979045664
2411,demand_spike,all_combined,65,1.0,110365.0,110135.0,230.0,1734,0,57,0.025236701524224345,10.002568582571907,0.3471872458402413,0.10122775056982763,0.0717889670655886
2411,demand_spike,all_combined,66,1.0,112068.0,111838.0,230.0,1711,0,62,0.025156140841110414,9.966324628106369,0.34921377613750376,0.1006820148650594,0.0717902924354084
2411,demand_spike,all_combined,67,1.0,113746.0,113516.0,230.0,1738,0,71,0.0250383372461582,9.95302977295233,0.3499349417289062,0.10013580040028713,0.07179157779735879
2411,demand_spike,all_combined,68,1.0,115493.0,115263.0,230.0,1747,0,37,0.024941334051068742,9.913202724021472,0.35301244875221577,0.09927379593262223,0.07179282493603253
2411,demand_spike,all_combined,69,1.0,117177.0,116947.0,230.0,1727,0,63,0.024757073426820164,9.856051407389002,0.35246825504189133,0.09926313118597023,0.07179403553143948
2411,demand_spike,all_combined,70,1.0,118893.0,118663.0,230.0,1729,0,48,0.024653179214802055,9.81401622964739,0.3535048465441981,0.0989772336524194,0.0717952111665567
2411,demand_spike,all_combined,71,1.0,120571.0,120341.0,230.0,1713,0,60,0.02447104811933367,9.749564821908981,0.3534058997431878,0.09892160595787365,0.07179635333423416
2411,demand_spike,all_combined,72,1.0,122246.0,122016.0,230.0,1702,0,72,0.024351187814794503,9.695323842472298,0.3536768209833423,0.09891043934384958,0.07179746344351966
2411,demand_spike,all_combined,73,1.0,123935.0,123705.0,230.0,1736,0,68,0.024290999430450173,9.68514549890506,0.35365756217303385,0.09877354824764731,0.07179854282545668
2411,demand_spike,all_combined,74,1.0,125661.0,125431.0,230.0,1744,0,38,0.024092703504038183,9.620574870888309,0.35388901558102775,0.09855880943636469,0.07179959273840966
2411,demand_spike,all_combined,75,1.0,127331.0,127101.0,230.0,1695,0,67,0.023843389881331223,9.518252522247874,0.35402163908707773,0.09854913322916187,0.07180061437295701
2411,demand_spike,all_combined,76,1.0,128984.0,128754.0,230.0,1698,0,83,0.02377533917327859,9.495726573250225,0.3543668227833045,0.09840366869018793,0.07180160885639536
2411,demand_spike,all_combined,77,1.0,130682.0,130452.0,230.0,1726,0,56,0.023689250619217613,9.466926937740713,0.3555781720069254,0.09800927379454025,0.07180257725688861
2411,demand_spike,all_combined,78,1.0,132362.0,132132.0,230.0,1714,0,67,0.023556801082082402,9.414831849912602,0.35601079904151767,0.09788019736857616,0.071803520587295
2411,demand_spike,all_combined,79,1.0,134043.0,133813.0,230.0,1716,0,66,0.023397871964335067,9.352479216171943,0.3565231244677325,0.09772610868857405,0.07180443980870126
2411,demand_spike,all_combined,80,1.0,135737.0,135507.0,230.0,1721,0,61,0.0233181880581148,9.324411471798237,0.35632129053696643,0.09774057286205073,0.07180533583368788
2411,demand_spike,all_combined,81,1.0,137429.0,137199.0,230.0,1730,0,65,0.023223704665122576,9.292455784239458,0.3572127802189042,0.09743433067982778,0.07180620952935192
2411,demand_spike,all_combined,82,1.0,139145.0,138915.0,230.0,1739,0,48,0.02310663788484247,9.257610690662853,0.35805788069683725,0.09707724704031531,0.07180706172010522
2411,demand_spike,all_combined,83,1.0,140841.0,140611.0,230.0,1730,0,64,0.023029093524843378,9.231763065248138,0.36071268090938213,0.09630716498302906,0.07180789319026946
2411,demand_spike,all_combined,84,1.0,142554.0,142324.0,230.0,1734,0,46,0.02284756891053182,9.1663474918989,0.36185454353494256,0.09592516520554988,0.07180870468648352
2411,demand_spike,all_combined,85,1.0,144244.0,144014.0,230.0,1710,0,60,0.022758118541640775,9.127104540946545,0.36270043921448375,0.09573557821395728,0.07180949691994001
2411,demand_spike,all_combined,86,1.0,145920.0,145690.0,230.0,1718,0,66,0.022674697803712056,9.102210946295635,0.362390138213498,0.09572638924433725,0.07181027056846383
2411,demand_spike,all_combined,87,1.0,147620.0,147390.0,230.0,1719,0,54,0.02258301173700355,9.064942734390739,0.3628227485414433,0.0956161280211973,0.07181102627844659
2411,demand_spike,all_combined,88,1.0,149297.0,149067.0,230.0,1722,0,71,0.022509280164817177,9.042559427658144,0.3632739003902872,0.09542022564618108,0.07181176466664746
2411,demand_spike,all_combined,89,1.0,151003.0,150773.0,230.0,1730,0,49,0.022343649927733373,8.982233071091645,0.3641618286641612,0.09512078241024738,0.0718124863218727
2411,demand_spike,all_combined,90,1.0,152679.0,152449.0,230.0,1700,0,66,0.022223779965459853,8.93361757608637,0.3651162668812543,0.0948757361905199,0.07181319180654096
2411,demand_spike,all_combined,91,1.0,154338.0,154108.0,230.0,1709,0,80,0.02214622633757181,8.905343335344975,0.36702628956535926,0.09435034474329958,0.07181388165814499
2411,demand_spike,all_combined,92,1.0,156048.0,155818.0,230.0,1726,0,51,0.022083955914588026,8.880669638937583,0.36819901531373034,0.09404507390316595,0.07181455639061789
2411,demand_spike,all_combined,93,1.0,157723.0,157493.0,230.0,1725,0,75,0.0220031131036422,8.854111399930694,0.3689908543582671,0.09377931868602842,0.07181521649560946
2411,demand_spike,all_combined,94,1.0,159451.0,159221.0,230.0,1743,0,42,0.021896070863252036,8.818449632813921,0.36958118709022664,0.09354998340074183,0.0718158624436818
2411,demand_spike,all_combined,95,1.0,161149.0,160919.0,230.0,1727,0,57,0.021815285934228257,8.790038075814843,0.36963122949833566,0.09349261189606003,0.07181649468542657
2411,demand_spike,all_combined,96,1.0,162849.0,162619.0,230.0,1729,0,56,0.021717979895426415,8.754203236710214,0.3694636374307882,0.09349817920911682,0.07181711365251454
2411,demand_spike,all_combined,97,1.0,164561.0,164331.0,230.0,1730,0,48,0.021666581209865168,8.734633585524323,0.36991168605773334,0.09337186517334581,0.07181771975867783
2411,demand_spike,all_combined,98,1.0,166245.0,166015.0,230.0,1725,0,66,0.02158662691000323,8.707803407128281,0.3697108693359689,0.09336384937313476,0.07181831340063217
2411,demand_spike,all_combined,99,1.0,167962.0,167732.0,230.0,1730,0,42,0.021497750350614388,8.674217060723008,0.3708781101329269,0.09304495062576605,0.0718188949589429
2411,demand_spike,all_combined,100,1.0,169640.0,169410.0,230.0,1715,0,69,0.02142348992738053,8.644238561557447,0.3709049982138166,0.09303762714469085,0.07181946479883883
2411,demand_spike,all_combined,101,1.0,171343.0,171113.0,230.0,1734,0,55,0.021366972153763385,8.627230188619313,0.37056084676781065,0.09306074533208755,0.0718200232709763
2411,demand_spike,all_combined,102,1.0,173055.0,172825.0,230.0,1734,0,50,0.0212697528569063,8.590561032720245,0.3706920598462502,0.09299910745463023,0.07182057071215986
2411,demand_spike,all_combined,103,1.0,174753.0,174523.0,230.0,1732,0,58,0.021152088134134505,8.553916330292637,0.37018786427935185,0.09300664418280591,0.07182110744601874
2411,demand_spike,all_combined,104,1.0,176465.0,176235.0,230.0,1733,0,52,0.0210940147013956,8.532532505897178,0.37149892364138015,0.09265491307382964,0.07182163378364524
2411,demand_spike,all_combined,105,1.0,178176.0,177946.0,230.0,1740,0,52,0.021045969547762573,8.519000307262568,0.3711856137021807,0.09266820833638047,0.07182215002419584
2411,demand_spike,all_combined,106,1.0,179893.0,179663.0,230.0,1741,0,47,0.020975892331809746,8.496930580190467,0.37109483525069703,0.0926215407064244,0.07182265645545834
2411,demand_spike,all_combined,107,1.0,181605.0,181375.0,230.0,1731,0,49,0.02091021340031711,8.474212022378765,0.371517736036418,0.09247303660700411,0.0718231533543865
2411,demand_spike,all_combined,108,1.0,183300.0,183070.0,230.0,1727,0,56,0.020832044624630407,8.450399173123804,0.3720895158259053,0.09224436007376478,0.07182364098760559
2411,demand_spike,all_combined,109,1.0,185009.0,184779.0,230.0,1730,0,51,0.020786815815111145,8.43350607978911,0.37320192118219553,0.09195294086318381,0.071824119611889
2411,demand_spike,all_combined,110,1.0,186700.0,186470.0,230.0,1727,0,59,0.02070561553742984,8.409590495167096,0.3744560793025197,0.09154597601466867,0.07182458947460943
2411,demand_spike,all_combined,111,1.0,188400.0,188170.0,230.0,1723,0,54,0.020624151112802316,8.377673973770763,0.3758989613936996,0.09118125366666571,0.07182505081416475
2411,demand_spike,all_combined,112,1.0,190086.0,189856.0,230.0,1719,0,65,0.02055675313193389,8.352112135518027,0.37601943650675196,0.09113164891137499,0.07182550386038213
2411,demand_spike,all_combined,113,1.0,191792.0,191562.0,230.0,1734,0,55,0.020501698677980053,8.332057116883524,0.3765223027209243,0.09098410554394142,0.07182594883489894
2411,demand_spike,all_combined,114,1.0,193509.0,193279.0,230.0,1746,0,53,0.02045702272498792,8.319572986741425,0.37625845682539993,0.09098527387752876,0.07182638595152459
2411,demand_spike,all_combined,115,1.0,195237.0,195007.0,230.0,1753,0,40,0.020369325499904774,8.296507619578778,0.37616491737283303,0.09086914279388891,0.0718268154165836
2411,demand_spike,all_combined,116,1.0,196959.0,196729.0,230.0,1733,0,46,0.020293527137696513,8.26679799943611,0.3773997343696868,0.09055854946692006,0.07182723742923931
2411,demand_spike,all_combined,117,1.0,198659.0,198429.0,230.0,1736,0,54,0.020237436755426448,8.253850061416724,0.37860970538563615,0.0901603347956366,0.07182765218180312
2411,demand_spike,all_combined,118,1.0,200378.0,200148.0,230.0,1731,0,45,0.020170867423896382,8.225926598113032,0.37997204218814323,0.0898450109860911,0.07182805986002547
2411,demand_spike,all_combined,119,1.0,202065.0,201835.0,230.0,1726,0,59,0.020102707124218723,8.205275735504006,0.37972305971562,0.08982512592441044,0.07182846064337405
