seed,scenario,strategy,step,fill_rate,total_cost,holding_cost,backlog_cost,total_inventory,total_backlog,total_pipeline,bullwhip_total,bullwhip_retailer,bullwhip_dc,bullwhip_plant,bullwhip_supplier
24,capacity_loss,baseline,0,1.0,406.0,406.0,0.0,407,0,89,,,,,
24,capacity_loss,baseline,1,1.0,773.0,773.0,0.0,370,0,104,,,,,
24,capacity_loss,baseline,2,1.0,1160.0,1160.0,0.0,406,0,75,3.480899795773297,1.5133781168165772,,,2.300085984522786
24,capacity_loss,baseline,3,1.0,1563.0,1563.0,0.0,421,0,58,3.413572661589987,1.3785121662134838,,,2.4762731481481484
24,capacity_loss,baseline,4,1.0,1956.0,1956.0,0.0,412,0,51,0.6293685137909554,1.3255127408328156,0.8418525840158145,0.21502851392150285,2.6229439055250947
24,capacity_loss,baseline,5,0.9876543209876543,2356.0,2346.0,10.0,415,2,49,0.4602960205033154,1.9321543765988207,0.34324030445813697,0.2605596620908131,2.6637283708782236
24,capacity_loss,baseline,6,1.0,2752.0,2742.0,10.0,417,0,41,0.42991972542225637,2.2995709437103766,0.2751877346683354,0.2526056471480007,2.68948069241012
24,capacity_loss,baseline,7,1.0,3139.0,3129.0,10.0,407,0,44,0.3862486290980192,2.881599145698458,0.2240865795759488,0.22095012501644953,2.7072183494490667
24,capacity_loss,baseline,8,0.9956896551724138,3529.0,3514.0,15.0,412,1,49,0.36824258441569707,3.6169363777432957,0.17366553304746415,0.21551724137931033,2.720179023156256
24,capacity_loss,baseline,9,0.9923371647509579,3933.0,3908.0,25.0,413,2,39,0.3559228285313304,3.9053204580982053,0.1508644965082226,0.22127858142790474,2.73006345395301
24,capacity_loss,baseline,10,0.9501661129568106,4384.0,4284.0,100.0,399,15,49,0.3000003812843474,3.752575616123728,0.15394205141432377,0.18968165316950575,2.7378506822014415
24,capacity_loss,baseline,11,0.9567901234567902,4805.0,4660.0,145.0,403,9,48,0.2916185873836411,4.620446972308399,0.14662661911019337,0.1568597326778307,2.7441441441441445
24,capacity_loss,baseline,12,0.9275766016713092,5267.0,5047.0,220.0,406,15,41,0.260916448566205,4.594363178171074,0.1349281368913449,0.1530896353511766,2.7493360313646122
24,capacity_loss,baseline,13,0.9293193717277487,5748.0,5423.0,325.0,399,21,49,0.26225837885886094,5.7816679374368904,0.10694654646750457,0.15402600598876082,2.7536922898011396
24,capacity_loss,baseline,14,0.9292682926829269,6154.0,5799.0,355.0,401,6,46,0.2509360360591562,6.212456061288868,0.10950292188772524,0.13377479123173283,2.7573996340544613
24,capacity_loss,baseline,15,0.9350348027842227,6677.0,6182.0,495.0,402,28,42,0.24396986615935942,6.302788876813497,0.11474345028078108,0.12220054409057185,2.7605930081137933
24,capacity_loss,baseline,16,0.93058568329718,7139.0,6549.0,590.0,394,19,51,0.2392751465919258,7.136481244223023,0.10026504114846099,0.12101090688749745,2.7633723653395807
24,capacity_loss,baseline,17,0.9244897959183673,7544.0,6929.0,615.0,402,5,41,0.22695321401644084,7.149446002716047,0.09768800586038696,0.11748971193415637,2.7658133192574996
24,capacity_loss,baseline,18,0.9038461538461539,8177.0,7312.0,865.0,401,50,43,0.21679564746874921,6.952628096911073,0.1053118010585401,0.10697012247445203,2.7679741272078933
24,capacity_loss,baseline,19,0.8987341772151899,8754.0,7674.0,1080.0,392,43,55,0.21930676917969164,8.630234201468479,0.09162496007652719,0.10012706916683836,2.7699003999686296
24,capacity_loss,baseline,20,0.9,9258.0,8058.0,1200.0,403,24,38,0.21037186370702218,9.087289775264177,0.08293984336124273,0.10070593605817044,2.771628356765602
24,capacity_loss,baseline,21,0.8868852459016393,9735.0,8430.0,1305.0,395,21,50,0.20099060572974836,9.095115377140877,0.08179081722405739,0.09742800812522404,2.7731871241598873
24,capacity_loss,baseline,22,0.9174757281553398,10237.0,8802.0,1435.0,398,26,47,0.1979757985383605,9.243488914357982,0.08415781500743945,0.09172364063668406,2.7746003911782564
24,capacity_loss,baseline,23,0.910355486862442,10872.0,9182.0,1690.0,400,51,43,0.19470897091211634,9.8063550612366,0.07908436147695785,0.09044526901669757,2.775887621625104
24,capacity_loss,baseline,24,0.9174174174174174,11408.0,9553.0,1855.0,396,33,50,0.19507966717076428,10.830135713846637,0.07201589429879532,0.09006658804750503,2.7770649558941467
24,capacity_loss,baseline,25,0.9218523878437048,11919.0,9929.0,1990.0,399,27,44,0.19110174683830627,10.909402049421654,0.07430527202204758,0.08485726550761967,2.7781458912619055
24,capacity_loss,baseline,26,0.9164345403899722,12466.0,10306.0,2160.0,399,34,45,0.18542161956735545,10.70651516841074,0.07705986153447707,0.08086736693579998,2.7791418016481946
24,capacity_loss,baseline,27,0.9202702702702703,12973.0,10678.0,2295.0,397,27,49,0.18606276020457907,11.003911869508443,0.07599269207183158,0.0800361135155763,2.7800623393667627
24,capacity_loss,baseline,28,0.9162303664921466,13602.0,11062.0,2540.0,405,49,43,0.18051424263512433,11.221664349882781,0.07245345880551382,0.07983755801499463,2.7809157489857195
24,capacity_loss,baseline,29,0.9125475285171103,14181.0,11441.0,2740.0,402,40,49,0.17990101663249172,11.38367203288669,0.07501241289571456,0.07573670266965563,2.7817091149407744
24,capacity_loss,baseline,30,0.9147381242387332,14689.0,11814.0,2875.0,398,27,47,0.17790552692723538,11.377698629337152,0.07812787009710878,0.07192864606657708,2.782448558660316
24,capacity_loss,baseline,31,0.9146919431279621,15320.0,12195.0,3125.0,403,50,43,0.17521816193109938,11.275373311412057,0.07799905924149808,0.0715853028912345,2.783139396817858
24,capacity_loss,baseline,32,0.9158986175115207,15907.0,12572.0,3335.0,398,42,46,0.17748553572748108,11.6542631858151,0.07705312487255442,0.07099896206377465,2.783786269370488
24,capacity_loss,baseline,33,0.9137737961926092,16456.0,12946.0,3510.0,400,35,49,0.174888244748973,11.995514921839794,0.07802312828270343,0.06711008568716326,2.7843932439056993
24,capacity_loss,baseline,34,0.9121475054229935,17119.0,13329.0,3790.0,403,56,41,0.16987071607122037,12.17312575868366,0.07860373784781181,0.06374610299093637,2.7849639012580525
24,capacity_loss,baseline,35,0.9141039236479321,17762.0,13702.0,4060.0,398,54,50,0.17072842676483338,12.545258852838606,0.07693263193998816,0.06350563153660499,2.7855014062040904
24,capacity_loss,baseline,36,0.9118852459016393,18313.0,14078.0,4235.0,399,35,44,0.16610738795583693,12.634345054120812,0.0748539929542737,0.06304327934852227,2.786008566183969
24,capacity_loss,baseline,37,0.9100899100899101,18846.0,14456.0,4390.0,399,31,44,0.16278922294222128,12.684435035316307,0.07616946629201682,0.06046672550042119,2.786487880350696
24,capacity_loss,baseline,38,0.9050387596899225,19516.0,14826.0,4690.0,397,60,50,0.15740582232177322,12.308829316850705,0.07926460274669829,0.057889112366943704,2.786941580756016
24,capacity_loss,baseline,39,0.8969072164948454,20169.0,15209.0,4960.0,401,54,41,0.15245931857675388,12.322266811110179,0.07727866423635142,0.05743926555581081,2.787371667105411
24,capacity_loss,baseline,40,0.8900999091734787,20802.0,15577.0,5225.0,394,53,51,0.14370585750097015,12.039243873272103,0.07542267822839335,0.05676946750178802,2.7877799362240223
24,capacity_loss,baseline,41,0.8917480035492458,21623.0,15953.0,5670.0,400,89,44,0.1407884686622294,12.190563804909987,0.07802825329301818,0.0530850790767469,2.7881680071492405
24,capacity_loss,baseline,42,0.8920800696257616,22408.0,16333.0,6075.0,399,81,44,0.14003572387110935,12.652971960423052,0.0792363276836971,0.050089360960158084,2.788537342589041
24,capacity_loss,baseline,43,0.89666951323655,23145.0,16700.0,6445.0,393,74,51,0.13900309737480493,12.856633973095779,0.07784732829033456,0.049799182638105975,2.7888892673456174
24,capacity_loss,baseline,44,0.899581589958159,23826.0,17076.0,6750.0,400,61,43,0.13658962938242306,13.03329117440045,0.07651567437974502,0.049105447344148456,2.7892249841935364
24,capacity_loss,baseline,45,0.895986895986896,24418.0,17458.0,6960.0,400,42,42,0.13336010573986434,13.12851785217969,0.07791818026198839,0.04673453949442098,2.7895455876134405
24,capacity_loss,baseline,46,0.8951160928742994,25303.0,17823.0,7480.0,393,104,53,0.13158627987469945,13.178949969238825,0.0796390208464046,0.044938928313331516,2.7898520757117873
24,capacity_loss,baseline,47,0.892271662763466,26079.0,18204.0,7875.0,402,79,40,0.12561660909245265,13.449676153580807,0.0744929981426307,0.044935849362547374,2.7901453606001185
24,capacity_loss,baseline,48,0.8924731182795699,26820.0,18580.0,8240.0,396,73,47,0.12447269753223503,13.847809555418978,0.07263748827695682,0.044346734721830115,2.7904262774612247
24,capacity_loss,baseline,49,0.8913043478260869,27414.0,18944.0,8470.0,395,46,52,0.12068414822758733,13.713749606734448,0.07522217970806325,0.04192138608740625,2.790695592492017
24,capacity_loss,baseline,50,0.8812818645302258,28099.0,19334.0,8765.0,405,59,36,0.11615527842618764,13.30623185497303,0.07722487868351016,0.0405017649346742,2.790954009882175
24,capacity_loss,baseline,51,0.8837042354630295,28764.0,19699.0,9065.0,391,60,55,0.11634482518647991,13.510625313907621,0.07619495233879836,0.040490591800313815,2.7912021779624574
24,capacity_loss,baseline,52,0.8879492600422833,29641.0,20071.0,9570.0,399,101,45,0.1139499902785707,13.538785783309365,0.07664155426859785,0.03934068039374893,2.79144069463568
24,capacity_loss,baseline,53,0.8850415512465374,30441.0,20456.0,9985.0,402,83,41,0.1117860857758359,13.553071630822565,0.07791300382046502,0.03792066724856949,2.79167011218611
24,capacity_loss,baseline,54,0.8863172226004085,31292.0,20822.0,10470.0,392,97,53,0.11097956050186707,13.669031254141144,0.07703056850666425,0.037752325720863004,2.791890941548781
24,capacity_loss,baseline,55,0.8883689839572193,32317.0,21197.0,11120.0,400,130,43,0.1083089740542803,13.651724433768019,0.07594054370615,0.03741723480353241,2.7921036561081176
24,capacity_loss,baseline,56,0.882699868938401,33309.0,21579.0,11730.0,400,122,43,0.10608856062888365,13.90592572346624,0.07582465003483194,0.03603253428631099,2.7923086950853855
24,capacity_loss,baseline,57,0.8811817597944765,34161.0,21946.0,12215.0,394,97,51,0.1043129909085873,13.87750049409734,0.07664045888485217,0.03512164610393816,2.7925064665659343
24,capacity_loss,baseline,58,0.8829854522454142,35141.0,22326.0,12815.0,401,120,41,0.1045901692897887,14.102567733070282,0.07563255705807305,0.035112359550561786,2.7926973502101218
24,capacity_loss,baseline,59,0.8751545117428925,36015.0,22700.0,13315.0,396,100,48,0.09987799856894299,14.021261828684878,0.07369369203498882,0.034609862693625926,2.792881699685883
24,capacity_loss,baseline,60,0.8686746987951808,36844.0,23069.0,13775.0,397,92,49,0.09565099348304086,14.066638142519446,0.0734619800976618,0.033140289532588955,2.7930598448556796
24,capacity_loss,baseline,61,0.8667061611374408,37584.0,23454.0,14130.0,403,71,40,0.09253865759442369,14.268390750109893,0.07244225212713308,0.03205156456588804,2.793232093746264
24,capacity_loss,baseline,62,0.8648806057076296,38198.0,23823.0,14375.0,394,49,52,0.09064433679725047,14.225099035522039,0.07132412350488992,0.0319827646118563,2.7933987343261126
24,capacity_loss,baseline,63,0.8679678530424799,39029.0,24194.0,14835.0,398,92,48,0.09058316154139691,14.250122971727151,0.07238789331807637,0.03143438119580536,2.793560036111947
24,capacity_loss,baseline,64,0.869540555870675,39768.0,24578.0,15190.0,403,71,41,0.08921444633571705,14.29939416460572,0.07352742754025095,0.030372873465993194,2.7937162516233403
24,capacity_loss,baseline,65,0.8687150837988827,40387.0,24952.0,15435.0,396,49,48,0.08819234527520294,14.227515546956466,0.07396428635557101,0.029996730939792743,2.7938676177018142
24,capacity_loss,baseline,66,0.8677277716794731,40874.0,25324.0,15550.0,398,23,46,0.08636124773186409,14.009632156912824,0.07359825182119437,0.029977543640643974,2.794014356709004
24,capacity_loss,baseline,67,0.8654054054054054,41800.0,25710.0,16090.0,402,108,38,0.08468557904523322,13.899919331661476,0.07426837928486556,0.029359082553202617,2.7941566776165505
24,capacity_loss,baseline,68,0.8646776771443794,43191.0,26076.0,17115.0,393,205,52,0.08357210864517628,13.808182784618952,0.07574557499326015,0.028595345428258746,2.7942947769990774
24,capacity_loss,baseline,69,0.8637316561844863,44770.0,26455.0,18315.0,400,240,41,0.08337627146809262,13.878135134129806,0.07567646896990679,0.028409097887402642,2.7944288399400232
24,capacity_loss,baseline,70,0.8597938144329897,46242.0,26827.0,19415.0,396,220,49,0.08110664788508422,14.01292236574027,0.07309398806705465,0.02833562453155155,2.7945590408592302
24,capacity_loss,baseline,71,0.8615776081424936,47592.0,27202.0,20390.0,399,195,45,0.07960523580927582,14.203857324721485,0.07270265101198815,0.027583675577163784,2.794685544270033
24,capacity_loss,baseline,72,0.8587174348697395,48841.0,27581.0,21260.0,399,174,44,0.07812238429386535,14.338126996928994,0.07258159750062032,0.026859905958656033,2.7948085054727163
24,capacity_loss,baseline,73,0.8621031746031746,50141.0,27951.0,22190.0,395,186,49,0.07771591244358221,14.444537417688359,0.07180319939190825,0.026809695453233133,2.794928071190567
24,capacity_loss,baseline,74,0.8633023027927487,51327.0,28327.0,23000.0,400,162,44,0.07654451731796946,14.514941543583964,0.0711631906973158,0.02651274394795777,2.7950443801539047
24,capacity_loss,baseline,75,0.8592092574734812,52568.0,28708.0,23860.0,400,172,43,0.07464343047246788,14.547934779593408,0.0712670625660678,0.02575698898581408,2.795157563637071
24,capacity_loss,baseline,76,0.862876254180602,53679.0,29079.0,24600.0,396,148,48,0.07346480484027408,14.798764780013279,0.07014556553159446,0.025318048509828783,2.7952677459526796
24,capacity_loss,baseline,77,0.8627358490566037,54681.0,29456.0,25225.0,399,125,44,0.07219946651733007,14.79849445669052,0.06892157917195338,0.025323349616517325,2.7953750449070656
24,capacity_loss,baseline,78,0.8589327146171694,55755.0,29830.0,25925.0,397,140,47,0.0713022352316938,14.742466058470331,0.06916564949083197,0.025014177400984546,2.79547957222046
24,capacity_loss,baseline,79,0.861276986678916,56710.0,30205.0,26505.0,398,116,45,0.0708339147502059,14.882078784211041,0.06987876593460103,0.024364655260881673,2.7955814339149834
24,capacity_loss,baseline,80,0.8599274705349048,57740.0,30580.0,27160.0,398,131,46,0.0700515965560752,14.812468321078391,0.07001031978523192,0.024162450025968122,2.7956807306733618
24,capacity_loss,baseline,81,0.8590604026845637,58656.0,30956.0,27700.0,398,108,45,0.06876307443110637,14.86206974192672,0.06847907492667625,0.024166596542820572,2.7957775581708755
24,capacity_loss,baseline,82,0.8624056813138038,59456.0,31331.0,28125.0,398,85,45,0.06818612606510689,14.8817826795938,0.06861228282998916,0.023884816210795672,2.7958720073828247
24,capacity_loss,baseline,83,0.8603327495621717,60276.0,31706.0,28570.0,398,89,46,0.0670614547064451,14.74757888965173,0.06947239528878603,0.02341037487562585,2.79596416486965
24,capacity_loss,baseline,84,0.8620988725065047,61514.0,32084.0,29430.0,398,172,43,0.06672120292685045,14.757440829653007,0.06955898906315257,0.023246307767948962,2.796054113041519
24,capacity_loss,baseline,85,0.8656909169177788,62807.0,32452.0,30355.0,395,185,50,0.06637416988008929,14.81374212002508,0.06903550098860427,0.023211469139361115,2.7961419304041195
24,capacity_loss,baseline,86,0.865531914893617,63996.0,32831.0,31165.0,401,162,43,0.06567016424737634,15.019982891397976,0.06853633828552015,0.02281419948604554,2.796227691787194
24,capacity_loss,baseline,87,0.8656276326874474,65177.0,33207.0,31970.0,398,161,47,0.06506872011904156,15.195564770703056,0.06893135494538309,0.022215344848981963,2.7963114685571933
24,capacity_loss,baseline,88,0.8663057059558518,66227.0,33577.0,32650.0,397,136,50,0.06417562695337846,15.228414438642659,0.06865554244905514,0.021950356208355844,2.7963933288153524
24,capacity_loss,baseline,89,0.8625922887612797,67177.0,33962.0,33215.0,403,113,39,0.06276355508920556,15.02314929926653,0.06820230930532922,0.021904673740559624,2.7964733375823267
24,capacity_loss,baseline,90,0.8606158833063209,68184.0,34334.0,33850.0,394,127,49,0.06243815439502084,14.972140367395182,0.06949919556630586,0.02145673112556603,2.7965515569704125
24,capacity_loss,baseline,91,0.8635086310718587,69202.0,34702.0,34500.0,395,130,48,0.06240327292329426,15.045324543297655,0.07113410601178156,0.020849383667180282,2.7966280463443867
24,capacity_loss,baseline,92,0.861904761904762,70130.0,35085.0,35045.0,401,109,39,0.061335948863167844,14.988754054624666,0.0706859119768174,0.020700000798996455,2.796702862471745
24,capacity_loss,baseline,93,0.8616895874263262,70938.0,35453.0,35485.0,394,88,51,0.0607312450258799,14.991292729084265,0.0702747199959082,0.02061181722330922,2.796776059663222
24,capacity_loss,baseline,94,0.8637071651090342,71629.0,35829.0,35800.0,400,63,44,0.06043573523961647,14.968200618559377,0.07210937398150295,0.020019981555487246,2.7968476899042547
24,capacity_loss,baseline,95,0.8657640232108317,73319.0,36209.0,37110.0,399,262,44,0.06015345835180548,14.985424339580362,0.07326881322603382,0.019588117261651078,2.7969178029781303
24,capacity_loss,baseline,96,0.8683806600153492,74998.0,36578.0,38420.0,395,262,49,0.05976187176847976,15.09639872951636,0.07229343059203384,0.01957769855782303,2.796986446581357
24,capacity_loss,baseline,97,0.8655812192351382,76570.0,36955.0,39615.0,400,239,44,0.05835611444275325,14.990226874232647,0.0725675796081183,0.019179387082446996,2.79705366643188
24,capacity_loss,baseline,98,0.8656660412757974,78032.0,37327.0,40705.0,398,218,51,0.05779988897284799,15.024117582545609,0.0745078908777251,0.018459704243978678,2.7971195063706076
24,capacity_loss,baseline,99,0.8630643967431533,79378.0,37708.0,41670.0,401,193,43,0.05689827046063054,14.841146216871145,0.07557909068198441,0.018134639320309544,2.7971840084567825
24,capacity_loss,baseline,100,0.8610603290676416,80709.0,38079.0,42630.0,395,192,50,0.056308005628670284,14.713036302044907,0.07542714650379617,0.01813883168287126,2.7972472130575685
24,capacity_loss,baseline,101,0.8614327062228654,82171.0,38451.0,43720.0,398,218,47,0.05605805463813962,14.676521104758576,0.0769261355479612,0.017750088223693773,2.7973091589323
24,capacity_loss,baseline,102,0.859391771019678,83538.0,38833.0,44705.0,401,197,42,0.055182678651849316,14.586120006497866,0.07768055304537479,0.01741008100583293,2.7973698833117244
24,capacity_loss,baseline,103,0.8596242467210209,84874.0,39204.0,45670.0,395,193,49,0.05465307230744358,14.585051032477239,0.07717781312197752,0.017356214987274434,2.797429421972659
24,capacity_loss,baseline,104,0.8578431372549019,86793.0,39578.0,47215.0,398,309,45,0.0536867197061174,14.466482443961889,0.07681191051559101,0.017270589226967042,2.797487809308239
24,capacity_loss,baseline,105,0.8576883026726831,88665.0,39955.0,48710.0,399,299,45,0.05341918416174998,14.548853743135822,0.07786692679904406,0.016855372125902577,2.7975450783941977
24,capacity_loss,baseline,106,0.8585197934595525,90420.0,40330.0,50090.0,397,276,46,0.05309704487258183,14.531379994368304,0.07872887204621382,0.016589895367267214,2.797601261051332
24,capacity_loss,baseline,107,0.8579216354344122,92052.0,40702.0,51350.0,397,252,47,0.052751387363219944,14.47120546296931,0.07857290699909102,0.016582957296336655,2.7976563879044654
24,capacity_loss,baseline,108,0.855506904681711,93956.0,41081.0,52875.0,399,305,43,0.05242448015048401,14.386207165470914,0.07911125361896611,0.01646443322790103,2.7977104884380997
24,capacity_loss,baseline,109,0.856331440026729,95736.0,41451.0,54285.0,396,282,49,0.051826961553847445,14.452356373150144,0.07910546035678298,0.01620315587040631,2.7977635910490344
24,capacity_loss,baseline,110,0.8571428571428571,97411.0,41831.0,55580.0,401,259,42,0.05125199295604976,14.57718857654813,0.07817893674156755,0.016074153809971178,2.797815723096018
24,capacity_loss,baseline,111,0.8572837882275567,98979.0,42209.0,56770.0,397,238,44,0.050881409720313506,14.60720471711412,0.07748731964284598,0.016066982804663916,2.7978669109468024
24,capacity_loss,baseline,112,0.8590078328981723,100514.0,42574.0,57940.0,393,234,51,0.05067316185658179,14.604370228316641,0.07798942716979253,0.015901005374940602,2.797917180022566
24,capacity_loss,baseline,113,0.855072463768116,101950.0,42955.0,58995.0,402,211,40,0.04959025334669428,14.42624854245161,0.07886569884090831,0.01557801945719203,2.7979665548400394
24,capacity_loss,baseline,114,0.8521351179094965,103285.0,43330.0,59955.0,397,192,48,0.049070099383990526,14.31735300263202,0.07954495676781018,0.015398964118157533,2.798015059051358
24,capacity_loss,baseline,115,0.8509297195083517,104761.0,43701.0,61060.0,396,221,48,0.04873440863452762,14.218175922614671,0.07958267780861049,0.015392736120243647,2.798062715481859
24,capacity_loss,baseline,116,0.8517360025023459,106243.0,44078.0,62165.0,400,221,44,0.048530430501511984,14.290958215944492,0.07963713506728504,0.015239560883386197,2.7981095461658847
24,capacity_loss,baseline,117,0.8519093449239367,107621.0,44456.0,63165.0,399,200,45,0.04809442724760827,14.322582155855766,0.08030987716086138,0.014942821775104491,2.798155572380751
24,capacity_loss,baseline,118,0.8540573896945387,108874.0,44829.0,64045.0,396,176,47,0.047759446930690896,14.36713354005759,0.0799106195676666,0.014866398971349785,2.7982008146789923
24,capacity_loss,baseline,119,0.8551301684532925,110117.0,45202.0,64915.0,398,174,46,0.04746383826954527,14.373465709660522,0.07955129973047126,0.014834342322509632,2.7982452929189408
24,capacity_loss,dual_only,0,1.0,406.0,406.0,0.0,407,0,89,,,,,
24,capacity_loss,dual_only,1,1.0,773.0,773.0,0.0,370,0,104,,,,,
24,capacity_loss,dual_only,2,1.0,1160.0,1160.0,0.0,406,0,75,3.480899795773297,1.5133781168165772,,,2.300085984522786
24,capacity_loss,dual_only,3,1.0,1563.0,1563.0,0.0,421,0,59,3.3569324047606135,1.3785121662134838,,,2.435185185185185
24,capacity_loss,dual_only,4,1.0,1956.0,1956.0,0.0,412,0,52,0.623397659583902,1.3255127408328156,0.8418525840158145,0.21502851392150285,2.5980598903416285
24,capacity_loss,dual_only,5,0.9876543209876543,2357.0,2347.0,10.0,416,2,49,0.45764448073573916,1.9321543765988207,0.34324030445813697,0.2605596620908131,2.648383937316357
24,capacity_loss,dual_only,6,1.0,2754.0,2744.0,10.0,418,0,41,0.42842975706996594,2.2995709437103766,0.2751877346683354,0.2526056471480007,2.680159786950731
24,capacity_loss,dual_only,7,1.0,3142.0,3132.0,10.0,408,0,44,0.38551071743847487,2.881599145698458,0.2240865795759488,0.22095012501644953,2.7020463233640655
24,capacity_loss,dual_only,8,0.9956896551724138,3533.0,3518.0,15.0,413,1,49,0.36795281630434645,3.6169363777432957,0.17366553304746415,0.21551724137931033,2.7180385288966735
24,capacity_loss,dual_only,9,0.9923371647509579,3938.0,3913.0,25.0,414,2,39,0.3559451868973415,3.9053204580982053,0.1508644965082226,0.22127858142790474,2.7302349511233066
24,capacity_loss,dual_only,10,0.9501661129568106,4390.0,4290.0,100.0,400,15,49,0.3002187588506555,3.752575616123728,0.15394205141432377,0.18968165316950575,2.739843630231489
24,capacity_loss,dual_only,11,0.9567901234567902,4812.0,4667.0,145.0,404,9,48,0.2919868112679075,4.620446972308399,0.14662661911019337,0.1568597326778307,2.7476091476091478
24,capacity_loss,dual_only,12,0.9275766016713092,5275.0,5055.0,220.0,407,15,41,0.26136053102615964,4.594363178171074,0.1349281368913449,0.1530896353511766,2.7540154293663845
24,capacity_loss,dual_only,13,0.9293193717277487,5757.0,5432.0,325.0,400,21,49,0.26280108169952493,5.7816679374368904,0.10694654646750457,0.15402600598876082,2.759390626817071
24,capacity_loss,dual_only,14,0.9292682926829269,6164.0,5809.0,355.0,402,6,46,0.25153352613291424,6.212456061288868,0.10950292188772524,0.13377479123173283,2.763965127542783
24,capacity_loss,dual_only,15,0.9350348027842227,6688.0,6193.0,495.0,403,28,42,0.24461610877446277,6.302788876813497,0.11474345028078108,0.12220054409057185,2.7679054392467193
24,capacity_loss,dual_only,16,0.93058568329718,7151.0,6561.0,590.0,395,19,51,0.23996460682652057,7.136481244223023,0.10026504114846099,0.12101090688749745,2.771334894613584
24,capacity_loss,dual_only,17,0.9244897959183673,7557.0,6942.0,615.0,403,5,41,0.227653441815022,7.149446002716047,0.09768800586038696,0.11748971193415637,2.774346793349168
24,capacity_loss,dual_only,18,0.9038461538461539,8191.0,7326.0,865.0,402,50,43,0.2175035993419059,6.952628096911073,0.1053118010585401,0.10697012247445203,2.777013019321669
24,capacity_loss,dual_only,19,0.8987341772151899,8769.0,7689.0,1080.0,393,43,55,0.22005809620114591,8.630234201468479,0.09162496007652719,0.10012706916683836,2.7793898517763314
24,capacity_loss,dual_only,20,0.9,9274.0,8074.0,1200.0,404,24,38,0.2111228086565118,9.087289775264177,0.08293984336124273,0.10070593605817044,2.7815219817005126
24,capacity_loss,dual_only,21,0.8868852459016393,9752.0,8447.0,1305.0,396,21,50,0.2017340848447975,9.095115377140877,0.08179081722405739,0.09742800812522404,2.783445348425893
24,capacity_loss,dual_only,22,0.9174757281553398,10255.0,8820.0,1435.0,399,26,47,0.198731339518222,9.243488914357982,0.08415781500743945,0.09172364063668406,2.785189181897889
24,capacity_loss,dual_only,23,0.910355486862442,10891.0,9201.0,1690.0,401,51,43,0.19547281909996075,9.8063550612366,0.07908436147695785,0.09044526901669757,2.786777498550164
24,capacity_loss,dual_only,24,0.9174174174174174,11428.0,9573.0,1855.0,397,33,50,0.19586398978472525,10.830135713846637,0.07201589429879532,0.09006658804750503,2.788230214052188
24,capacity_loss,dual_only,25,0.9218523878437048,11940.0,9950.0,1990.0,400,27,44,0.19188716895419028,10.909402049421654,0.07430527202204758,0.08485726550761967,2.7895639827249603
24,capacity_loss,dual_only,26,0.9164345403899722,12488.0,10328.0,2160.0,400,34,45,0.18619896536197936,10.70651516841074,0.07705986153447707,0.08086736693579998,2.7907928388746814
24,capacity_loss,dual_only,27,0.9202702702702703,12996.0,10701.0,2295.0,398,27,49,0.18685694614380674,11.003911869508443,0.07599269207183158,0.0800361135155763,2.7919286925138076
24,capacity_loss,dual_only,28,0.9162303664921466,13626.0,11086.0,2540.0,406,49,43,0.1812974662953576,11.221664349882781,0.07245345880551382,0.07983755801499463,2.7929817166341753
24,capacity_loss,dual_only,29,0.9125475285171103,14206.0,11466.0,2740.0,403,40,49,0.18069335832383174,11.38367203288669,0.07501241289571456,0.07573670266965563,2.793960652737532
24,capacity_loss,dual_only,30,0.9147381242387332,14715.0,11840.0,2875.0,399,27,47,0.17869993025790826,11.377698629337152,0.07812787009710878,0.07192864606657708,2.7948730540686553
24,capacity_loss,dual_only,31,0.9146919431279621,15347.0,12222.0,3125.0,404,50,43,0.17601054427400187,11.275373311412057,0.07799905924149808,0.0715853028912345,2.7957254808834007
24,capacity_loss,dual_only,32,0.9158986175115207,15935.0,12600.0,3335.0,399,42,46,0.17829763195299705,11.6542631858151,0.07705312487255442,0.07099896206377465,2.796523658435646
24,capacity_loss,dual_only,33,0.9137737961926092,16485.0,12975.0,3510.0,401,35,49,0.17569719980158996,11.995514921839794,0.07802312828270343,0.06711008568716326,2.7972726057310933
24,capacity_loss,dual_only,34,0.9121475054229935,17149.0,13359.0,3790.0,404,56,41,0.1706644428527202,12.17312575868366,0.07860373784781181,0.06374610299093637,2.797976741169859
24,capacity_loss,dual_only,35,0.9141039236479321,17793.0,13733.0,4060.0,399,54,50,0.17153371312504653,12.545258852838606,0.07693263193998816,0.06350563153660499,2.798639969777106
24,capacity_loss,dual_only,36,0.9118852459016393,18345.0,14110.0,4235.0,400,35,44,0.16689780803644783,12.634345054120812,0.0748539929542737,0.06304327934852227,2.7992657556597993
24,capacity_loss,dual_only,37,0.9100899100899101,18879.0,14489.0,4390.0,400,31,44,0.1635702700546735,12.684435035316307,0.07616946629201682,0.06046672550042119,2.799857182528663
24,capacity_loss,dual_only,38,0.9050387596899225,19550.0,14860.0,4690.0,398,60,50,0.15816691117019585,12.308829316850705,0.07926460274669829,0.057889112366943704,2.8004170045175503
24,capacity_loss,dual_only,39,0.8969072164948454,20204.0,15244.0,4960.0,402,54,41,0.15320187870312107,12.322266811110179,0.07727866423635142,0.05743926555581081,2.80094768906773
24,capacity_loss,dual_only,40,0.8900999091734787,20838.0,15613.0,5225.0,395,53,51,0.14441060361711505,12.039243873272103,0.07542267822839335,0.05676946750178802,2.80145145328593
24,capacity_loss,dual_only,41,0.8917480035492458,21660.0,15990.0,5670.0,401,89,44,0.1414833950130154,12.190563804909987,0.07802825329301818,0.0530850790767469,2.8019302949061657
24,capacity_loss,dual_only,42,0.8920800696257616,22446.0,16371.0,6075.0,400,81,44,0.14073118143721386,12.652971960423052,0.0792363276836971,0.050089360960158084,2.802386018767224
24,capacity_loss,dual_only,43,0.89666951323655,23184.0,16739.0,6445.0,394,74,51,0.13969744228407713,12.856633973095779,0.07784732829033456,0.049799182638105975,2.802820259545625
24,capacity_loss,dual_only,44,0.899581589958159,23866.0,17116.0,6750.0,401,61,43,0.1372756818761298,13.03329117440045,0.07651567437974502,0.049105447344148456,2.803234501347709
24,capacity_loss,dual_only,45,0.895986895986896,24459.0,17499.0,6960.0,401,42,42,0.1340334452818991,13.12851785217969,0.07791818026198839,0.04673453949442098,2.803630094655693
24,capacity_loss,dual_only,46,0.8951160928742994,25345.0,17865.0,7480.0,394,104,53,0.13225397157636357,13.178949969238825,0.0796390208464046,0.044938928313331516,2.804008271035471
24,capacity_loss,dual_only,47,0.892271662763466,26122.0,18247.0,7875.0,403,79,40,0.12625703112254277,13.449676153580807,0.0744929981426307,0.044935849362547374,2.804370155943599
24,capacity_loss,dual_only,48,0.8924731182795699,26864.0,18624.0,8240.0,397,73,47,0.12511015475651815,13.847809555418978,0.07263748827695682,0.044346734721830115,2.8047167799140738
24,capacity_loss,dual_only,49,0.8913043478260869,27459.0,18989.0,8470.0,396,46,52,0.12130486781716238,13.713749606734448,0.07522217970806325,0.04192138608740625,2.8050490883590458
24,capacity_loss,dual_only,50,0.8812818645302258,28145.0,19380.0,8765.0,406,59,36,0.11675516478854323,13.30623185497303,0.07722487868351016,0.0405017649346742,2.8053679501798072
24,capacity_loss,dual_only,51,0.8837042354630295,28811.0,19746.0,9065.0,392,60,55,0.1169480566028104,13.510625313907621,0.07619495233879836,0.040490591800313815,2.805674165353201
24,capacity_loss,dual_only,52,0.8879492600422833,29689.0,20119.0,9570.0,400,101,45,0.11454303173232022,13.538785783309365,0.07664155426859785,0.03934068039374893,2.8059684716328985
24,capacity_loss,dual_only,53,0.8850415512465374,30490.0,20505.0,9985.0,403,83,41,0.11236996633721028,13.553071630822565,0.07791300382046502,0.03792066724856949,2.8062515504837524
24,capacity_loss,dual_only,54,0.8863172226004085,31342.0,20872.0,10470.0,393,97,53,0.11156123579644955,13.669031254141144,0.07703056850666425,0.037752325720863004,2.806524032349679
24,capacity_loss,dual_only,55,0.8883689839572193,32368.0,21248.0,11120.0,401,130,43,0.10887853883382378,13.651724433768019,0.07594054370615,0.03741723480353241,2.8067865013408384
24,capacity_loss,dual_only,56,0.882699868938401,33361.0,21631.0,11730.0,401,122,43,0.10664823006328844,13.90592572346624,0.07582465003483194,0.03603253428631099,2.807039499413374
24,capacity_loss,dual_only,57,0.8811817597944765,34214.0,21999.0,12215.0,395,97,51,0.10486498235893306,13.87750049409734,0.07664045888485217,0.03512164610393816,2.8072835301047454
24,capacity_loss,dual_only,58,0.8829854522454142,35195.0,22380.0,12815.0,402,120,41,0.10514526178216733,14.102567733070282,0.07563255705807305,0.035112359550561786,2.8075190618787604
24,capacity_loss,dual_only,59,0.8751545117428925,36070.0,22755.0,13315.0,397,100,48,0.10040958915281231,14.021261828684878,0.07369369203498882,0.034609862693625926,2.8077465311271053
24,capacity_loss,dual_only,60,0.8686746987951808,36900.0,23125.0,13775.0,398,92,49,0.09616148076749484,14.066638142519446,0.0734619800976618,0.033140289532588955,2.8079663448678374
24,capacity_loss,dual_only,61,0.8667061611374408,37641.0,23511.0,14130.0,404,71,40,0.09303383872608163,14.268390750109893,0.07244225212713308,0.03205156456588804,2.808178883175895
24,capacity_loss,dual_only,62,0.8648806057076296,38256.0,23881.0,14375.0,395,49,52,0.09113061714776584,14.225099035522039,0.07132412350488992,0.0319827646118563,2.8083845013762447
24,capacity_loss,dual_only,63,0.8679678530424799,39088.0,24253.0,14835.0,399,92,48,0.091070309030524,14.250122971727151,0.07238789331807637,0.03143438119580536,2.8085835320262045
24,capacity_loss,dual_only,64,0.869540555870675,39828.0,24638.0,15190.0,404,71,41,0.08969537301941137,14.29939416460572,0.07352742754025095,0.030372873465993194,2.8087762867102612
24,capacity_loss,dual_only,65,0.8687150837988827,40448.0,25013.0,15435.0,397,49,48,0.08866885398489248,14.227515546956466,0.07396428635557101,0.029996730939792743,2.8089630576677225
24,capacity_loss,dual_only,66,0.8677277716794731,40936.0,25386.0,15550.0,399,23,46,0.08682889929192636,14.009632156912824,0.07359825182119437,0.029977543640643974,2.8091441192711217
24,capacity_loss,dual_only,67,0.8654054054054054,41863.0,25773.0,16090.0,403,108,38,0.08514514232892846,13.899919331661476,0.07426837928486556,0.029359082553202617,2.8093197293710714
24,capacity_loss,dual_only,68,0.8646776771443794,43255.0,26140.0,17115.0,394,205,52,0.08402657312971318,13.808182784618952,0.07574557499326015,0.028595345428258746,2.8094901305214433
24,capacity_loss,dual_only,69,0.8637316561844863,44835.0,26520.0,18315.0,401,240,41,0.0838305848450717,13.878135134129806,0.07567646896990679,0.028409097887402642,2.809655551097127
24,capacity_loss,dual_only,70,0.8597938144329897,46308.0,26893.0,19415.0,397,220,49,0.08154945747624587,14.01292236574027,0.07309398806705465,0.02833562453155155,2.8098162063151775
24,capacity_loss,dual_only,71,0.8615776081424936,47659.0,27269.0,20390.0,400,195,45,0.08004067146356035,14.203857324721485,0.07270265101198815,0.027583675577163784,2.8099722991689733
24,capacity_loss,dual_only,72,0.8587174348697395,48909.0,27649.0,21260.0,400,174,44,0.07855049398707624,14.338126996928994,0.07258159750062032,0.026859905958656033,2.8101240212839134
24,capacity_loss,dual_only,73,0.8621031746031746,50210.0,28020.0,22190.0,396,186,49,0.07814255410056943,14.444537417688359,0.07180319939190825,0.026809695453233133,2.8102715537021887
24,capacity_loss,dual_only,74,0.8633023027927487,51397.0,28397.0,23000.0,401,162,44,0.07696545584045827,14.514941543583964,0.0711631906973158,0.02651274394795777,2.810415067603474
24,capacity_loss,dual_only,75,0.8592092574734812,52639.0,28779.0,23860.0,401,172,43,0.07505460476768153,14.547934779593408,0.0712670625660678,0.02575698898581408,2.8105547249674774
24,capacity_loss,dual_only,76,0.862876254180602,53751.0,29151.0,24600.0,397,148,48,0.07387014804273893,14.798764780013279,0.07014556553159446,0.025318048509828783,2.810690679183832
24,capacity_loss,dual_only,77,0.8627358490566037,54754.0,29529.0,25225.0,400,125,44,0.07259846112730893,14.79849445669052,0.06892157917195338,0.025323349616517325,2.8108230756140458
24,capacity_loss,dual_only,78,0.8589327146171694,55829.0,29904.0,25925.0,398,140,47,0.07169688036223332,14.742466058470331,0.06916564949083197,0.025014177400984546,2.81095205210997
24,capacity_loss,dual_only,79,0.861276986678916,56785.0,30280.0,26505.0,399,116,45,0.07122655721624459,14.882078784211041,0.06987876593460103,0.024364655260881673,2.8110777394925477
24,capacity_loss,dual_only,80,0.8599274705349048,57816.0,30656.0,27160.0,399,131,46,0.07044047069857472,14.812468321078391,0.07001031978523192,0.024162450025968122,2.811200261994433
24,capacity_loss,dual_only,81,0.8590604026845637,58733.0,31033.0,27700.0,399,108,45,0.06914533948025776,14.86206974192672,0.06847907492667625,0.024166596542820572,2.8113197376695735
24,capacity_loss,dual_only,82,0.8624056813138038,59534.0,31409.0,28125.0,399,85,45,0.06856570974000069,14.8817826795938,0.06861228282998916,0.023884816210795672,2.8114362787726046
24,capacity_loss,dual_only,83,0.8603327495621717,60355.0,31785.0,28570.0,399,89,46,0.06743528218990086,14.74757888965173,0.06947239528878603,0.02341037487562585,2.8115499921106633
24,capacity_loss,dual_only,84,0.8620988725065047,61594.0,32164.0,29430.0,399,172,43,0.0670936237932732,14.757440829653007,0.06955898906315257,0.023246307767948962,2.8116609793698357
24,capacity_loss,dual_only,85,0.8656909169177788,62888.0,32533.0,30355.0,396,185,50,0.06674512965029193,14.81374212002508,0.06903550098860427,0.023211469139361115,2.811769337418483
24,capacity_loss,dual_only,86,0.865531914893617,64078.0,32913.0,31165.0,402,162,43,0.0660376492408054,15.019982891397976,0.06853633828552015,0.02281419948604554,2.8118751585891912
24,capacity_loss,dual_only,87,0.8656276326874474,65260.0,33290.0,31970.0,399,161,47,0.06543328454929731,15.195564770703056,0.06893135494538309,0.022215344848981963,2.811978530941195
24,capacity_loss,dual_only,88,0.8663057059558518,66311.0,33661.0,32650.0,398,136,50,0.06453561649096147,15.228414438642659,0.06865554244905514,0.021950356208355844,2.8120795385047685
24,capacity_loss,dual_only,89,0.8625922887612797,67262.0,34047.0,33215.0,404,113,39,0.06311603363595207,15.02314929926653,0.06820230930532922,0.021904673740559624,2.8121782615090454
24,capacity_loss,dual_only,90,0.8606158833063209,68270.0,34420.0,33850.0,395,127,49,0.06278920417703943,14.972140367395182,0.06949919556630586,0.02145673112556603,2.8122747765945415
24,capacity_loss,dual_only,91,0.8635086310718587,69289.0,34789.0,34500.0,396,130,48,0.0627545162094242,15.045324543297655,0.07113410601178156,0.020849383667180282,2.812369157011588
24,capacity_loss,dual_only,92,0.861904761904762,70218.0,35173.0,35045.0,402,109,39,0.061681559163986724,14.988754054624666,0.0706859119768174,0.020700000798996455,2.8124614728057296
24,capacity_loss,dual_only,93,0.8616895874263262,71027.0,35542.0,35485.0,395,88,51,0.0610738108174547,14.991292729084265,0.0702747199959082,0.02061181722330922,2.812551790991103
24,capacity_loss,dual_only,94,0.8637071651090342,71719.0,35919.0,35800.0,401,63,44,0.06077698746244511,14.968200618559377,0.07210937398150295,0.020019981555487246,2.812640175712673
24,capacity_loss,dual_only,95,0.8657640232108317,73410.0,36300.0,37110.0,400,262,44,0.060493460882337036,14.985424339580362,0.07326881322603382,0.019588117261651078,2.812726688398145
24,capacity_loss,dual_only,96,0.8683806600153492,75090.0,36670.0,38420.0,396,262,49,0.060099995721495554,15.09639872951636,0.07229343059203384,0.01957769855782303,2.8128113879003553
24,capacity_loss,dual_only,97,0.8655812192351382,76663.0,37048.0,39615.0,401,239,44,0.05868660492419599,14.990226874232647,0.0725675796081183,0.019179387082446996,2.81289433063078
24,capacity_loss,dual_only,98,0.8656660412757974,78126.0,37421.0,40705.0,399,218,51,0.058127539884730975,15.024117582545609,0.0745078908777251,0.018459704243978678,2.8129755706848236
24,capacity_loss,dual_only,99,0.8630643967431533,79473.0,37803.0,41670.0,402,193,43,0.05722110981191804,14.841146216871145,0.07557909068198441,0.018134639320309544,2.813055159959477
24,capacity_loss,dual_only,100,0.8610603290676416,80805.0,38175.0,42630.0,396,192,50,0.056627786206103134,14.713036302044907,0.07542714650379617,0.01813883168287126,2.8131331482638853
24,capacity_loss,dual_only,101,0.8614327062228654,82268.0,38548.0,43720.0,399,218,47,0.05637669902610015,14.676521104758576,0.0769261355479612,0.017750088223693773,2.8132095834232693
24,capacity_loss,dual_only,102,0.859391771019678,83636.0,38931.0,44705.0,402,197,42,0.05549662061984406,14.586120006497866,0.07768055304537479,0.01741008100583293,2.813284511376752
24,capacity_loss,dual_only,103,0.8596242467210209,84973.0,39303.0,45670.0,396,193,49,0.05496426672861325,14.585051032477239,0.07717781312197752,0.017356214987274434,2.8133579762694176
24,capacity_loss,dual_only,104,0.8578431372549019,86893.0,39678.0,47215.0,399,309,45,0.05399266742928391,14.466482443961889,0.07681191051559101,0.017270589226967042,2.8134300205390437
24,capacity_loss,dual_only,105,0.8576883026726831,88766.0,40056.0,48710.0,400,299,45,0.05372385681712767,14.548853743135822,0.07786692679904406,0.016855372125902577,2.813500684997854
24,capacity_loss,dual_only,106,0.8585197934595525,90522.0,40432.0,50090.0,398,276,46,0.053400123561240534,14.531379994368304,0.07872887204621382,0.016589895367267214,2.813570008909599
24,capacity_loss,dual_only,107,0.8579216354344122,92155.0,40805.0,51350.0,398,252,47,0.05305273022999029,14.47120546296931,0.07857290699909102,0.016582957296336655,2.813638030062323
24,capacity_loss,dual_only,108,0.855506904681711,94060.0,41185.0,52875.0,400,305,43,0.052724186884812674,14.386207165470914,0.07911125361896611,0.01646443322790103,2.8137047848370327
24,capacity_loss,dual_only,109,0.856331440026729,95841.0,41556.0,54285.0,397,282,49,0.05212347678508503,14.452356373150144,0.07910546035678298,0.01620315587040631,2.81377030827258
24,capacity_loss,dual_only,110,0.8571428571428571,97517.0,41937.0,55580.0,402,259,42,0.05154543655512133,14.57718857654813,0.07817893674156755,0.016074153809971178,2.8138346341270166
24,capacity_loss,dual_only,111,0.8572837882275567,99086.0,42316.0,56770.0,398,238,44,0.05117294395062977,14.60720471711412,0.07748731964284598,0.016066982804663916,2.813897794935549
24,capacity_loss,dual_only,112,0.8590078328981723,100622.0,42682.0,57940.0,394,234,51,0.050963710627163816,14.604370228316641,0.07798942716979253,0.015901005374940602,2.8139598220654425
24,capacity_loss,dual_only,113,0.855072463768116,102059.0,43064.0,58995.0,403,211,40,0.04987479262898619,14.42624854245161,0.07886569884090831,0.01557801945719203,2.814020745767943
24,capacity_loss,dual_only,114,0.8521351179094965,103395.0,43440.0,59955.0,398,192,48,0.0493518482095621,14.31735300263202,0.07954495676781018,0.015398964118157533,2.814080595227478
24,capacity_loss,dual_only,115,0.8509297195083517,104872.0,43812.0,61060.0,397,221,48,0.049014419386479734,14.218175922614671,0.07958267780861049,0.015392736120243647,2.814139398608289
24,capacity_loss,dual_only,116,0.8517360025023459,106355.0,44190.0,62165.0,401,221,44,0.048809454583026594,14.290958215944492,0.07963713506728504,0.015239560883386197,2.8141971830985897
24,capacity_loss,dual_only,117,0.8519093449239367,107734.0,44569.0,63165.0,400,200,45,0.04837112503344012,14.322582155855766,0.08030987716086138,0.014942821775104491,2.8142539749525235
24,capacity_loss,dual_only,118,0.8540573896945387,108988.0,44943.0,64045.0,397,176,47,0.048034393676134685,14.36713354005759,0.0799106195676666,0.014866398971349785,2.814309799529898
24,capacity_loss,dual_only,119,0.8551301684532925,110232.0,45317.0,64915.0,399,174,46,0.04773725534512151,14.373465709660522,0.07955129973047126,0.014834342322509632,2.8143646813339687
24,capacity_loss,safety_only,0,1.0,550.0,550.0,0.0,551,0,89,,,,,
24,capacity_loss,safety_only,1,1.0,1061.0,1061.0,0.0,514,0,104,,,,,
24,capacity_loss,safety_only,2,1.0,1583.0,1583.0,0.0,541,0,84,3.480899795773297,1.5133781168165772,,,2.300085984522786
24,capacity_loss,safety_only,3,1.0,2120.0,2120.0,0.0,566,0,68,3.5772418343184573,1.4446071254270376,,,2.4762731481481484
24,capacity_loss,safety_only,4,1.0,2669.0,2669.0,0.0,564,0,50,0.7103608210551877,1.0714729645742698,2.6419558359621447,0.09567164179104476,2.6229439055250947
24,capacity_loss,safety_only,5,1.0,3184.0,3184.0,0.0,551,0,73,0.7688336458254136,1.1673896118340563,2.48496993987976,0.09949596774193549,2.6637283708782236
24,capacity_loss,safety_only,6,1.0,3735.0,3735.0,0.0,580,0,48,0.8181403724436019,1.1211817192136104,2.4744555261550993,0.10964876203010607,2.68948069241012
24,capacity_loss,safety_only,7,1.0,4282.0,4282.0,0.0,566,0,54,0.7712936369397219,1.11246078889408,2.2403904820012204,0.11431100217864924,2.7072183494490667
24,capacity_loss,safety_only,8,1.0,4818.0,4818.0,0.0,582,0,66,0.7795133922036546,1.0953225448902684,2.700258397932817,0.09688995215311004,2.720179023156256
24,capacity_loss,safety_only,9,1.0,5408.0,5408.0,0.0,599,0,29,0.7909304341411326,1.074779099546558,3.012619372442019,0.08947507453111435,2.73006345395301
24,capacity_loss,safety_only,10,1.0,5939.0,5939.0,0.0,558,0,57,0.6997438981647472,0.9459430431513806,2.918058870326174,0.09259133042529988,2.7378506822014415
24,capacity_loss,safety_only,11,1.0,6474.0,6474.0,0.0,565,0,57,0.6221691039213606,1.0421406411582212,2.303572696924497,0.09444375925012334,2.7441441441441445
24,capacity_loss,safety_only,12,1.0,7016.0,7016.0,0.0,559,0,45,0.515786524302739,1.0095067056744775,1.9544810292193635,0.09508269879786907,2.7493360313646122
24,capacity_loss,safety_only,13,1.0,7522.0,7522.0,0.0,543,0,75,0.45748960366600405,1.3673212850578027,1.34183277245664,0.0905517507475644,2.7536922898011396
24,capacity_loss,safety_only,14,1.0,8061.0,8061.0,0.0,573,0,51,0.39784040842563045,1.5126813880126182,1.0946134524141784,0.08713666496685367,2.7573996340544613
24,capacity_loss,safety_only,15,1.0,8612.0,8612.0,0.0,568,0,52,0.354395123057831,1.8138405536544668,0.8372644512350395,0.08453247666660331,2.7605930081137933
24,capacity_loss,safety_only,16,1.0,9134.0,9134.0,0.0,567,0,68,0.33138576701039635,1.783424396963674,0.873625140291807,0.07696878211716339,2.7633723653395807
24,capacity_loss,safety_only,17,1.0,9700.0,9700.0,0.0,577,0,40,0.31543235871880076,1.761013313703342,0.88631666498639,0.07306877479347654,2.7658133192574996
24,capacity_loss,safety_only,18,1.0,10219.0,10219.0,0.0,555,0,68,0.3008752776617426,1.8005543641921793,0.8393959738930408,0.07192027797810271,2.7679741272078933
24,capacity_loss,safety_only,19,1.0,10749.0,10749.0,0.0,562,0,60,0.29253128356892477,1.7574202633531817,0.8477187702899073,0.07088930764087288,2.7699003999686296
24,capacity_loss,safety_only,20,1.0,11287.0,11287.0,0.0,561,0,57,0.280277822600528,1.7371632683435037,0.8319511459589867,0.06997054825555052,2.771628356765602
24,capacity_loss,safety_only,21,1.0,11795.0,11795.0,0.0,552,0,80,0.2735530447862242,1.7053003354428768,0.8798240635641317,0.06574544428318012,2.7731871241598873
24,capacity_loss,safety_only,22,1.0,12372.0,12372.0,0.0,605,0,47,0.2669572226978838,1.7057265936845436,0.8550124819340428,0.06597195543603532,2.7746003911782564
24,capacity_loss,safety_only,23,1.0,12951.0,12951.0,0.0,603,0,44,0.25439222673736395,1.7221622428599774,0.8091810243096531,0.06576308881435028,2.775887621625104
24,capacity_loss,safety_only,24,1.0,13539.0,13539.0,0.0,608,0,40,0.2507148968346734,1.7347330460143024,0.8191129098868423,0.06353567947295889,2.7770649558941467
24,capacity_loss,safety_only,25,1.0,14133.0,14133.0,0.0,606,0,29,0.24576083690901843,1.766278788912095,0.8234362628661915,0.060823076923076924,2.7781458912619055
24,capacity_loss,safety_only,26,1.0,14701.0,14701.0,0.0,584,0,40,0.24503601287201307,1.7673355361617964,0.8735590495015989,0.05710944419840569,2.7791418016481946
24,capacity_loss,safety_only,27,1.0,15259.0,15259.0,0.0,578,0,44,0.24145030609916213,1.7562744837660185,0.8770753420324694,0.05638244859420898,2.7800623393667627
24,capacity_loss,safety_only,28,1.0,15809.0,15809.0,0.0,573,0,48,0.23615851468192942,1.7188530882383457,0.873522523915781,0.05655915474255942,2.7809157489857195
24,capacity_loss,safety_only,29,1.0,16354.0,16354.0,0.0,573,0,51,0.2301210624532659,1.7040270233987505,0.8559507573976244,0.05671780283375356,2.7817091149407744
24,capacity_loss,safety_only,30,1.0,16896.0,16896.0,0.0,566,0,50,0.2217542831716494,1.6656759387867162,0.8801269034272862,0.05436370713435512,2.782448558660316
24,capacity_loss,safety_only,31,1.0,17426.0,17426.0,0.0,561,0,63,0.21760717630387277,1.6301928846251632,0.9282656635101829,0.05166863341821419,2.783139396817858
24,capacity_loss,safety_only,32,1.0,17979.0,17979.0,0.0,584,0,47,0.21739248019486584,1.6641334576494604,0.9348686332680626,0.0501960898660174,2.783786269370488
24,capacity_loss,safety_only,33,1.0,18531.0,18531.0,0.0,566,0,54,0.2109829335480738,1.648736833180433,0.960977289850393,0.04782470397964256,2.7843932439056993
24,capacity_loss,safety_only,34,1.0,19059.0,19059.0,0.0,577,0,63,0.20305654718833416,1.642290333154431,1.0134345253201527,0.04380783540560306,2.7849639012580525
24,capacity_loss,safety_only,35,1.0,19646.0,19646.0,0.0,590,0,32,0.19921994348427366,1.6290550106984636,1.0725458843159066,0.04093339815264949,2.7855014062040904
24,capacity_loss,safety_only,36,1.0,20172.0,20172.0,0.0,562,0,63,0.19153437754401764,1.5813719658075447,1.0792354087408371,0.04028228205507389,2.786008566183969
24,capacity_loss,safety_only,37,1.0,20722.0,20722.0,0.0,574,0,50,0.1858632911497386,1.5680055428318482,1.0559722026245237,0.04028435227344854,2.786487880350696
24,capacity_loss,safety_only,38,1.0,21258.0,21258.0,0.0,559,0,57,0.1826220181523741,1.5433594925573533,1.0685897348137399,0.039732617580362055,2.786941580756016
24,capacity_loss,safety_only,39,1.0,21775.0,21775.0,0.0,559,0,64,0.1807044102294409,1.5336990664895802,1.0968821998640832,0.03853662959381044,2.787371667105411
24,capacity_loss,safety_only,40,1.0,22321.0,22321.0,0.0,559,0,43,0.16540441506733114,1.5617254228838457,1.00923602630411,0.03764360300183088,2.7877799362240223
24,capacity_loss,safety_only,41,1.0,22830.0,22830.0,0.0,551,0,67,0.14701378524634479,1.7573558446162032,0.820219176859209,0.03658048768541273,2.7881680071492405
24,capacity_loss,safety_only,42,1.0,23384.0,23384.0,0.0,571,0,42,0.13774096480513798,2.0714623122497615,0.6656175422820182,0.035824889581709526,2.788537342589041
24,capacity_loss,safety_only,43,1.0,23923.0,23923.0,0.0,565,0,52,0.1290003420635509,2.3250000700776736,0.5545847103134167,0.0358730851614606,2.7888892673456174
24,capacity_loss,safety_only,44,1.0,24463.0,24463.0,0.0,567,0,53,0.12548098961663176,2.4661066450208873,0.5145885219240395,0.03545050613853632,2.7892249841935364
24,capacity_loss,safety_only,45,1.0,25012.0,25012.0,0.0,569,0,45,0.12102676286332145,2.524507202904985,0.48772173437311633,0.03523702466140183,2.7895455876134405
24,capacity_loss,safety_only,46,1.0,25536.0,25536.0,0.0,557,0,62,0.11763576696352908,2.5837506887290567,0.4654609597255161,0.03506100378962936,2.7898520757117873
24,capacity_loss,safety_only,47,1.0,26070.0,26070.0,0.0,557,0,53,0.11465086387667693,2.6162875242302444,0.4516316750919699,0.03477608094026958,2.7901453606001185
24,capacity_loss,safety_only,48,1.0,26596.0,26596.0,0.0,559,0,63,0.11247676044064302,2.670270753283888,0.43619749172455596,0.03460618963275777,2.7904262774612247
24,capacity_loss,safety_only,49,1.0,27130.0,27130.0,0.0,565,0,56,0.10857708557869726,2.673830328292002,0.42140000215423606,0.03453006017359817,2.790695592492017
24,capacity_loss,safety_only,50,1.0,27655.0,27655.0,0.0,550,0,57,0.10442641839212569,2.5973260110839216,0.42206300110062694,0.034131388426208435,2.790954009882175
24,capacity_loss,safety_only,51,1.0,28171.0,28171.0,0.0,551,0,71,0.10459689522640338,2.6861559046395795,0.4188225215269106,0.0333093574799736,2.7912021779624574
24,capacity_loss,safety_only,52,1.0,28712.0,28712.0,0.0,572,0,55,0.10352776576921742,2.6942599779727154,0.4140745641301477,0.03324377871658085,2.79144069463568
24,capacity_loss,safety_only,53,1.0,29252.0,29252.0,0.0,566,0,62,0.10302633121511087,2.698381227702554,0.4124412357286769,0.03316032295271051,2.79167011218611
24,capacity_loss,safety_only,54,1.0,29798.0,29798.0,0.0,588,0,57,0.10054464083199574,2.7450005548454897,0.4179176075536158,0.03139260617598479,2.791890941548781
24,capacity_loss,safety_only,55,1.0,30365.0,30365.0,0.0,585,0,51,0.09958814222464375,2.7273438018907608,0.4320358945276435,0.03027027563877615,2.7921036561081176
24,capacity_loss,safety_only,56,1.0,30928.0,30928.0,0.0,590,0,43,0.09719758423584168,2.731311205477078,0.42063227703038664,0.03029829995853557,2.7923086950853855
24,capacity_loss,safety_only,57,1.0,31486.0,31486.0,0.0,572,0,44,0.09509740599477866,2.7078089875905236,0.4280781341942461,0.029378756708477102,2.7925064665659343
24,capacity_loss,safety_only,58,1.0,32025.0,32025.0,0.0,563,0,53,0.09378270958802075,2.729484691310975,0.42096440569951926,0.029226234496484507,2.7926973502101218
24,capacity_loss,safety_only,59,1.0,32550.0,32550.0,0.0,555,0,54,0.08997111320891761,2.6721655714891073,0.41320871044606344,0.029175460635894827,2.792881699685883
24,capacity_loss,safety_only,60,1.0,33061.0,33061.0,0.0,532,0,56,0.08556978408129413,2.7031094299490133,0.3932464729360087,0.02882117824582014,2.7930598448556796
24,capacity_loss,safety_only,61,1.0,33547.0,33547.0,0.0,532,0,74,0.08156671777350637,2.8956489230583595,0.36930464423975506,0.027307081630244687,2.793232093746264
24,capacity_loss,safety_only,62,0.9988351776354106,34091.0,34081.0,10.0,556,2,45,0.07990186511471152,3.0604329615013657,0.3435716168352186,0.027203440593539175,2.7933987343261126
24,capacity_loss,safety_only,63,1.0,34586.0,34576.0,10.0,526,0,79,0.07849983180157008,3.23787346640311,0.31996318334627605,0.027123818848187774,2.793560036111947
24,capacity_loss,safety_only,64,1.0,35101.0,35091.0,10.0,566,0,69,0.07691567665233344,3.375874807013803,0.3259789379016785,0.025018236740954106,2.7937162516233403
24,capacity_loss,safety_only,65,1.0,35667.0,35657.0,10.0,579,0,42,0.0752679196649861,3.4394174699540616,0.3213797927379026,0.02437253089014037,2.7938676177018142
24,capacity_loss,safety_only,66,1.0,36199.0,36189.0,10.0,563,0,57,0.07387123766503964,3.5190815536190683,0.30865307152361976,0.0243414702939971,2.794014356709004
24,capacity_loss,safety_only,67,0.9994594594594595,36749.0,36734.0,15.0,566,1,48,0.07252273771327569,3.564497515039139,0.3014312300530728,0.02415665925642833,2.7941566776165505
24,capacity_loss,safety_only,68,1.0,37284.0,37269.0,15.0,557,0,51,0.07188319921949025,3.6799084248884966,0.2904006290826788,0.024072467795084502,2.7942947769990774
24,capacity_loss,safety_only,69,1.0,37801.0,37786.0,15.0,548,0,60,0.0705588512397033,3.7072908247976977,0.28331824291596924,0.02403960074994491,2.7944288399400232
24,capacity_loss,safety_only,70,1.0,38321.0,38306.0,15.0,549,0,56,0.06935518885670289,3.718448266245845,0.27758201264123156,0.024044325868876136,2.7945590408592302
24,capacity_loss,safety_only,71,1.0,38844.0,38829.0,15.0,549,0,57,0.06849264423347336,3.775971938871973,0.26977689395208754,0.024058994678804405,2.794685544270033
24,capacity_loss,safety_only,72,1.0,39353.0,39338.0,15.0,546,0,66,0.06738799371669661,3.7884480565809464,0.26656673938255054,0.023876088150568815,2.7948085054727163
24,capacity_loss,safety_only,73,1.0,39893.0,39878.0,15.0,565,0,52,0.06654957879817802,3.813848364681485,0.2615579850029389,0.023869497187556904,2.794928071190567
24,capacity_loss,safety_only,74,1.0,40419.0,40404.0,15.0,557,0,66,0.06587714256250855,3.819460071532813,0.258862899000171,0.02383824398027048,2.7950443801539047
24,capacity_loss,safety_only,75,1.0,40946.0,40931.0,15.0,561,0,63,0.06521977172519508,3.7900843529208417,0.2590424534200325,0.023765839493136216,2.795157563637071
24,capacity_loss,safety_only,76,1.0,41493.0,41478.0,15.0,574,0,58,0.06565815039937714,3.8312668154338683,0.2579919417781112,0.023763843952649008,2.7952677459526796
24,capacity_loss,safety_only,77,1.0,42030.0,42015.0,15.0,573,0,68,0.06520600745381092,3.8106560759232506,0.26012166609468756,0.023532672151777966,2.7953750449070656
24,capacity_loss,safety_only,78,1.0,42578.0,42563.0,15.0,578,0,58,0.06413631124936246,3.767633716494504,0.260617637887062,0.02336550523175428,2.79547957222046
24,capacity_loss,safety_only,79,1.0,43140.0,43125.0,15.0,588,0,52,0.06386850855648439,3.758875273302093,0.26067000243885763,0.023316623276638394,2.7955814339149834
24,capacity_loss,safety_only,80,1.0,43700.0,43685.0,15.0,588,0,51,0.06308310925995848,3.7363786132813113,0.25954329738445453,0.02326830898987536,2.7956807306733618
24,capacity_loss,safety_only,81,1.0,44267.0,44252.0,15.0,585,0,43,0.06232245311886416,3.7104587157649567,0.2621455428266291,0.022917742917742914,2.7957775581708755
24,capacity_loss,safety_only,82,1.0,44827.0,44812.0,15.0,585,0,50,0.06189641620012726,3.705255481940405,0.26368846914396143,0.022658905116193624,2.7958720073828247
24,capacity_loss,safety_only,83,1.0,45392.0,45377.0,15.0,587,0,39,0.06085133336915615,3.6855889747801482,0.2634737364490057,0.02241270461857944,2.79596416486965
24,capacity_loss,safety_only,84,1.0,45945.0,45930.0,15.0,568,0,51,0.06048230409866967,3.665662880999062,0.2696359160336756,0.021885299424681134,2.796054113041519
24,capacity_loss,safety_only,85,1.0,46490.0,46475.0,15.0,588,0,57,0.05993389173115005,3.6784957526171054,0.27154218737010144,0.02145881303203514,2.7961419304041195
24,capacity_loss,safety_only,86,1.0,47083.0,47068.0,15.0,598,0,25,0.059382373032956536,3.666343000375459,0.27810143622897016,0.02082805387310774,2.796227691787194
24,capacity_loss,safety_only,87,1.0,47617.0,47602.0,15.0,564,0,65,0.059089935567872405,3.650358131678219,0.28244549499136773,0.020495468294818086,2.7963114685571933
24,capacity_loss,safety_only,88,1.0,48168.0,48153.0,15.0,584,0,51,0.05861187863620209,3.65172775549183,0.28556699437333827,0.020099302258862507,2.7963933288153524
24,capacity_loss,safety_only,89,1.0,48735.0,48720.0,15.0,576,0,31,0.0573434783240218,3.5844168893760315,0.2912710167220005,0.019640727172907817,2.7964733375823267
24,capacity_loss,safety_only,90,1.0,49231.0,49216.0,15.0,529,0,81,0.05678091997864181,3.5572507462088585,0.29256619580574,0.019509267816800163,2.7965515569704125
24,capacity_loss,safety_only,91,1.0,49761.0,49746.0,15.0,574,0,57,0.056571566425693665,3.5641808340561605,0.29916725680642203,0.018970977360465237,2.7966280463443867
24,capacity_loss,safety_only,92,1.0,50317.0,50302.0,15.0,570,0,46,0.05585620781498273,3.536452275388187,0.3036581954258933,0.01859825987911041,2.796702862471745
24,capacity_loss,safety_only,93,1.0,50830.0,50815.0,15.0,552,0,78,0.05609858330540717,3.5509425112817605,0.3061426555502265,0.018451289124979824,2.796776059663222
24,capacity_loss,safety_only,94,1.0,51378.0,51363.0,15.0,584,0,59,0.055867307949878556,3.5533790056722907,0.30620995426579045,0.01835811523889349,2.7968476899042547
24,capacity_loss,safety_only,95,1.0,51960.0,51945.0,15.0,601,0,44,0.05545922294941849,3.539738534729826,0.3081024615953841,0.01818141689077228,2.7969178029781303
24,capacity_loss,safety_only,96,1.0,52533.0,52518.0,15.0,607,0,51,0.055006417657435525,3.5536940498120897,0.3056987083527612,0.018102950391237344,2.796986446581357
24,capacity_loss,safety_only,97,1.0,53130.0,53115.0,15.0,609,0,26,0.05384851570453107,3.517662124300358,0.3081862782700922,0.017758468807559866,2.79705366643188
24,capacity_loss,safety_only,98,1.0,53704.0,53689.0,15.0,584,0,37,0.053421697297262455,3.519060955995714,0.31165656901870437,0.017414202301940688,2.7971195063706076
24,capacity_loss,safety_only,99,1.0,54233.0,54218.0,15.0,554,0,55,0.05254708599067623,3.4688758997991616,0.3145583167352809,0.01721621450835072,2.7971840084567825
24,capacity_loss,safety_only,100,1.0,54762.0,54747.0,15.0,551,0,47,0.0521134477731201,3.4436990878092915,0.3186061145273875,0.0169800769838384,2.7972472130575685
24,capacity_loss,safety_only,101,1.0,55271.0,55256.0,15.0,538,0,60,0.0516679508324668,3.4353709885892347,0.3185757240786083,0.016876968806991785,2.7973091589323
24,capacity_loss,safety_only,102,1.0,55777.0,55762.0,15.0,543,0,61,0.05121325859494365,3.4348539157336964,0.3181997067895211,0.01675037247022057,2.7973698833117244
24,capacity_loss,safety_only,103,0.9989365473236441,56323.0,56293.0,30.0,554,3,50,0.050717508701337205,3.5519583527960754,0.3049734980419736,0.016736660552993277,2.797429421972659
24,capacity_loss,safety_only,104,1.0,56822.0,56792.0,30.0,531,0,67,0.04974944514172495,3.6159991189348903,0.2956409488861118,0.01663516585601644,2.797487809308239
24,capacity_loss,safety_only,105,1.0,57333.0,57303.0,30.0,548,0,62,0.049241411360866544,3.702931876831928,0.28886271762929533,0.016455693275902326,2.7975450783941977
24,capacity_loss,safety_only,106,1.0,57870.0,57840.0,30.0,556,0,49,0.0487694915602902,3.7495097416201593,0.28396710229063576,0.01637268464094278,2.797601261051332
24,capacity_loss,safety_only,107,1.0,58373.0,58343.0,30.0,539,0,72,0.04818970850253389,3.769500180239855,0.28017781038093803,0.016309566624707783,2.7976563879044654
24,capacity_loss,safety_only,108,1.0,58894.0,58864.0,30.0,554,0,56,0.04733215605095197,3.7595571118895066,0.2779666260710414,0.0161891547471022,2.7977104884380997
24,capacity_loss,safety_only,109,1.0,59424.0,59394.0,30.0,551,0,56,0.04707928720112456,3.829987322721668,0.2747067044417402,0.015993822407184694,2.7977635910490344
24,capacity_loss,safety_only,110,1.0,59928.0,59898.0,30.0,548,0,79,0.046907496273763324,3.8918106286034937,0.2755402956314003,0.015634583865421173,2.797815723096018
24,capacity_loss,safety_only,111,1.0,60487.0,60457.0,30.0,583,0,44,0.04644356891575991,3.937214941118585,0.2697537984285083,0.015629383223861665,2.7978669109468024
24,capacity_loss,safety_only,112,1.0,61035.0,61005.0,30.0,573,0,56,0.046203616847422226,3.9503163018290155,0.2689473109987141,0.015543257479750505,2.797917180022566
24,capacity_loss,safety_only,113,1.0,61565.0,61535.0,30.0,563,0,58,0.045451583398749905,3.9084140734422923,0.26809446716470636,0.015503083236055919,2.7979665548400394
24,capacity_loss,safety_only,114,0.9993626513702996,62116.0,62076.0,40.0,557,2,49,0.045121066009066096,3.9081302031419876,0.26932559529064365,0.015320842616653126,2.798015059051358
24,capacity_loss,safety_only,115,1.0,62613.0,62573.0,40.0,537,0,72,0.04481333882610863,3.8998022760134075,0.2701190432116425,0.015203797152914051,2.798062715481859
24,capacity_loss,safety_only,116,1.0,63150.0,63110.0,40.0,564,0,48,0.04467971819333603,3.8978338579558183,0.26968508583930884,0.015190268788283673,2.7981095461658847
24,capacity_loss,safety_only,117,1.0,63677.0,63637.0,40.0,551,0,61,0.04458227890452225,3.9164071846297155,0.26906943718164544,0.015119526785710883,2.798155572380751
24,capacity_loss,safety_only,118,1.0,64196.0,64156.0,40.0,563,0,73,0.04437185599536032,3.909745198160581,0.2733843136477198,0.014835653088876613,2.7982008146789923
24,capacity_loss,safety_only,119,1.0,64761.0,64721.0,40.0,584,0,47,0.04405113311628852,3.8822470213378555,0.2743518118458092,0.014780199774518882,2.7982452929189408
24,capacity_loss,flex_only,0,1.0,550.0,550.0,0.0,551,0,89,,,,,
24,capacity_loss,flex_only,1,1.0,1061.0,1061.0,0.0,514,0,104,,,,,
24,capacity_loss,flex_only,2,1.0,1583.0,1583.0,0.0,541,0,84,3.480899795773297,1.5133781168165772,,,2.300085984522786
24,capacity_loss,flex_only,3,1.0,2120.0,2120.0,0.0,566,0,68,3.5772418343184573,1.4446071254270376,,,2.4762731481481484
24,capacity_loss,flex_only,4,1.0,2669.0,2669.0,0.0,564,0,50,0.7103608210551877,1.0714729645742698,2.6419558359621447,0.09567164179104476,2.6229439055250947
24,capacity_loss,flex_only,5,1.0,3184.0,3184.0,0.0,551,0,73,0.7688336458254136,1.1673896118340563,2.48496993987976,0.09949596774193549,2.6637283708782236
24,capacity_loss,flex_only,6,1.0,3735.0,3735.0,0.0,580,0,48,0.8181403724436019,1.1211817192136104,2.4744555261550993,0.10964876203010607,2.68948069241012
24,capacity_loss,flex_only,7,1.0,4282.0,4282.0,0.0,566,0,54,0.7712936369397219,1.11246078889408,2.2403904820012204,0.11431100217864924,2.7072183494490667
24,capacity_loss,flex_only,8,1.0,4818.0,4818.0,0.0,582,0,66,0.7795133922036546,1.0953225448902684,2.700258397932817,0.09688995215311004,2.720179023156256
24,capacity_loss,flex_only,9,1.0,5408.0,5408.0,0.0,599,0,29,0.7909304341411326,1.074779099546558,3.012619372442019,0.08947507453111435,2.73006345395301
24,capacity_loss,flex_only,10,1.0,5939.0,5939.0,0.0,558,0,57,0.6997438981647472,0.9459430431513806,2.918058870326174,0.09259133042529988,2.7378506822014415
24,capacity_loss,flex_only,11,1.0,6474.0,6474.0,0.0,565,0,57,0.6221691039213606,1.0421406411582212,2.303572696924497,0.09444375925012334,2.7441441441441445
24,capacity_loss,flex_only,12,1.0,7016.0,7016.0,0.0,559,0,45,0.515786524302739,1.0095067056744775,1.9544810292193635,0.09508269879786907,2.7493360313646122
24,capacity_loss,flex_only,13,1.0,7522.0,7522.0,0.0,543,0,75,0.45748960366600405,1.3673212850578027,1.34183277245664,0.0905517507475644,2.7536922898011396
24,capacity_loss,flex_only,14,1.0,8061.0,8061.0,0.0,573,0,51,0.39784040842563045,1.5126813880126182,1.0946134524141784,0.08713666496685367,2.7573996340544613
24,capacity_loss,flex_only,15,1.0,8612.0,8612.0,0.0,568,0,52,0.354395123057831,1.8138405536544668,0.8372644512350395,0.08453247666660331,2.7605930081137933
24,capacity_loss,flex_only,16,1.0,9134.0,9134.0,0.0,567,0,68,0.33138576701039635,1.783424396963674,0.873625140291807,0.07696878211716339,2.7633723653395807
24,capacity_loss,flex_only,17,1.0,9700.0,9700.0,0.0,577,0,40,0.31543235871880076,1.761013313703342,0.88631666498639,0.07306877479347654,2.7658133192574996
24,capacity_loss,flex_only,18,1.0,10219.0,10219.0,0.0,555,0,68,0.3008752776617426,1.8005543641921793,0.8393959738930408,0.07192027797810271,2.7679741272078933
24,capacity_loss,flex_only,19,1.0,10749.0,10749.0,0.0,562,0,60,0.29253128356892477,1.7574202633531817,0.8477187702899073,0.07088930764087288,2.7699003999686296
24,capacity_loss,flex_only,20,1.0,11287.0,11287.0,0.0,561,0,57,0.280277822600528,1.7371632683435037,0.8319511459589867,0.06997054825555052,2.771628356765602
24,capacity_loss,flex_only,21,1.0,11795.0,11795.0,0.0,552,0,80,0.2735530447862242,1.7053003354428768,0.8798240635641317,0.06574544428318012,2.7731871241598873
24,capacity_loss,flex_only,22,1.0,12372.0,12372.0,0.0,605,0,47,0.2669572226978838,1.7057265936845436,0.8550124819340428,0.06597195543603532,2.7746003911782564
24,capacity_loss,flex_only,23,1.0,12951.0,12951.0,0.0,603,0,44,0.25439222673736395,1.7221622428599774,0.8091810243096531,0.06576308881435028,2.775887621625104
24,capacity_loss,flex_only,24,1.0,13539.0,13539.0,0.0,608,0,40,0.2507148968346734,1.7347330460143024,0.8191129098868423,0.06353567947295889,2.7770649558941467
24,capacity_loss,flex_only,25,1.0,14133.0,14133.0,0.0,606,0,29,0.24576083690901843,1.766278788912095,0.8234362628661915,0.060823076923076924,2.7781458912619055
24,capacity_loss,flex_only,26,1.0,14701.0,14701.0,0.0,584,0,40,0.24503601287201307,1.7673355361617964,0.8735590495015989,0.05710944419840569,2.7791418016481946
24,capacity_loss,flex_only,27,1.0,15259.0,15259.0,0.0,578,0,44,0.24145030609916213,1.7562744837660185,0.8770753420324694,0.05638244859420898,2.7800623393667627
24,capacity_loss,flex_only,28,1.0,15809.0,15809.0,0.0,573,0,48,0.23615851468192942,1.7188530882383457,0.873522523915781,0.05655915474255942,2.7809157489857195
24,capacity_loss,flex_only,29,1.0,16354.0,16354.0,0.0,573,0,51,0.2301210624532659,1.7040270233987505,0.8559507573976244,0.05671780283375356,2.7817091149407744
24,capacity_loss,flex_only,30,1.0,16896.0,16896.0,0.0,566,0,50,0.2217542831716494,1.6656759387867162,0.8801269034272862,0.05436370713435512,2.782448558660316
24,capacity_loss,flex_only,31,1.0,17426.0,17426.0,0.0,561,0,63,0.21760717630387277,1.6301928846251632,0.9282656635101829,0.05166863341821419,2.783139396817858
24,capacity_loss,flex_only,32,1.0,17979.0,17979.0,0.0,584,0,47,0.21739248019486584,1.6641334576494604,0.9348686332680626,0.0501960898660174,2.783786269370488
24,capacity_loss,flex_only,33,1.0,18531.0,18531.0,0.0,566,0,54,0.2109829335480738,1.648736833180433,0.960977289850393,0.04782470397964256,2.7843932439056993
24,capacity_loss,flex_only,34,1.0,19059.0,19059.0,0.0,577,0,63,0.20305654718833416,1.642290333154431,1.0134345253201527,0.04380783540560306,2.7849639012580525
24,capacity_loss,flex_only,35,1.0,19646.0,19646.0,0.0,590,0,32,0.19921994348427366,1.6290550106984636,1.0725458843159066,0.04093339815264949,2.7855014062040904
24,capacity_loss,flex_only,36,1.0,20172.0,20172.0,0.0,562,0,63,0.19153437754401764,1.5813719658075447,1.0792354087408371,0.04028228205507389,2.786008566183969
24,capacity_loss,flex_only,37,1.0,20722.0,20722.0,0.0,574,0,50,0.1858632911497386,1.5680055428318482,1.0559722026245237,0.04028435227344854,2.786487880350696
24,capacity_loss,flex_only,38,1.0,21258.0,21258.0,0.0,559,0,57,0.1826220181523741,1.5433594925573533,1.0685897348137399,0.039732617580362055,2.786941580756016
24,capacity_loss,flex_only,39,1.0,21775.0,21775.0,0.0,559,0,64,0.1807044102294409,1.5336990664895802,1.0968821998640832,0.03853662959381044,2.787371667105411
24,capacity_loss,flex_only,40,1.0,22321.0,22321.0,0.0,559,0,43,0.16540441506733114,1.5617254228838457,1.00923602630411,0.03764360300183088,2.7877799362240223
24,capacity_loss,flex_only,41,1.0,22830.0,22830.0,0.0,551,0,67,0.14701378524634479,1.7573558446162032,0.820219176859209,0.03658048768541273,2.7881680071492405
24,capacity_loss,flex_only,42,1.0,23384.0,23384.0,0.0,571,0,42,0.13774096480513798,2.0714623122497615,0.6656175422820182,0.035824889581709526,2.788537342589041
24,capacity_loss,flex_only,43,1.0,23923.0,23923.0,0.0,565,0,52,0.1290003420635509,2.3250000700776736,0.5545847103134167,0.0358730851614606,2.7888892673456174
24,capacity_loss,flex_only,44,1.0,24463.0,24463.0,0.0,567,0,53,0.12548098961663176,2.4661066450208873,0.5145885219240395,0.03545050613853632,2.7892249841935364
24,capacity_loss,flex_only,45,1.0,25012.0,25012.0,0.0,569,0,45,0.12102676286332145,2.524507202904985,0.48772173437311633,0.03523702466140183,2.7895455876134405
24,capacity_loss,flex_only,46,1.0,25536.0,25536.0,0.0,557,0,62,0.11763576696352908,2.5837506887290567,0.4654609597255161,0.03506100378962936,2.7898520757117873
24,capacity_loss,flex_only,47,1.0,26070.0,26070.0,0.0,557,0,53,0.11465086387667693,2.6162875242302444,0.4516316750919699,0.03477608094026958,2.7901453606001185
24,capacity_loss,flex_only,48,1.0,26596.0,26596.0,0.0,559,0,63,0.11247676044064302,2.670270753283888,0.43619749172455596,0.03460618963275777,2.7904262774612247
24,capacity_loss,flex_only,49,1.0,27130.0,27130.0,0.0,565,0,56,0.10857708557869726,2.673830328292002,0.42140000215423606,0.03453006017359817,2.790695592492017
24,capacity_loss,flex_only,50,1.0,27655.0,27655.0,0.0,550,0,57,0.10442641839212569,2.5973260110839216,0.42206300110062694,0.034131388426208435,2.790954009882175
24,capacity_loss,flex_only,51,1.0,28171.0,28171.0,0.0,551,0,71,0.10459689522640338,2.6861559046395795,0.4188225215269106,0.0333093574799736,2.7912021779624574
24,capacity_loss,flex_only,52,1.0,28712.0,28712.0,0.0,572,0,55,0.10352776576921742,2.6942599779727154,0.4140745641301477,0.03324377871658085,2.79144069463568
24,capacity_loss,flex_only,53,1.0,29252.0,29252.0,0.0,566,0,62,0.10302633121511087,2.698381227702554,0.4124412357286769,0.03316032295271051,2.79167011218611
24,capacity_loss,flex_only,54,1.0,29798.0,29798.0,0.0,588,0,57,0.10054464083199574,2.7450005548454897,0.4179176075536158,0.03139260617598479,2.791890941548781
24,capacity_loss,flex_only,55,1.0,30365.0,30365.0,0.0,585,0,51,0.09958814222464375,2.7273438018907608,0.4320358945276435,0.03027027563877615,2.7921036561081176
24,capacity_loss,flex_only,56,1.0,30928.0,30928.0,0.0,590,0,43,0.09719758423584168,2.731311205477078,0.42063227703038664,0.03029829995853557,2.7923086950853855
24,capacity_loss,flex_only,57,1.0,31486.0,31486.0,0.0,572,0,44,0.09509740599477866,2.7078089875905236,0.4280781341942461,0.029378756708477102,2.7925064665659343
24,capacity_loss,flex_only,58,1.0,32025.0,32025.0,0.0,563,0,53,0.09378270958802075,2.729484691310975,0.42096440569951926,0.029226234496484507,2.7926973502101218
24,capacity_loss,flex_only,59,1.0,32550.0,32550.0,0.0,555,0,54,0.08997111320891761,2.6721655714891073,0.41320871044606344,0.029175460635894827,2.792881699685883
24,capacity_loss,flex_only,60,1.0,33061.0,33061.0,0.0,532,0,56,0.08556978408129413,2.7031094299490133,0.3932464729360087,0.02882117824582014,2.7930598448556796
24,capacity_loss,flex_only,61,1.0,33547.0,33547.0,0.0,532,0,74,0.08156671777350637,2.8956489230583595,0.36930464423975506,0.027307081630244687,2.793232093746264
24,capacity_loss,flex_only,62,0.9988351776354106,34091.0,34081.0,10.0,556,2,45,0.07990186511471152,3.0604329615013657,0.3435716168352186,0.027203440593539175,2.7933987343261126
24,capacity_loss,flex_only,63,1.0,34586.0,34576.0,10.0,526,0,79,0.07849983180157008,3.23787346640311,0.31996318334627605,0.027123818848187774,2.793560036111947
24,capacity_loss,flex_only,64,1.0,35101.0,35091.0,10.0,566,0,69,0.07691567665233344,3.375874807013803,0.3259789379016785,0.025018236740954106,2.7937162516233403
24,capacity_loss,flex_only,65,1.0,35667.0,35657.0,10.0,579,0,42,0.0752679196649861,3.4394174699540616,0.3213797927379026,0.02437253089014037,2.7938676177018142
24,capacity_loss,flex_only,66,1.0,36199.0,36189.0,10.0,563,0,57,0.07387123766503964,3.5190815536190683,0.30865307152361976,0.0243414702939971,2.794014356709004
24,capacity_loss,flex_only,67,0.9994594594594595,36749.0,36734.0,15.0,566,1,48,0.07252273771327569,3.564497515039139,0.3014312300530728,0.02415665925642833,2.7941566776165505
24,capacity_loss,flex_only,68,1.0,37284.0,37269.0,15.0,557,0,51,0.07188319921949025,3.6799084248884966,0.2904006290826788,0.024072467795084502,2.7942947769990774
24,capacity_loss,flex_only,69,1.0,37801.0,37786.0,15.0,548,0,60,0.0705588512397033,3.7072908247976977,0.28331824291596924,0.02403960074994491,2.7944288399400232
24,capacity_loss,flex_only,70,1.0,38321.0,38306.0,15.0,549,0,56,0.06935518885670289,3.718448266245845,0.27758201264123156,0.024044325868876136,2.7945590408592302
24,capacity_loss,flex_only,71,1.0,38844.0,38829.0,15.0,549,0,57,0.06849264423347336,3.775971938871973,0.26977689395208754,0.024058994678804405,2.794685544270033
24,capacity_loss,flex_only,72,1.0,39353.0,39338.0,15.0,546,0,66,0.06738799371669661,3.7884480565809464,0.26656673938255054,0.023876088150568815,2.7948085054727163
24,capacity_loss,flex_only,73,1.0,39893.0,39878.0,15.0,565,0,52,0.06654957879817802,3.813848364681485,0.2615579850029389,0.023869497187556904,2.794928071190567
24,capacity_loss,flex_only,74,1.0,40419.0,40404.0,15.0,557,0,66,0.06587714256250855,3.819460071532813,0.258862899000171,0.02383824398027048,2.7950443801539047
24,capacity_loss,flex_only,75,1.0,40946.0,40931.0,15.0,561,0,63,0.06521977172519508,3.7900843529208417,0.2590424534200325,0.023765839493136216,2.795157563637071
24,capacity_loss,flex_only,76,1.0,41493.0,41478.0,15.0,574,0,58,0.06565815039937714,3.8312668154338683,0.2579919417781112,0.023763843952649008,2.7952677459526796
24,capacity_loss,flex_only,77,1.0,42030.0,42015.0,15.0,573,0,68,0.06520600745381092,3.8106560759232506,0.26012166609468756,0.023532672151777966,2.7953750449070656
24,capacity_loss,flex_only,78,1.0,42578.0,42563.0,15.0,578,0,58,0.06413631124936246,3.767633716494504,0.260617637887062,0.02336550523175428,2.79547957222046
24,capacity_loss,flex_only,79,1.0,43140.0,43125.0,15.0,588,0,52,0.06386850855648439,3.758875273302093,0.26067000243885763,0.023316623276638394,2.7955814339149834
24,capacity_loss,flex_only,80,1.0,43700.0,43685.0,15.0,588,0,51,0.06308310925995848,3.7363786132813113,0.25954329738445453,0.02326830898987536,2.7956807306733618
24,capacity_loss,flex_only,81,1.0,44267.0,44252.0,15.0,585,0,43,0.06232245311886416,3.7104587157649567,0.2621455428266291,0.022917742917742914,2.7957775581708755
24,capacity_loss,flex_only,82,1.0,44827.0,44812.0,15.0,585,0,50,0.06189641620012726,3.705255481940405,0.26368846914396143,0.022658905116193624,2.7958720073828247
24,capacity_loss,flex_only,83,1.0,45392.0,45377.0,15.0,587,0,39,0.06085133336915615,3.6855889747801482,0.2634737364490057,0.02241270461857944,2.79596416486965
24,capacity_loss,flex_only,84,1.0,45945.0,45930.0,15.0,568,0,51,0.06048230409866967,3.665662880999062,0.2696359160336756,0.021885299424681134,2.796054113041519
24,capacity_loss,flex_only,85,1.0,46490.0,46475.0,15.0,588,0,57,0.05993389173115005,3.6784957526171054,0.27154218737010144,0.02145881303203514,2.7961419304041195
24,capacity_loss,flex_only,86,1.0,47083.0,47068.0,15.0,598,0,25,0.059382373032956536,3.666343000375459,0.27810143622897016,0.02082805387310774,2.796227691787194
24,capacity_loss,flex_only,87,1.0,47617.0,47602.0,15.0,564,0,65,0.059089935567872405,3.650358131678219,0.28244549499136773,0.020495468294818086,2.7963114685571933
24,capacity_loss,flex_only,88,1.0,48168.0,48153.0,15.0,584,0,51,0.05861187863620209,3.65172775549183,0.28556699437333827,0.020099302258862507,2.7963933288153524
24,capacity_loss,flex_only,89,1.0,48735.0,48720.0,15.0,576,0,31,0.0573434783240218,3.5844168893760315,0.2912710167220005,0.019640727172907817,2.7964733375823267
24,capacity_loss,flex_only,90,1.0,49231.0,49216.0,15.0,529,0,81,0.05678091997864181,3.5572507462088585,0.29256619580574,0.019509267816800163,2.7965515569704125
24,capacity_loss,flex_only,91,1.0,49761.0,49746.0,15.0,574,0,57,0.056571566425693665,3.5641808340561605,0.29916725680642203,0.018970977360465237,2.7966280463443867
24,capacity_loss,flex_only,92,1.0,50317.0,50302.0,15.0,570,0,46,0.05585620781498273,3.536452275388187,0.3036581954258933,0.01859825987911041,2.796702862471745
24,capacity_loss,flex_only,93,1.0,50830.0,50815.0,15.0,552,0,78,0.05609858330540717,3.5509425112817605,0.3061426555502265,0.018451289124979824,2.796776059663222
24,capacity_loss,flex_only,94,1.0,51378.0,51363.0,15.0,584,0,59,0.055867307949878556,3.5533790056722907,0.30620995426579045,0.01835811523889349,2.7968476899042547
24,capacity_loss,flex_only,95,1.0,51960.0,51945.0,15.0,601,0,44,0.05545922294941849,3.539738534729826,0.3081024615953841,0.01818141689077228,2.7969178029781303
24,capacity_loss,flex_only,96,1.0,52533.0,52518.0,15.0,607,0,51,0.055006417657435525,3.5536940498120897,0.3056987083527612,0.018102950391237344,2.796986446581357
24,capacity_loss,flex_only,97,1.0,53130.0,53115.0,15.0,609,0,26,0.05384851570453107,3.517662124300358,0.3081862782700922,0.017758468807559866,2.79705366643188
24,capacity_loss,flex_only,98,1.0,53704.0,53689.0,15.0,584,0,37,0.053421697297262455,3.519060955995714,0.31165656901870437,0.017414202301940688,2.7971195063706076
24,capacity_loss,flex_only,99,1.0,54233.0,54218.0,15.0,554,0,55,0.05254708599067623,3.4688758997991616,0.3145583167352809,0.01721621450835072,2.7971840084567825
24,capacity_loss,flex_only,100,1.0,54762.0,54747.0,15.0,551,0,47,0.0521134477731201,3.4436990878092915,0.3186061145273875,0.0169800769838384,2.7972472130575685
24,capacity_loss,flex_only,101,1.0,55271.0,55256.0,15.0,538,0,60,0.0516679508324668,3.4353709885892347,0.3185757240786083,0.016876968806991785,2.7973091589323
24,capacity_loss,flex_only,102,1.0,55777.0,55762.0,15.0,543,0,61,0.05121325859494365,3.4348539157336964,0.3181997067895211,0.01675037247022057,2.7973698833117244
24,capacity_loss,flex_only,103,0.9989365473236441,56323.0,56293.0,30.0,554,3,50,0.050717508701337205,3.5519583527960754,0.3049734980419736,0.016736660552993277,2.797429421972659
24,capacity_loss,flex_only,104,1.0,56822.0,56792.0,30.0,531,0,67,0.04974944514172495,3.6159991189348903,0.2956409488861118,0.01663516585601644,2.797487809308239
24,capacity_loss,flex_only,105,1.0,57333.0,57303.0,30.0,548,0,62,0.049241411360866544,3.702931876831928,0.28886271762929533,0.016455693275902326,2.7975450783941977
24,capacity_loss,flex_only,106,1.0,57870.0,57840.0,30.0,556,0,49,0.0487694915602902,3.7495097416201593,0.28396710229063576,0.01637268464094278,2.797601261051332
24,capacity_loss,flex_only,107,1.0,58373.0,58343.0,30.0,539,0,72,0.04818970850253389,3.769500180239855,0.28017781038093803,0.016309566624707783,2.7976563879044654
24,capacity_loss,flex_only,108,1.0,58894.0,58864.0,30.0,554,0,56,0.04733215605095197,3.7595571118895066,0.2779666260710414,0.0161891547471022,2.7977104884380997
24,capacity_loss,flex_only,109,1.0,59424.0,59394.0,30.0,551,0,56,0.04707928720112456,3.829987322721668,0.2747067044417402,0.015993822407184694,2.7977635910490344
24,capacity_loss,flex_only,110,1.0,59928.0,59898.0,30.0,548,0,79,0.046907496273763324,3.8918106286034937,0.2755402956314003,0.015634583865421173,2.797815723096018
24,capacity_loss,flex_only,111,1.0,60487.0,60457.0,30.0,583,0,44,0.04644356891575991,3.937214941118585,0.2697537984285083,0.015629383223861665,2.7978669109468024
24,capacity_loss,flex_only,112,1.0,61035.0,61005.0,30.0,573,0,56,0.046203616847422226,3.9503163018290155,0.2689473109987141,0.015543257479750505,2.797917180022566
24,capacity_loss,flex_only,113,1.0,61565.0,61535.0,30.0,563,0,58,0.045451583398749905,3.9084140734422923,0.26809446716470636,0.015503083236055919,2.7979665548400394
24,capacity_loss,flex_only,114,0.9993626513702996,62116.0,62076.0,40.0,557,2,49,0.045121066009066096,3.9081302031419876,0.26932559529064365,0.015320842616653126,2.798015059051358
24,capacity_loss,flex_only,115,1.0,62613.0,62573.0,40.0,537,0,72,0.04481333882610863,3.8998022760134075,0.2701190432116425,0.015203797152914051,2.798062715481859
24,capacity_loss,flex_only,116,1.0,63150.0,63110.0,40.0,564,0,48,0.04467971819333603,3.8978338579558183,0.26968508583930884,0.015190268788283673,2.7981095461658847
24,capacity_loss,flex_only,117,1.0,63677.0,63637.0,40.0,551,0,61,0.04458227890452225,3.9164071846297155,0.26906943718164544,0.015119526785710883,2.798155572380751
24,capacity_loss,flex_only,118,1.0,64196.0,64156.0,40.0,563,0,73,0.04437185599536032,3.909745198160581,0.2733843136477198,0.014835653088876613,2.7982008146789923
24,capacity_loss,flex_only,119,1.0,64761.0,64721.0,40.0,584,0,47,0.04405113311628852,3.8822470213378555,0.2743518118458092,0.014780199774518882,2.7982452929189408
24,capacity_loss,dynalloc_only,0,1.0,550.0,550.0,0.0,551,0,89,,,,,
24,capacity_loss,dynalloc_only,1,1.0,1061.0,1061.0,0.0,514,0,104,,,,,
24,capacity_loss,dynalloc_only,2,1.0,1583.0,1583.0,0.0,541,0,84,3.480899795773297,1.5133781168165772,,,2.300085984522786
24,capacity_loss,dynalloc_only,3,1.0,2120.0,2120.0,0.0,566,0,68,3.5772418343184573,1.4446071254270376,,,2.4762731481481484
24,capacity_loss,dynalloc_only,4,1.0,2669.0,2669.0,0.0,564,0,50,0.7103608210551877,1.0714729645742698,2.6419558359621447,0.09567164179104476,2.6229439055250947
24,capacity_loss,dynalloc_only,5,1.0,3184.0,3184.0,0.0,551,0,73,0.7688336458254136,1.1673896118340563,2.48496993987976,0.09949596774193549,2.6637283708782236
24,capacity_loss,dynalloc_only,6,1.0,3735.0,3735.0,0.0,580,0,48,0.8181403724436019,1.1211817192136104,2.4744555261550993,0.10964876203010607,2.68948069241012
24,capacity_loss,dynalloc_only,7,1.0,4282.0,4282.0,0.0,566,0,54,0.7712936369397219,1.11246078889408,2.2403904820012204,0.11431100217864924,2.7072183494490667
24,capacity_loss,dynalloc_only,8,1.0,4818.0,4818.0,0.0,582,0,66,0.7795133922036546,1.0953225448902684,2.700258397932817,0.09688995215311004,2.720179023156256
24,capacity_loss,dynalloc_only,9,1.0,5408.0,5408.0,0.0,599,0,29,0.7909304341411326,1.074779099546558,3.012619372442019,0.08947507453111435,2.73006345395301
24,capacity_loss,dynalloc_only,10,1.0,5939.0,5939.0,0.0,558,0,57,0.6997438981647472,0.9459430431513806,2.918058870326174,0.09259133042529988,2.7378506822014415
24,capacity_loss,dynalloc_only,11,1.0,6469.0,6469.0,0.0,560,0,62,0.6221691039213606,1.0421406411582212,2.303572696924497,0.09444375925012334,2.7441441441441445
24,capacity_loss,dynalloc_only,12,1.0,7004.0,7004.0,0.0,559,0,52,0.5706657154125163,0.9435101236856588,2.3213732576148685,0.09476815300789503,2.7493360313646122
24,capacity_loss,dynalloc_only,13,1.0,7520.0,7520.0,0.0,550,0,72,0.5251249795446048,1.0865497558060462,1.874643608319701,0.09362222000598384,2.7536922898011396
24,capacity_loss,dynalloc_only,14,1.0,8053.0,8053.0,0.0,571,0,61,0.5189706524349349,1.1684542586750786,1.7979575805184602,0.08958843061866484,2.7573996340544613
24,capacity_loss,dynalloc_only,15,1.0,8608.0,8608.0,0.0,577,0,56,0.5134479245357105,1.1663912669330436,1.8724899598393574,0.08515894293374186,2.7605930081137933
24,capacity_loss,dynalloc_only,16,1.0,9155.0,9155.0,0.0,588,0,56,0.4727303130132083,1.155874050255704,1.839400957233287,0.08046131377058535,2.7633723653395807
24,capacity_loss,dynalloc_only,17,1.0,9730.0,9730.0,0.0,582,0,40,0.45749699071096156,1.1239862420834867,1.9969072164948454,0.0736964377903975,2.7658133192574996
24,capacity_loss,dynalloc_only,18,1.0,10262.0,10262.0,0.0,570,0,60,0.4490802345990647,1.1076789706620431,2.040696432386242,0.07177440460612411,2.7679741272078933
24,capacity_loss,dynalloc_only,19,1.0,10812.0,10812.0,0.0,564,0,47,0.42193269161244884,1.047850852643283,2.1271970282466155,0.06833950588345598,2.7699003999686296
24,capacity_loss,dynalloc_only,20,1.0,11328.0,11328.0,0.0,551,0,68,0.4059041392200449,1.026119958327132,2.1143484288354895,0.06750155722387963,2.771628356765602
24,capacity_loss,dynalloc_only,21,1.0,11854.0,11854.0,0.0,562,0,63,0.39015850806101715,0.9785722131625418,2.188953296158338,0.06567990736545339,2.7731871241598873
24,capacity_loss,dynalloc_only,22,1.0,12417.0,12417.0,0.0,586,0,54,0.3818380623612787,0.9860332766865586,2.1158972691807536,0.06596181915956055,2.7746003911782564
24,capacity_loss,dynalloc_only,23,1.0,12972.0,12972.0,0.0,600,0,56,0.35097364631520284,1.0257745378807601,1.9955069616468784,0.0617685583911923,2.775887621625104
24,capacity_loss,dynalloc_only,24,1.0,13576.0,13576.0,0.0,608,0,33,0.35192739643476606,1.0236662545846964,2.210377234920426,0.056006992540796004,2.7770649558941467
24,capacity_loss,dynalloc_only,25,1.0,14149.0,14149.0,0.0,603,0,43,0.3325065658926141,1.0484791939972877,2.0334502721353607,0.05613733661812838,2.7781458912619055
24,capacity_loss,dynalloc_only,26,1.0,14740.0,14740.0,0.0,595,0,28,0.33265439036119576,1.0460598519840125,2.2152235701906413,0.051654534871348745,2.7791418016481946
24,capacity_loss,dynalloc_only,27,1.0,15295.0,15295.0,0.0,575,0,46,0.3325848341771663,1.0407398800433794,2.226195409520499,0.05163479148527338,2.7800623393667627
24,capacity_loss,dynalloc_only,28,1.0,15841.0,15841.0,0.0,574,0,51,0.32180433493148375,1.016411128861595,2.199228693615722,0.0517683417347169,2.7809157489857195
24,capacity_loss,dynalloc_only,29,1.0,16399.0,16399.0,0.0,575,0,42,0.31705312768651134,1.0011670954079328,2.2338165198318856,0.050964323328067405,2.7817091149407744
24,capacity_loss,dynalloc_only,30,1.0,16921.0,16921.0,0.0,559,0,63,0.3148562937463221,1.0033921294960315,2.253741822990416,0.050039202654357184,2.782448558660316
24,capacity_loss,dynalloc_only,31,1.0,17468.0,17468.0,0.0,569,0,52,0.3110790414682309,0.9935041271885964,2.2463176874964783,0.05008353108209124,2.783139396817858
24,capacity_loss,dynalloc_only,32,1.0,18006.0,18006.0,0.0,572,0,59,0.3168062700318103,1.0530486922693585,2.1805997321503305,0.049560248161103194,2.783786269370488
24,capacity_loss,dynalloc_only,33,1.0,18562.0,18562.0,0.0,579,0,50,0.3183906248848932,1.0581850294797672,2.2535758753682162,0.04795080494466004,2.7843932439056993
24,capacity_loss,dynalloc_only,34,1.0,19110.0,19110.0,0.0,577,0,52,0.3085375891032674,1.043674964609771,2.2194194020650326,0.04782818134870176,2.7849639012580525
24,capacity_loss,dynalloc_only,35,1.0,19667.0,19667.0,0.0,580,0,51,0.30606189213031465,1.0345254888848865,2.292719390043355,0.046324823943661976,2.7855014062040904
24,capacity_loss,dynalloc_only,36,1.0,20218.0,20218.0,0.0,578,0,47,0.2934288252706296,1.0078497808010138,2.2588505049784087,0.04626334519572955,2.786008566183969
24,capacity_loss,dynalloc_only,37,1.0,20761.0,20761.0,0.0,562,0,57,0.2761564087037744,1.020617024961989,2.1148429384718206,0.04591525914193028,2.786487880350696
24,capacity_loss,dynalloc_only,38,1.0,21288.0,21288.0,0.0,571,0,61,0.26611397509255,1.0083570618329978,2.2149618320610696,0.042752274607113304,2.786941580756016
24,capacity_loss,dynalloc_only,39,1.0,21846.0,21846.0,0.0,565,0,39,0.24751366344405795,1.0245397563093726,2.118822177964777,0.040905430852787285,2.787371667105411
24,capacity_loss,dynalloc_only,40,1.0,22330.0,22330.0,0.0,527,0,86,0.22349019089116226,1.1137919610262177,1.8251044185535275,0.03943739159761034,2.7877799362240223
24,capacity_loss,dynalloc_only,41,1.0,22865.0,22865.0,0.0,576,0,52,0.21557190432408846,1.139177336637764,1.8409990508310277,0.03686619515526146,2.7881680071492405
24,capacity_loss,dynalloc_only,42,1.0,23425.0,23425.0,0.0,569,0,46,0.16543188889799385,1.4374851476059245,1.1654500124209473,0.03541161605785429,2.788537342589041
24,capacity_loss,dynalloc_only,43,1.0,23938.0,23938.0,0.0,556,0,80,0.17843425761019088,1.6942426986071357,1.1075890185517654,0.034095157691611894,2.7888892673456174
24,capacity_loss,dynalloc_only,44,1.0,24511.0,24511.0,0.0,601,0,39,0.17927062232876012,1.703904061010898,1.1615134149518105,0.03247552729841559,2.7892249841935364
24,capacity_loss,dynalloc_only,45,1.0,25075.0,25075.0,0.0,577,0,50,0.17340407514287745,1.7570746361936114,1.125239799570508,0.03144057948887588,2.7895455876134405
24,capacity_loss,dynalloc_only,46,1.0,25608.0,25608.0,0.0,577,0,66,0.17187374823834897,1.750195561990557,1.215036700908475,0.02897026027983136,2.7898520757117873
24,capacity_loss,dynalloc_only,47,1.0,26181.0,26181.0,0.0,585,0,38,0.17052916805159585,1.735732098090899,1.2515088534528922,0.0281355379092788,2.7901453606001185
24,capacity_loss,dynalloc_only,48,1.0,26721.0,26721.0,0.0,571,0,62,0.16919903624556185,1.7223515981318802,1.2521186299637188,0.028116421301489922,2.7904262774612247
24,capacity_loss,dynalloc_only,49,1.0,27277.0,27277.0,0.0,586,0,45,0.16327879104389137,1.693942928259672,1.229961392922888,0.028081936685288637,2.790695592492017
24,capacity_loss,dynalloc_only,50,1.0,27823.0,27823.0,0.0,556,0,46,0.15592289734798703,1.6554174822519516,1.2376657392403256,0.027267562026004413,2.790954009882175
24,capacity_loss,dynalloc_only,51,1.0,28324.0,28324.0,0.0,546,0,81,0.1567218955701525,1.6883789165248915,1.262657125824609,0.026338014123395852,2.7912021779624574
24,capacity_loss,dynalloc_only,52,1.0,28880.0,28880.0,0.0,581,0,45,0.15414358629992153,1.6828247403776404,1.2567434144819574,0.026110281084010357,2.79144069463568
24,capacity_loss,dynalloc_only,53,1.0,29421.0,29421.0,0.0,566,0,60,0.15368494295875507,1.7012542962466093,1.2548350314488537,0.02578762545727419,2.79167011218611
24,capacity_loss,dynalloc_only,54,1.0,29961.0,29961.0,0.0,582,0,61,0.15053234726385603,1.6930206901703289,1.2822175951319696,0.024837471758295322,2.791890941548781
24,capacity_loss,dynalloc_only,55,1.0,30545.0,30545.0,0.0,592,0,32,0.14828741624995964,1.6675102951269734,1.3202500317851773,0.024123929481665973,2.7921036561081176
24,capacity_loss,dynalloc_only,56,1.0,31074.0,31074.0,0.0,563,0,65,0.14128575813894562,1.6847053804155803,1.2524113475177305,0.023980818434071724,2.7923086950853855
24,capacity_loss,dynalloc_only,57,1.0,31612.0,31612.0,0.0,572,0,59,0.13815557191725744,1.6730049313325202,1.341518709245164,0.022043485330669705,2.7925064665659343
24,capacity_loss,dynalloc_only,58,1.0,32176.0,32176.0,0.0,581,0,43,0.13434951303735138,1.6810070461167765,1.3300314393226995,0.021516953577938123,2.7926973502101218
24,capacity_loss,dynalloc_only,59,1.0,32699.0,32699.0,0.0,551,0,64,0.12991368685947277,1.6337967821019619,1.3346885488869042,0.021331647419999548,2.792881699685883
24,capacity_loss,dynalloc_only,60,1.0,33209.0,33209.0,0.0,545,0,63,0.12836523217852533,1.6335533341972497,1.324729719853152,0.021237655486756823,2.7930598448556796
24,capacity_loss,dynalloc_only,61,1.0,33727.0,33727.0,0.0,543,0,62,0.11940903877240674,1.7173663842513986,1.1804056036379638,0.021088027472533154,2.793232093746264
24,capacity_loss,dynalloc_only,62,1.0,34220.0,34220.0,0.0,541,0,83,0.12278918324563586,1.8313469794719266,1.1891502518008545,0.020184584314914218,2.7933987343261126
24,capacity_loss,dynalloc_only,63,1.0,34765.0,34765.0,0.0,574,0,54,0.1225711323897915,1.891697658922575,1.154192903063765,0.020095557693482376,2.793560036111947
24,capacity_loss,dynalloc_only,64,1.0,35298.0,35298.0,0.0,563,0,74,0.12059005878141457,1.9882307104482855,1.0811748486702153,0.020080129107320453,2.7937162516233403
24,capacity_loss,dynalloc_only,65,1.0,35847.0,35847.0,0.0,594,0,61,0.11885488751883487,1.9843844575519891,1.116434068636874,0.019202259026968985,2.7938676177018142
24,capacity_loss,dynalloc_only,66,1.0,36437.0,36437.0,0.0,597,0,33,0.11651053269555421,1.9499986582162048,1.1420584557129638,0.01872465861166484,2.794014356709004
24,capacity_loss,dynalloc_only,67,1.0,36981.0,36981.0,0.0,574,0,58,0.11488964950816119,1.9223990280405294,1.151402154227433,0.018576315301472923,2.7941566776165505
24,capacity_loss,dynalloc_only,68,1.0,37539.0,37539.0,0.0,582,0,47,0.11342366046590012,1.9025504147321028,1.1485144064789128,0.01857628301499147,2.7942947769990774
24,capacity_loss,dynalloc_only,69,1.0,38090.0,38090.0,0.0,566,0,47,0.11204151795338947,1.878993206434443,1.1585297566168609,0.01841846895232665,2.7944288399400232
24,capacity_loss,dynalloc_only,70,1.0,38598.0,38598.0,0.0,554,0,73,0.11016005515118135,1.8529991699502295,1.1777918933515044,0.01806205122799945,2.7945590408592302
24,capacity_loss,dynalloc_only,71,1.0,39159.0,39159.0,0.0,574,0,41,0.10941133500193845,1.8410833752981803,1.1998293338665165,0.017722967323023274,2.794685544270033
24,capacity_loss,dynalloc_only,72,1.0,39666.0,39666.0,0.0,549,0,77,0.10749634974422753,1.8199545553246268,1.2154433901796857,0.017387869858243782,2.7948085054727163
24,capacity_loss,dynalloc_only,73,1.0,40214.0,40214.0,0.0,580,0,58,0.10750224368210193,1.8230489261590328,1.2450429841841957,0.01694588377121433,2.794928071190567
24,capacity_loss,dynalloc_only,74,1.0,40780.0,40780.0,0.0,590,0,47,0.1072294123846187,1.8286016648982752,1.2541232624237963,0.016728842163061298,2.7950443801539047
24,capacity_loss,dynalloc_only,75,1.0,41329.0,41329.0,0.0,576,0,55,0.10481998441138861,1.8089949419544642,1.2385292656690492,0.01673763800566664,2.795157563637071
24,capacity_loss,dynalloc_only,76,1.0,41888.0,41888.0,0.0,581,0,53,0.10659481827796118,1.858073160749663,1.2391682361965037,0.016562259980749845,2.7952677459526796
24,capacity_loss,dynalloc_only,77,1.0,42446.0,42446.0,0.0,591,0,49,0.10490671974172719,1.860547897234317,1.2573554093616208,0.01604221433225885,2.7953750449070656
24,capacity_loss,dynalloc_only,78,1.0,43003.0,43003.0,0.0,577,0,48,0.10420755200802563,1.849232852601555,1.2831523104136633,0.01570988696303851,2.79547957222046
24,capacity_loss,dynalloc_only,79,1.0,43552.0,43552.0,0.0,571,0,54,0.10435112521327931,1.852048328533666,1.2837293346147667,0.015699983940447398,2.7955814339149834
24,capacity_loss,dynalloc_only,80,1.0,44094.0,44094.0,0.0,576,0,54,0.10341210228760896,1.8466661683877181,1.2784349652138478,0.015668115382288763,2.7956807306733618
24,capacity_loss,dynalloc_only,81,1.0,44645.0,44645.0,0.0,564,0,50,0.10210778412779047,1.8292515524083024,1.2881934051909296,0.01549893058912751,2.7957775581708755
24,capacity_loss,dynalloc_only,82,1.0,45173.0,45173.0,0.0,575,0,68,0.10127724011091263,1.8269908768321956,1.3098155722999643,0.015137286958122489,2.7958720073828247
24,capacity_loss,dynalloc_only,83,1.0,45752.0,45752.0,0.0,591,0,33,0.09937880163042678,1.8083585422490493,1.3195792556244808,0.014895055746642957,2.79596416486965
24,capacity_loss,dynalloc_only,84,1.0,46295.0,46295.0,0.0,569,0,59,0.09868912921780568,1.798833760555709,1.3358404394179153,0.014688523025728897,2.796054113041519
24,capacity_loss,dynalloc_only,85,1.0,46853.0,46853.0,0.0,596,0,53,0.0974422450409695,1.7981526415007238,1.3261816183166473,0.014613643546792,2.7961419304041195
24,capacity_loss,dynalloc_only,86,1.0,47446.0,47446.0,0.0,597,0,29,0.09646727209637569,1.7938330512312493,1.346538722609932,0.014282577746096698,2.796227691787194
24,capacity_loss,dynalloc_only,87,1.0,47988.0,47988.0,0.0,577,0,60,0.0953323927166136,1.7911076476029806,1.361126760928633,0.013984105398782067,2.7963114685571933
24,capacity_loss,dynalloc_only,88,1.0,48554.0,48554.0,0.0,588,0,44,0.09482194100592387,1.7877116327340754,1.3846218190664767,0.013698781751497972,2.7963933288153524
24,capacity_loss,dynalloc_only,89,1.0,49110.0,49110.0,0.0,570,0,39,0.09231135353307834,1.7618690463801117,1.3842731024851302,0.01353471234176061,2.7964733375823267
24,capacity_loss,dynalloc_only,90,1.0,49614.0,49614.0,0.0,536,0,75,0.09178800563856443,1.7704656543600632,1.4027066504438404,0.013216265088790329,2.7965515569704125
24,capacity_loss,dynalloc_only,91,1.0,50148.0,50148.0,0.0,572,0,54,0.0921286891658837,1.777406473228031,1.4097330530367105,0.013147299100947637,2.7966280463443867
24,capacity_loss,dynalloc_only,92,1.0,50689.0,50689.0,0.0,557,0,56,0.08992448576797932,1.779159709026698,1.3857505098113982,0.013041623371475053,2.796702862471745
24,capacity_loss,dynalloc_only,93,1.0,51200.0,51200.0,0.0,564,0,77,0.08883064607461834,1.802999305891816,1.4095384118786314,0.012497773579384615,2.796776059663222
24,capacity_loss,dynalloc_only,94,1.0,51767.0,51767.0,0.0,590,0,51,0.08878284877943562,1.8092264116329193,1.4319495887301177,0.012252920386668103,2.7968476899042547
24,capacity_loss,dynalloc_only,95,1.0,52343.0,52343.0,0.0,602,0,48,0.0882235747538452,1.8057901289998874,1.430357516657922,0.012212176444985904,2.7969178029781303
24,capacity_loss,dynalloc_only,96,1.0,52928.0,52928.0,0.0,610,0,44,0.08721364757291254,1.8102144556684918,1.425059569150076,0.012087348428901535,2.796986446581357
24,capacity_loss,dynalloc_only,97,1.0,53521.0,53521.0,0.0,603,0,26,0.08515561344353839,1.7831782121992799,1.4315340436157817,0.011926583500257293,2.79705366643188
24,capacity_loss,dynalloc_only,98,1.0,54075.0,54075.0,0.0,568,0,51,0.0831669847294439,1.801751278025878,1.391891495170713,0.011856041594275639,2.7971195063706076
24,capacity_loss,dynalloc_only,99,1.0,54609.0,54609.0,0.0,568,0,48,0.08085245072424466,1.783306000375871,1.4252023841596455,0.011372861246409394,2.7971840084567825
24,capacity_loss,dynalloc_only,100,1.0,55144.0,55144.0,0.0,550,0,48,0.0782610917845572,1.801959296036959,1.3814511705888075,0.011239177681383897,2.7972472130575685
24,capacity_loss,dynalloc_only,101,1.0,55639.0,55639.0,0.0,531,0,74,0.07774205712736823,1.8280372534870621,1.3591550516569197,0.011185657451300055,2.7973091589323
24,capacity_loss,dynalloc_only,102,0.9985688729874777,56173.0,56153.0,20.0,555,4,64,0.07676671071536138,1.8803402874113746,1.3167285943844318,0.01108384182530975,2.7973698833117244
24,capacity_loss,dynalloc_only,103,0.9989365473236441,56724.0,56689.0,35.0,556,3,56,0.07614709907548735,2.0243750542440084,1.2306411805166204,0.010926266877082239,2.797429421972659
24,capacity_loss,dynalloc_only,104,1.0,57232.0,57197.0,35.0,553,0,66,0.07196600993949685,2.0842748418829284,1.1547171542657049,0.010688791797404014,2.797487809308239
24,capacity_loss,dynalloc_only,105,1.0,57764.0,57729.0,35.0,554,0,62,0.06987157152037556,2.145952453344273,1.106154330185384,0.010521740801570556,2.7975450783941977
24,capacity_loss,dynalloc_only,106,1.0,58287.0,58252.0,35.0,561,0,69,0.07050247151288708,2.186031509649106,1.0997022420235607,0.010483034102170852,2.797601261051332
24,capacity_loss,dynalloc_only,107,1.0,58828.0,58793.0,35.0,570,0,59,0.06913695372163581,2.196618948322653,1.0746616157105573,0.010468619246861922,2.7976563879044654
24,capacity_loss,dynalloc_only,108,1.0,59359.0,59324.0,35.0,557,0,64,0.06826258462396405,2.177372541565852,1.0863074002773254,0.010315599608838098,2.7977104884380997
24,capacity_loss,dynalloc_only,109,1.0,59889.0,59854.0,35.0,576,0,67,0.06809269415302074,2.177475301376017,1.1016881564813643,0.010145596485662631,2.7977635910490344
24,capacity_loss,dynalloc_only,110,1.0,60460.0,60425.0,35.0,582,0,48,0.06807764942610894,2.1848442854618075,1.109984099072804,0.010033401653063222,2.797815723096018
24,capacity_loss,dynalloc_only,111,1.0,61005.0,60970.0,35.0,590,0,61,0.06766628333682527,2.1882827637964337,1.1134001136219582,0.00992637252927862,2.7978669109468024
24,capacity_loss,dynalloc_only,112,1.0,61603.0,61568.0,35.0,606,0,30,0.06729843706194767,2.181682167094264,1.1244184238677684,0.009805069774928905,2.797917180022566
24,capacity_loss,dynalloc_only,113,1.0,62151.0,62116.0,35.0,572,0,47,0.06604862688274094,2.1505197839682126,1.1242140124224027,0.009764023994729391,2.7979665548400394
24,capacity_loss,dynalloc_only,114,1.0,62676.0,62641.0,35.0,548,0,61,0.06540760671520733,2.132709605092813,1.140041083929205,0.009614484057137874,2.798015059051358
24,capacity_loss,dynalloc_only,115,1.0,63195.0,63160.0,35.0,550,0,55,0.06464018509870002,2.1077598362543872,1.1441801035880816,0.009579208600901223,2.798062715481859
24,capacity_loss,dynalloc_only,116,1.0,63711.0,63676.0,35.0,544,0,65,0.06362340029635692,2.1368260482024057,1.1111192148453928,0.009576842289515138,2.7981095461658847
24,capacity_loss,dynalloc_only,117,1.0,64227.0,64192.0,35.0,559,0,69,0.06436810530049339,2.1736011111365596,1.1166335898517563,0.009477817318702368,2.798155572380751
24,capacity_loss,dynalloc_only,118,1.0,64786.0,64751.0,35.0,582,0,49,0.06383604658305149,2.2104354671965547,1.0943729577766501,0.009430699591575544,2.7982008146789923
24,capacity_loss,dynalloc_only,119,1.0,65327.0,65292.0,35.0,571,0,66,0.06421384875277107,2.2313449850849967,1.0965113744267507,0.009379140824211924,2.7982452929189408
24,capacity_loss,all_combined,0,1.0,670.0,670.0,0.0,671,0,89,,,,,
24,capacity_loss,all_combined,1,1.0,1301.0,1301.0,0.0,634,0,104,,,,,
24,capacity_loss,all_combined,2,1.0,1943.0,1943.0,0.0,661,0,84,3.480899795773297,1.5133781168165772,,,2.300085984522786
24,capacity_loss,all_combined,3,1.0,2600.0,2600.0,0.0,686,0,69,3.5178858702528784,1.4446071254270376,,,2.435185185185185
24,capacity_loss,all_combined,4,1.0,3269.0,3269.0,0.0,684,0,51,0.7036215883100109,1.0714729645742698,2.6419558359621447,0.09567164179104476,2.5980598903416285
24,capacity_loss,all_combined,5,1.0,3905.0,3905.0,0.0,672,0,73,0.7644047720230123,1.1673896118340563,2.48496993987976,0.09949596774193549,2.648383937316357
24,capacity_loss,all_combined,6,1.0,4577.0,4577.0,0.0,701,0,48,0.8153049518043772,1.1211817192136104,2.4744555261550993,0.10964876203010607,2.680159786950731
24,capacity_loss,all_combined,7,1.0,5245.0,5245.0,0.0,687,0,54,0.7698201130881052,1.11246078889408,2.2403904820012204,0.11431100217864924,2.7020463233640655
24,capacity_loss,all_combined,8,1.0,5902.0,5902.0,0.0,703,0,66,0.7788999973031441,1.0953225448902684,2.700258397932817,0.09688995215311004,2.7180385288966735
24,capacity_loss,all_combined,9,1.0,6613.0,6613.0,0.0,720,0,29,0.7909801188219631,1.074779099546558,3.012619372442019,0.08947507453111435,2.7302349511233066
24,capacity_loss,all_combined,10,1.0,7265.0,7265.0,0.0,679,0,57,0.7002532587491104,0.9459430431513806,2.918058870326174,0.09259133042529988,2.739843630231489
24,capacity_loss,all_combined,11,1.0,7911.0,7911.0,0.0,676,0,67,0.6229547106488738,1.0421406411582212,2.303572696924497,0.09444375925012334,2.7476091476091478
24,capacity_loss,all_combined,12,1.0,8568.0,8568.0,0.0,687,0,51,0.5523510271626678,0.9323871042493408,2.399293286219081,0.0896539027982327,2.7540154293663845
24,capacity_loss,all_combined,13,1.0,9211.0,9211.0,0.0,668,0,72,0.497715156939106,1.1499577554763327,1.7251044277360068,0.09092229836073513,2.759390626817071
24,capacity_loss,all_combined,14,1.0,9856.0,9856.0,0.0,698,0,67,0.4642567576883891,1.1474718341595311,2.012564249000571,0.07273339954597052,2.763965127542783
24,capacity_loss,all_combined,15,1.0,10561.0,10561.0,0.0,709,0,39,0.45857075129109826,1.1626258994259027,2.188227000352485,0.06512125117150891,2.7679054392467193
24,capacity_loss,all_combined,16,1.0,11214.0,11214.0,0.0,703,0,65,0.42899955789421285,1.1464096186033899,2.3222898354744195,0.05814489518633539,2.771334894613584
24,capacity_loss,all_combined,17,1.0,11919.0,11919.0,0.0,708,0,34,0.4144421432252218,1.1053927479026793,2.5557367133878564,0.052877442456295574,2.774346793349168
24,capacity_loss,all_combined,18,1.0,12573.0,12573.0,0.0,686,0,58,0.4080125782117695,1.0772801934571334,2.576646691697541,0.05293124246079617,2.777013019321669
24,capacity_loss,all_combined,19,1.0,13226.0,13226.0,0.0,680,0,58,0.3840263059565641,1.0136995322049183,2.5544647031323047,0.05335834553440702,2.7793898517763314
24,capacity_loss,all_combined,20,1.0,13878.0,13878.0,0.0,676,0,59,0.36760032252670627,0.9960094508111328,2.4953923485060034,0.053172990840851184,2.7815219817005126
24,capacity_loss,all_combined,21,1.0,14511.0,14511.0,0.0,679,0,72,0.3529800373802718,0.9501820854914618,2.665329923273658,0.05007369423035587,2.783445348425893
24,capacity_loss,all_combined,22,1.0,15200.0,15200.0,0.0,708,0,54,0.3457815462944525,0.9602339643520534,2.599552025297395,0.0497360780253278,2.785189181897889
24,capacity_loss,all_combined,23,1.0,15880.0,15880.0,0.0,728,0,53,0.30410986190281175,1.0105687075226257,2.322098331213051,0.0465030840922714,2.786777498550164
24,capacity_loss,all_combined,24,1.0,16610.0,16610.0,0.0,730,0,32,0.3005842976821095,1.0049176632903265,2.5482186688611117,0.042098874727868996,2.788230214052188
24,capacity_loss,all_combined,25,1.0,17306.0,17306.0,0.0,727,0,41,0.2812897390801127,1.0231195348624273,2.3432510252159493,0.04206030043831653,2.7895639827249603
24,capacity_loss,all_combined,26,1.0,18020.0,18020.0,0.0,715,0,27,0.27876895613840136,1.0096720993972546,2.5425852003692113,0.03890997383371445,2.7907928388746814
24,capacity_loss,all_combined,27,1.0,18692.0,18692.0,0.0,694,0,48,0.27892872418237236,1.0051070092733994,2.546439181144594,0.03903402256065731,2.7919286925138076
24,capacity_loss,all_combined,28,1.0,19361.0,19361.0,0.0,696,0,49,0.27013100782891736,0.9846832921844851,2.5064950751627886,0.03918708162478533,2.7929817166341753
24,capacity_loss,all_combined,29,1.0,20037.0,20037.0,0.0,693,0,44,0.26751161730137135,0.9716232543457669,2.5522357982266346,0.03861034346624557,2.793960652737532
24,capacity_loss,all_combined,30,1.0,20679.0,20679.0,0.0,681,0,63,0.2645196584365659,0.9626506443474057,2.5982044480718223,0.037840236221709136,2.7948730540686553
24,capacity_loss,all_combined,31,1.0,21349.0,21349.0,0.0,689,0,51,0.25988970881572776,0.9534907371311379,2.580950427751084,0.03777447318931886,2.7957254808834007
24,capacity_loss,all_combined,32,1.0,22004.0,22004.0,0.0,693,0,61,0.2649488773269475,0.995623482887778,2.5575844119950246,0.03720647087852514,2.796523658435646
24,capacity_loss,all_combined,33,1.0,22684.0,22684.0,0.0,701,0,49,0.2655403709558717,0.997062978766375,2.6089919106695327,0.03649223322211889,2.7972726057310933
24,capacity_loss,all_combined,34,1.0,23354.0,23354.0,0.0,699,0,51,0.25828578759170867,0.981672724129112,2.580088907091236,0.03644643158315944,2.797976741169859
24,capacity_loss,all_combined,35,1.0,24031.0,24031.0,0.0,700,0,52,0.2556193813432826,0.9718186181704119,2.640825506019315,0.035589495040577096,2.798639969777106
24,capacity_loss,all_combined,36,1.0,24704.0,24704.0,0.0,699,0,46,0.246044538733781,0.9466033856220983,2.6128868594622023,0.035537014563106796,2.7992657556597993
24,capacity_loss,all_combined,37,1.0,25365.0,25365.0,0.0,681,0,59,0.2334999093324967,0.9623064339190515,2.4511344118090945,0.035356585783480124,2.799857182528663
24,capacity_loss,all_combined,38,1.0,26013.0,26013.0,0.0,693,0,61,0.22524852548680072,0.9510006481931614,2.544702697911625,0.03323696711670314,2.8004170045175503
24,capacity_loss,all_combined,39,1.0,26687.0,26687.0,0.0,680,0,45,0.21162470374661063,0.9711718218176351,2.431964612568639,0.0319895433756733,2.80094768906773
24,capacity_loss,all_combined,40,1.0,27290.0,27290.0,0.0,657,0,88,0.20811539799996695,0.9749099961821343,2.60013614466243,0.029306266936077574,2.80145145328593
24,capacity_loss,all_combined,41,1.0,27964.0,27964.0,0.0,699,0,45,0.20263892962266697,1.0330368710072384,2.389917716904489,0.029293197824419505,2.8019302949061657
24,capacity_loss,all_combined,42,1.0,28618.0,28618.0,0.0,675,0,68,0.18318121600998674,1.1978992541410942,1.8639437745600462,0.029275200472173794,2.802386018767224
24,capacity_loss,all_combined,43,1.0,29266.0,29266.0,0.0,707,0,73,0.17889256825769162,1.2015753461136323,2.106973615479721,0.0252108184464357,2.802820259545625
24,capacity_loss,all_combined,44,1.0,29989.0,29989.0,0.0,726,0,33,0.17556727498984434,1.1912981805139435,2.173867741291365,0.024184134099111368,2.803234501347709
24,capacity_loss,all_combined,45,1.0,30674.0,30674.0,0.0,718,0,48,0.17008570567195624,1.1877932456619364,2.1232104719255944,0.02405543441580354,2.803630094655693
24,capacity_loss,all_combined,46,1.0,31377.0,31377.0,0.0,714,0,35,0.16864100961629952,1.177821318357131,2.1690930996419246,0.023541075476352646,2.804008271035471
24,capacity_loss,all_combined,47,1.0,32051.0,32051.0,0.0,689,0,43,0.16530148153864183,1.1529356067290784,2.200416408607535,0.02323440110669948,2.804370155943599
24,capacity_loss,all_combined,48,1.0,32697.0,32697.0,0.0,681,0,65,0.16568297696631235,1.158657011191573,2.205456076304085,0.023117218065381008,2.8047167799140738
24,capacity_loss,all_combined,49,1.0,33367.0,33367.0,0.0,691,0,44,0.16150063280902724,1.1346471734418428,2.222383598090617,0.02283252300012958,2.8050490883590458
24,capacity_loss,all_combined,50,1.0,33994.0,33994.0,0.0,661,0,69,0.15362855268454761,1.1271446538001404,2.1639044086576833,0.02245248323895074,2.8053679501798072
24,capacity_loss,all_combined,51,1.0,34635.0,34635.0,0.0,677,0,69,0.1498554119497235,1.1738312710553847,2.132061300907992,0.02134174057089756,2.805674165353201
24,capacity_loss,all_combined,52,1.0,35297.0,35297.0,0.0,693,0,58,0.14778827672980632,1.1692214916024328,2.2275512122763215,0.020222400684670544,2.8059684716328985
24,capacity_loss,all_combined,53,1.0,35963.0,35963.0,0.0,698,0,60,0.14510153297901823,1.1694991719151613,2.2536184177463285,0.01961846845490763,2.8062515504837524
24,capacity_loss,all_combined,54,1.0,36646.0,36646.0,0.0,710,0,50,0.1429326815158799,1.1570593404557061,2.312474086431717,0.019034008928723003,2.806524032349679
24,capacity_loss,all_combined,55,1.0,37336.0,37336.0,0.0,710,0,43,0.14029309201910836,1.1369141187149912,2.3177193522329507,0.01896873638570213,2.8067865013408384
24,capacity_loss,all_combined,56,1.0,38006.0,38006.0,0.0,693,0,53,0.13554324713027405,1.146405167758838,2.2228714939327636,0.018948588745557243,2.807039499413374
24,capacity_loss,all_combined,57,1.0,38665.0,38665.0,0.0,691,0,56,0.13309775598814058,1.1402461970572686,2.3262853712613163,0.01787404444636986,2.8072835301047454
24,capacity_loss,all_combined,58,1.0,39331.0,39331.0,0.0,687,0,57,0.12921714769091305,1.1514539301600808,2.2914726693955556,0.017443602778700475,2.8075190618787604
24,capacity_loss,all_combined,59,1.0,39979.0,39979.0,0.0,686,0,59,0.12433042905948359,1.1226642146650314,2.3564645492460703,0.016738199616070582,2.8077465311271053
24,capacity_loss,all_combined,60,1.0,40622.0,40622.0,0.0,663,0,60,0.11706793382333121,1.1423228337660363,2.227642691483,0.016383687848062302,2.8079663448678374
24,capacity_loss,all_combined,61,1.0,41228.0,41228.0,0.0,650,0,89,0.11744850151859414,1.1944603656171624,2.1830437361900428,0.01603941523047354,2.808178883175895
24,capacity_loss,all_combined,62,1.0,41869.0,41869.0,0.0,688,0,69,0.11940522729708133,1.2196248305997037,2.227419181070762,0.015650872704874988,2.8083845013762447
24,capacity_loss,all_combined,63,1.0,42538.0,42538.0,0.0,689,0,63,0.11802818711936515,1.2713511879829493,2.1553483260724517,0.01533611624419205,2.8085835320262045
24,capacity_loss,all_combined,64,1.0,43201.0,43201.0,0.0,716,0,68,0.11707058829030455,1.2908130798067783,2.2519584293939428,0.014338605763046177,2.8087762867102612
24,capacity_loss,all_combined,65,1.0,43920.0,43920.0,0.0,734,0,38,0.117165744868025,1.3088076877697277,2.2571694869799566,0.01411934734295659,2.8089630576677225
24,capacity_loss,all_combined,66,1.0,44622.0,44622.0,0.0,714,0,38,0.11657403668524884,1.3019587267304613,2.2837544813855684,0.013956649923909001,2.8091441192711217
24,capacity_loss,all_combined,67,1.0,45297.0,45297.0,0.0,701,0,49,0.1160178071147861,1.2984254005885834,2.2773281360737068,0.013966283987539328,2.8093197293710714
24,capacity_loss,all_combined,68,1.0,45977.0,45977.0,0.0,690,0,43,0.11776121382222587,1.3309963689858952,2.289632229057622,0.013754099518470696,2.8094901305214433
24,capacity_loss,all_combined,69,1.0,46613.0,46613.0,0.0,674,0,66,0.11725726162494515,1.328886856192154,2.318154232158786,0.013547411841671393,2.809655551097127
24,capacity_loss,all_combined,70,1.0,47260.0,47260.0,0.0,676,0,61,0.11560422260095576,1.3120978933796146,2.3477318958367004,0.013356142562613495,2.8098162063151775
24,capacity_loss,all_combined,71,1.0,47907.0,47907.0,0.0,680,0,65,0.11492211623997906,1.3062469501709706,2.353893547924988,0.013301158484394884,2.8099722991689733
24,capacity_loss,all_combined,72,1.0,48557.0,48557.0,0.0,691,0,64,0.11290717302048539,1.2852467661382883,2.369606945328304,0.013192685589519648,2.8101240212839134
24,capacity_loss,all_combined,73,1.0,49241.0,49241.0,0.0,701,0,51,0.11295875458434856,1.2941875553291857,2.366827225183954,0.013122235645698034,2.8102715537021887
24,capacity_loss,all_combined,74,1.0,49910.0,49910.0,0.0,714,0,58,0.11055471713612987,1.2913527763688584,2.382644815438812,0.012785055149403252,2.810415067603474
24,capacity_loss,all_combined,75,1.0,50608.0,50608.0,0.0,703,0,41,0.10783183468299522,1.2785104550249347,2.392209128041877,0.012544447015673713,2.8105547249674774
24,capacity_loss,all_combined,76,1.0,51275.0,51275.0,0.0,702,0,58,0.10868381890430391,1.2960177251173433,2.3901462785831717,0.012482926533778593,2.810690679183832
24,capacity_loss,all_combined,77,1.0,51971.0,51971.0,0.0,714,0,37,0.10728611692306246,1.300863664990824,2.365188861686472,0.012405446728284357,2.8108230756140458
24,capacity_loss,all_combined,78,1.0,52633.0,52633.0,0.0,683,0,54,0.1065434556844182,1.2946658129923725,2.4006124088079783,0.012195331620550231,2.81095205210997
24,capacity_loss,all_combined,79,1.0,53284.0,53284.0,0.0,684,0,64,0.10661591619404043,1.2990150240160767,2.398332804465766,0.01217378326261603,2.8110777394925477
24,capacity_loss,all_combined,80,1.0,53956.0,53956.0,0.0,698,0,47,0.10574863262914698,1.29813139113411,2.3879230961212423,0.01213511755346084,2.811200261994433
24,capacity_loss,all_combined,81,1.0,54609.0,54609.0,0.0,679,0,63,0.10439517856665922,1.2917721938748548,2.37087908324913,0.012124807793154323,2.8113197376695735
24,capacity_loss,all_combined,82,1.0,55273.0,55273.0,0.0,705,0,60,0.10370184630295255,1.2934312379563968,2.3698469090743943,0.012033573273089248,2.8114362787726046
24,capacity_loss,all_combined,83,1.0,55973.0,55973.0,0.0,711,0,34,0.10185538973815535,1.280759173038215,2.373285527807184,0.011918476343688386,2.8115499921106633
24,capacity_loss,all_combined,84,1.0,56634.0,56634.0,0.0,691,0,62,0.10113170678478975,1.27494908701706,2.394232713630961,0.011783252395676961,2.8116609793698357
24,capacity_loss,all_combined,85,1.0,57325.0,57325.0,0.0,721,0,45,0.09980228862594041,1.2750277660012568,2.362585115928575,0.01178294102076349,2.811769337418483
24,capacity_loss,all_combined,86,1.0,58031.0,58031.0,0.0,714,0,33,0.09880146593388862,1.2749784760073144,2.3725095154912292,0.011615998231956429,2.8118751585891912
24,capacity_loss,all_combined,87,1.0,58695.0,58695.0,0.0,699,0,59,0.09733951311413805,1.277015137613933,2.356362739929405,0.01150373786257502,2.811978530941195
24,capacity_loss,all_combined,88,1.0,59383.0,59383.0,0.0,708,0,43,0.09701176556791141,1.2766191515405356,2.3842140598447665,0.011334182681613061,2.8120795385047685
24,capacity_loss,all_combined,89,1.0,60050.0,60050.0,0.0,685,0,47,0.09422260241236237,1.262245597378036,2.354971888898213,0.011271524425762135,2.8121782615090454
24,capacity_loss,all_combined,90,1.0,60681.0,60681.0,0.0,665,0,71,0.09358070970091141,1.2704861876239506,2.3884093360859997,0.010966041239992046,2.8122747765945415
24,capacity_loss,all_combined,91,1.0,61336.0,61336.0,0.0,686,0,58,0.09401219502815318,1.2780819380425887,2.398788518146705,0.010903381491737791,2.812369157011588
24,capacity_loss,all_combined,92,1.0,61990.0,61990.0,0.0,686,0,61,0.09351725024409764,1.2711747375290299,2.4030572450970573,0.010885184049208636,2.8124614728057296
24,capacity_loss,all_combined,93,1.0,62648.0,62648.0,0.0,693,0,64,0.09405436525726982,1.295101984904413,2.3770305302378154,0.010862747876088303,2.812551790991103
24,capacity_loss,all_combined,94,1.0,63334.0,63334.0,0.0,712,0,48,0.09321697217950935,1.2958781856827042,2.3905899943347153,0.010698220374385538,2.812640175712673
24,capacity_loss,all_combined,95,1.0,64031.0,64031.0,0.0,722,0,46,0.09191387688466872,1.2930277709211955,2.395029699558932,0.010552000304798338,2.812726688398145
24,capacity_loss,all_combined,96,1.0,64736.0,64736.0,0.0,730,0,42,0.09085334210051935,1.2956139663666537,2.408580794742661,0.010350550676835423,2.8128113879003553
24,capacity_loss,all_combined,97,1.0,65450.0,65450.0,0.0,717,0,23,0.08901066004544014,1.2752472777797272,2.4384095665533554,0.010176244783042798,2.81289433063078
24,capacity_loss,all_combined,98,1.0,66105.0,66105.0,0.0,679,0,61,0.08636318107682636,1.2941627874617143,2.335472822903054,0.010157783315324053,2.8129755706848236
24,capacity_loss,all_combined,99,1.0,66761.0,66761.0,0.0,686,0,47,0.08413356463673134,1.2803705942460146,2.3623968704952722,0.009887864167048285,2.813055159959477
24,capacity_loss,all_combined,100,1.0,67402.0,67402.0,0.0,659,0,59,0.0808131911931009,1.3086511723868002,2.2454074682576683,0.00977626369260195,2.8131331482638853
24,capacity_loss,all_combined,101,1.0,68004.0,68004.0,0.0,655,0,87,0.08152002935319613,1.3434754854927085,2.290325835462204,0.009417491152602566,2.8132095834232693
24,capacity_loss,all_combined,102,1.0,68659.0,68659.0,0.0,680,0,56,0.08042966752153621,1.3504814454862748,2.2656597253072137,0.009343709162346715,2.813284511376752
24,capacity_loss,all_combined,103,1.0,69295.0,69295.0,0.0,680,0,74,0.07974455204288576,1.3889011733473213,2.202305228756641,0.009266744139604252,2.8133579762694176
24,capacity_loss,all_combined,104,1.0,69960.0,69960.0,0.0,694,0,54,0.07771181802546813,1.4423254630783289,2.066753759548653,0.009266141863130562,2.8134300205390437
24,capacity_loss,all_combined,105,1.0,70600.0,70600.0,0.0,670,0,83,0.07735594830681418,1.4928723438512435,2.036870144307104,0.009041920290748032,2.813500684997854
24,capacity_loss,all_combined,106,1.0,71265.0,71265.0,0.0,715,0,64,0.07685582704735561,1.499264691022476,2.060434294962803,0.008842640955506253,2.813570008909599
24,capacity_loss,all_combined,107,1.0,71978.0,71978.0,0.0,720,0,36,0.07603876160210549,1.483028124540771,2.0848613680508854,0.008740579766011987,2.813638030062323
24,capacity_loss,all_combined,108,1.0,72637.0,72637.0,0.0,695,0,63,0.07572408719865936,1.4766161835350262,2.089811038323808,0.008721292956386156,2.8137047848370327
24,capacity_loss,all_combined,109,1.0,73330.0,73330.0,0.0,710,0,41,0.07603191138275969,1.4863760055555786,2.0907571496007242,0.008695108175556,2.81377030827258
24,capacity_loss,all_combined,110,1.0,74009.0,74009.0,0.0,698,0,48,0.07567545071110021,1.4829802539465151,2.088617628177247,0.008682846788019134,2.8138346341270166
24,capacity_loss,all_combined,111,1.0,74678.0,74678.0,0.0,701,0,53,0.07551802023968811,1.4853572929548788,2.0825633674708848,0.008675871664455255,2.813897794935549
24,capacity_loss,all_combined,112,1.0,75372.0,75372.0,0.0,708,0,37,0.07548591775285511,1.4882411626872465,2.0869006039308857,0.008637199882925484,2.8139598220654425
24,capacity_loss,all_combined,113,1.0,76018.0,76018.0,0.0,679,0,58,0.07432833444182008,1.4695214386386561,2.0889509457871185,0.008604446494386304,2.814020745767943
24,capacity_loss,all_combined,114,1.0,76659.0,76659.0,0.0,662,0,63,0.0739438187839922,1.4772776579510272,2.080419156172442,0.008549729420206355,2.814080595227478
24,capacity_loss,all_combined,115,1.0,77275.0,77275.0,0.0,661,0,74,0.07305377816332706,1.4592652216105833,2.106320824473986,0.00844575193623735,2.814139398608289
24,capacity_loss,all_combined,116,1.0,77919.0,77919.0,0.0,673,0,67,0.07201831720224072,1.4643421664687346,2.0731325140854437,0.00842982995252777,2.8141971830985897
24,capacity_loss,all_combined,117,1.0,78561.0,78561.0,0.0,688,0,74,0.07236788742168895,1.4730409548304777,2.0896335139252584,0.008354061344823293,2.8142539749525235
24,capacity_loss,all_combined,118,1.0,79250.0,79250.0,0.0,717,0,53,0.07228575831987034,1.4736549877773195,2.087764518861345,0.008348404962099473,2.814309799529898
24,capacity_loss,all_combined,119,1.0,79953.0,79953.0,0.0,726,0,43,0.07171940549198473,1.4679022703456177,2.084100211084604,0.008329914986697808,2.8143646813339687
24,lead_time_surge,baseline,0,1.0,670.0,670.0,0.0,671,0,89,,,,,
24,lead_time_surge,baseline,1,1.0,1301.0,1301.0,0.0,634,0,104,,,,,
24,lead_time_surge,baseline,2,1.0,1943.0,1943.0,0.0,661,0,84,3.480899795773297,1.5133781168165772,,,2.300085984522786
24,lead_time_surge,baseline,3,1.0,2600.0,2600.0,0.0,686,0,68,3.5772418343184573,1.4446071254270376,,,2.4762731481481484
24,lead_time_surge,baseline,4,1.0,3269.0,3269.0,0.0,684,0,50,0.7103608210551877,1.0714729645742698,2.6419558359621447,0.09567164179104476,2.6229439055250947
24,lead_time_surge,baseline,5,1.0,3904.0,3904.0,0.0,671,0,73,0.7688336458254136,1.1673896118340563,2.48496993987976,0.09949596774193549,2.6637283708782236
24,lead_time_surge,baseline,6,1.0,4575.0,4575.0,0.0,700,0,48,0.8181403724436019,1.1211817192136104,2.4744555261550993,0.10964876203010607,2.68948069241012
24,lead_time_surge,baseline,7,1.0,5242.0,5242.0,0.0,686,0,54,0.7712936369397219,1.11246078889408,2.2403904820012204,0.11431100217864924,2.7072183494490667
24,lead_time_surge,baseline,8,1.0,5898.0,5898.0,0.0,702,0,66,0.7795133922036546,1.0953225448902684,2.700258397932817,0.09688995215311004,2.720179023156256
24,lead_time_surge,baseline,9,1.0,6608.0,6608.0,0.0,719,0,29,0.7909304341411326,1.074779099546558,3.012619372442019,0.08947507453111435,2.73006345395301
24,lead_time_surge,baseline,10,1.0,7248.0,7248.0,0.0,678,0,68,0.6997438981647471,0.9459430431513806,3.113862370723946,0.08676907354772778,2.7378506822014415
24,lead_time_surge,baseline,11,1.0,7873.0,7873.0,0.0,656,0,98,0.6221691039213606,1.0421406411582212,2.4604020171887204,0.08842378752886837,2.7441441441441445
24,lead_time_surge,baseline,12,0.9972144846796658,8484.0,8479.0,5.0,645,1,114,0.48561911403183255,1.0104104510036787,2.1837341674785913,0.08005166138311612,2.7493360313646122
24,lead_time_surge,baseline,13,0.9581151832460733,9143.0,9118.0,25.0,639,4,112,0.4777399337103265,1.0665402765470768,2.3879310344827585,0.06812038532010233,2.7536922898011396
24,lead_time_surge,baseline,14,0.973170731707317,9804.0,9724.0,80.0,640,11,112,0.40235931137289827,1.132239747634069,1.9009144904308477,0.0677974507761742,2.7573996340544613
24,lead_time_surge,baseline,15,0.9419953596287703,10523.0,10353.0,170.0,629,18,116,0.37023967262007745,1.196578848492439,1.8701229962697852,0.05993342228331918,2.7605930081137933
24,lead_time_surge,baseline,16,0.9631236442516269,11197.0,10942.0,255.0,621,17,118,0.3351952035399157,1.196872312254869,1.6896580889349373,0.059980728078188925,2.7633723653395807
24,lead_time_surge,baseline,17,0.9346938775510204,11929.0,11544.0,385.0,612,26,123,0.32009049513922994,1.2280463504715007,1.6482917973262916,0.05717432662461198,2.7658133192574996
24,lead_time_surge,baseline,18,0.95,12573.0,12103.0,470.0,598,17,140,0.3241792521831391,1.2441825979833008,1.741921090116529,0.054039408866995105,2.7679741272078933
24,lead_time_surge,baseline,19,0.9891500904159132,13191.0,12691.0,500.0,618,6,97,0.31035414907289044,1.2574392588221293,1.720319687036782,0.051796119954519604,2.7699003999686296
24,lead_time_surge,baseline,20,1.0,13795.0,13295.0,500.0,624,0,78,0.26091383925925654,1.5210875874386067,1.2424130088468976,0.049812909260991585,2.771628356765602
24,lead_time_surge,baseline,21,1.0,14371.0,13871.0,500.0,642,0,96,0.2529805729434746,1.6690606754484538,1.399917886499032,0.039042112571524346,2.7731871241598873
24,lead_time_surge,baseline,22,1.0,15062.0,14562.0,500.0,710,0,39,0.23193327326402166,1.9440856815397385,1.1526428464119385,0.03730374666688387,2.7746003911782564
24,lead_time_surge,baseline,23,1.0,15707.0,15207.0,500.0,675,0,75,0.21085349997023553,2.194176560227068,0.9697910419115707,0.03569679248363587,2.775887621625104
24,lead_time_surge,baseline,24,1.0,16356.0,15856.0,500.0,697,0,82,0.20960133906529868,2.233240671807446,1.0465043514019694,0.03229471436198612,2.7770649558941467
24,lead_time_surge,baseline,25,1.0,17076.0,16576.0,500.0,738,0,34,0.2005890912974612,2.2002724774132645,1.029715092029632,0.03186828688309856,2.7781458912619055
24,lead_time_surge,baseline,26,1.0,17772.0,17272.0,500.0,724,0,49,0.1934075470340683,2.1809879861726538,1.023093518504199,0.031188472395953414,2.7791418016481946
24,lead_time_surge,baseline,27,1.0,18488.0,17988.0,500.0,737,0,35,0.18844343756778942,2.2016245047916256,1.0298894362969753,0.029894591926130917,2.7800623393667627
24,lead_time_surge,baseline,28,1.0,19205.0,18705.0,500.0,725,0,31,0.1840205733233679,2.1491057905765687,1.0648757869807821,0.028914907097324763,2.7809157489857195
24,lead_time_surge,baseline,29,1.0,19900.0,19400.0,500.0,711,0,36,0.17951610031502285,2.1125225104282688,1.0630797102640566,0.028735881035741248,2.7817091149407744
24,lead_time_surge,baseline,30,1.0,20575.0,20075.0,500.0,687,0,40,0.17391088012072237,2.045756132725348,1.0782024252991995,0.028336450137021733,2.782448558660316
24,lead_time_surge,baseline,31,1.0,21219.0,20719.0,500.0,673,0,60,0.17083803476047857,2.0030000508483194,1.0792341507140313,0.02839572542360347,2.783139396817858
24,lead_time_surge,baseline,32,1.0,21871.0,21371.0,500.0,685,0,57,0.17086381891279848,2.0207211407076375,1.071952854823911,0.028335582842281992,2.783786269370488
24,lead_time_surge,baseline,33,1.0,22532.0,22032.0,500.0,687,0,56,0.168940911274067,1.9923654595633244,1.0854120546819725,0.028056960228766054,2.7843932439056993
24,lead_time_surge,baseline,34,1.0,23185.0,22685.0,500.0,693,0,61,0.16481578685174397,1.9538828394310186,1.0965165652096245,0.027622661560363315,2.7849639012580525
24,lead_time_surge,baseline,35,1.0,23870.0,23370.0,500.0,702,0,48,0.1630268451077376,1.9281397599373347,1.1195017090365307,0.02711393002902934,2.7855014062040904
24,lead_time_surge,baseline,36,1.0,24534.0,24034.0,500.0,699,0,53,0.1572329512161803,1.874623352774581,1.1156724857606974,0.026984251315462098,2.786008566183969
24,lead_time_surge,baseline,37,1.0,25208.0,24708.0,500.0,687,0,53,0.1536193222947259,1.8554321676706633,1.113674442900368,0.026679970884118345,2.786487880350696
24,lead_time_surge,baseline,38,1.0,25857.0,25357.0,500.0,695,0,60,0.14814645630515896,1.821191286431928,1.1380447058823526,0.025647705352214018,2.786941580756016
24,lead_time_surge,baseline,39,1.0,26537.0,26037.0,500.0,683,0,40,0.14342037501228486,1.8063083188991822,1.1554159564462696,0.024653905645784995,2.787371667105411
24,lead_time_surge,baseline,40,1.0,27139.0,26639.0,500.0,650,0,87,0.1390573047270086,1.7983674679977664,1.1659423788829877,0.02378919759365283,2.7877799362240223
24,lead_time_surge,baseline,41,1.0,27798.0,27298.0,500.0,694,0,52,0.13930356667934776,1.8203514263167633,1.1891246825157005,0.02308132117942582,2.7881680071492405
24,lead_time_surge,baseline,42,1.0,28476.0,27976.0,500.0,690,0,46,0.1333371014264715,1.9612074349995319,1.0770293017235892,0.022637241044179468,2.788537342589041
24,lead_time_surge,baseline,43,1.0,29103.0,28603.0,500.0,676,0,87,0.1300009286636576,2.001768199872739,1.080842427117929,0.021544628703816605,2.7888892673456174
24,lead_time_surge,baseline,44,1.0,29803.0,29303.0,500.0,724,0,39,0.1276776187729735,2.000283696358601,1.0892351162867875,0.021009610362477813,2.7892249841935364
24,lead_time_surge,baseline,45,1.0,30492.0,29992.0,500.0,706,0,48,0.12511678261830886,1.9682862825357976,1.1009039940491923,0.020698762988205045,2.7895455876134405
24,lead_time_surge,baseline,46,1.0,31163.0,30663.0,500.0,711,0,55,0.12243501987555806,1.9677247356886425,1.128493040744241,0.019763381279689685,2.7898520757117873
24,lead_time_surge,baseline,47,1.0,31855.0,31355.0,500.0,706,0,42,0.11985259004213353,1.9233620731441599,1.1524541965343207,0.019379201230758474,2.7901453606001185
24,lead_time_surge,baseline,48,1.0,32531.0,32031.0,500.0,697,0,51,0.11904528684290798,1.909659547850951,1.158577610303074,0.01928237713485632,2.7904262774612247
24,lead_time_surge,baseline,49,1.0,33197.0,32697.0,500.0,697,0,50,0.11578346278430192,1.8680053049567975,1.1524831343062734,0.01927176023176993,2.790695592492017
24,lead_time_surge,baseline,50,1.0,33856.0,33356.0,500.0,669,0,49,0.11137801924265801,1.8211326951978806,1.1597251357578946,0.018895141493876815,2.790954009882175
24,lead_time_surge,baseline,51,1.0,34471.0,33971.0,500.0,665,0,83,0.11106419634027552,1.842754962470049,1.1858198049044708,0.018209435984724028,2.7912021779624574
24,lead_time_surge,baseline,52,1.0,35146.0,34646.0,500.0,699,0,47,0.10919383949110836,1.8344301581230698,1.1961871724722803,0.017826636502593547,2.79144069463568
24,lead_time_surge,baseline,53,1.0,35805.0,35305.0,500.0,690,0,62,0.10764189863533537,1.8330889642113013,1.2141115149196635,0.01732507532641446,2.79167011218611
24,lead_time_surge,baseline,54,1.0,36476.0,35976.0,500.0,707,0,56,0.1060760726684021,1.814520719438877,1.278770336826872,0.016374366144736224,2.791890941548781
24,lead_time_surge,baseline,55,1.0,37177.0,36677.0,500.0,711,0,35,0.10425946518955266,1.7842880310846416,1.2962991360950675,0.016144097124131306,2.7921036561081176
24,lead_time_surge,baseline,56,1.0,37832.0,37332.0,500.0,687,0,61,0.10215687483643456,1.778695660869159,1.278772491444972,0.016084561997168602,2.7923086950853855
24,lead_time_surge,baseline,57,1.0,38499.0,37999.0,500.0,692,0,50,0.10048361697531272,1.7583283923598887,1.3102313860844867,0.015618994949482483,2.7925064665659343
24,lead_time_surge,baseline,58,1.0,39158.0,38658.0,500.0,681,0,59,0.09884049496315722,1.7589762126116546,1.317873340857694,0.01526783294739095,2.7926973502101218
24,lead_time_surge,baseline,59,1.0,39796.0,39296.0,500.0,682,0,65,0.09528952968241947,1.7091981931045717,1.3873472622639234,0.01438848394635497,2.792881699685883
24,lead_time_surge,baseline,60,1.0,40451.0,39951.0,500.0,675,0,50,0.09184882227098452,1.7002372791985234,1.369085164357354,0.014127110826926829,2.7930598448556796
24,lead_time_surge,baseline,61,1.0,41054.0,40554.0,500.0,636,0,94,0.08842850681090168,1.7914540651422561,1.2521212089654434,0.01411345099278628,2.793232093746264
24,lead_time_surge,baseline,62,1.0,41668.0,41168.0,500.0,683,0,87,0.08795356010084558,1.8126111699618601,1.3880550317736193,0.012514374701250955,2.7933987343261126
24,lead_time_surge,baseline,63,1.0,42366.0,41866.0,500.0,718,0,47,0.08778874836604934,1.8515465025826598,1.3784367228655379,0.012312872697586373,2.793560036111947
24,lead_time_surge,baseline,64,1.0,43053.0,42553.0,500.0,705,0,57,0.08756258730023567,1.8745627352877094,1.3628547365394652,0.012268366577715609,2.7937162516233403
24,lead_time_surge,baseline,65,1.0,43730.0,43230.0,500.0,721,0,58,0.08670721573983031,1.8786613166399202,1.3725912162572775,0.01203537726842815,2.7938676177018142
24,lead_time_surge,baseline,66,1.0,44444.0,43944.0,500.0,717,0,33,0.08508917854572966,1.8425078957036078,1.4018158802739982,0.011790856789095605,2.794014356709004
24,lead_time_surge,baseline,67,1.0,45114.0,44614.0,500.0,702,0,52,0.08376786909736318,1.8241859973731311,1.3958996774467611,0.011773440369379294,2.7941566776165505
24,lead_time_surge,baseline,68,1.0,45799.0,45299.0,500.0,698,0,42,0.08333704854473648,1.815724674030252,1.4061474313734112,0.011681135005416335,2.7942947769990774
24,lead_time_surge,baseline,69,1.0,46454.0,45954.0,500.0,681,0,54,0.08260346272839553,1.8018596920746242,1.4042920031688593,0.011682258330888057,2.7944288399400232
24,lead_time_surge,baseline,70,1.0,47090.0,46590.0,500.0,672,0,67,0.08152767416903371,1.7781142450320042,1.4148405483526496,0.011596437838262367,2.7945590408592302
24,lead_time_surge,baseline,71,1.0,47747.0,47247.0,500.0,681,0,57,0.08104937609561258,1.7675813702888081,1.4143542416363915,0.011600564275443164,2.794685544270033
24,lead_time_surge,baseline,72,1.0,48384.0,47884.0,500.0,682,0,70,0.07972221839633653,1.7393553990755963,1.4289723532573,0.011476650673717236,2.7948085054727163
24,lead_time_surge,baseline,73,1.0,49063.0,48563.0,500.0,699,0,53,0.07977092705576933,1.7424593140999987,1.4296158556670862,0.011457556332011615,2.794928071190567
24,lead_time_surge,baseline,74,1.0,49736.0,49236.0,500.0,713,0,54,0.07859012773521169,1.7358975289619822,1.430608121623021,0.011322296284286599,2.7950443801539047
24,lead_time_surge,baseline,75,1.0,50431.0,49931.0,500.0,700,0,39,0.07694106383353519,1.7121295644931038,1.443887987090643,0.01113478313301443,2.795157563637071
24,lead_time_surge,baseline,76,1.0,51088.0,50588.0,500.0,695,0,63,0.07761354759926818,1.7344583932828421,1.4445169074862052,0.011082241394489711,2.7952677459526796
24,lead_time_surge,baseline,77,1.0,51783.0,51283.0,500.0,713,0,36,0.07679535158606404,1.7376564994082069,1.4344154115877479,0.011021887590279764,2.7953750449070656
24,lead_time_surge,baseline,78,1.0,52443.0,51943.0,500.0,681,0,54,0.07612133857134892,1.722656615545435,1.4560139441907134,0.01085640016744792,2.79547957222046
24,lead_time_surge,baseline,79,1.0,53090.0,52590.0,500.0,682,0,66,0.07609991259359014,1.7235033429971702,1.4595381044248457,0.010821424719860168,2.7955814339149834
24,lead_time_surge,baseline,80,1.0,53765.0,53265.0,500.0,699,0,44,0.07556308622474714,1.7202883904564086,1.4583712460570772,0.010773399458070456,2.7956807306733618
24,lead_time_surge,baseline,81,1.0,54414.0,53914.0,500.0,676,0,65,0.07475700540120828,1.7084935547159499,1.454313701644528,0.010761624668863982,2.7957775581708755
24,lead_time_surge,baseline,82,1.0,55078.0,54578.0,500.0,705,0,59,0.0743615569924491,1.7115245104756311,1.45364916701351,0.010690264774515467,2.7958720073828247
24,lead_time_surge,baseline,83,1.0,55777.0,55277.0,500.0,709,0,34,0.07322550143361073,1.6944609119261795,1.4601666990797626,0.010585143717684098,2.79596416486965
24,lead_time_surge,baseline,84,1.0,56434.0,55934.0,500.0,689,0,64,0.07278575903635602,1.6853615037460798,1.478268244050995,0.010448513924772612,2.796054113041519
24,lead_time_surge,baseline,85,1.0,57127.0,56627.0,500.0,721,0,43,0.07210705378936413,1.6848089090640341,1.465050170884816,0.01044757244365756,2.7961419304041195
24,lead_time_surge,baseline,86,1.0,57829.0,57329.0,500.0,712,0,35,0.07154539389395735,1.6813807648219714,1.4734321992115622,0.01032792119838487,2.796227691787194
24,lead_time_surge,baseline,87,1.0,58494.0,57994.0,500.0,699,0,58,0.07082968961969778,1.6804989619410915,1.4699967758894026,0.01025357149717371,2.7963114685571933
24,lead_time_surge,baseline,88,1.0,59181.0,58681.0,500.0,707,0,43,0.07050817909168934,1.6765817738877329,1.4861905752758313,0.010119102569649098,2.7963933288153524
24,lead_time_surge,baseline,89,1.0,59846.0,59346.0,500.0,684,0,48,0.06885708875424573,1.6532029391997018,1.4793205581129785,0.01006814618260765,2.7964733375823267
24,lead_time_surge,baseline,90,1.0,60479.0,59979.0,500.0,665,0,69,0.06852791050208719,1.6554192792323557,1.5107808776930278,0.009797948932176028,2.7965515569704125
24,lead_time_surge,baseline,91,1.0,61134.0,60634.0,500.0,688,0,56,0.0686885750761523,1.6598747351085237,1.5213166625514347,0.009726461270852981,2.7966280463443867
24,lead_time_surge,baseline,92,1.0,61788.0,61288.0,500.0,680,0,61,0.06813983021395055,1.6504462486324636,1.5179000140552412,0.009725460410096658,2.796702862471745
24,lead_time_surge,baseline,93,1.0,62435.0,61935.0,500.0,690,0,69,0.06839683236312391,1.6753691476509331,1.5121086378293236,0.009653499704575578,2.796776059663222
24,lead_time_surge,baseline,94,1.0,63122.0,62622.0,500.0,711,0,49,0.06794276888811887,1.6769829386573671,1.5253556981209475,0.009496742283616754,2.7968476899042547
24,lead_time_surge,baseline,95,1.0,63819.0,63319.0,500.0,723,0,46,0.0672015383390707,1.6740139795451632,1.5355535014713901,0.009347069639698353,2.7969178029781303
24,lead_time_surge,baseline,96,1.0,64522.0,64022.0,500.0,731,0,45,0.0666784713043882,1.6759478824153506,1.5546356745618737,0.00914968482008315,2.796986446581357
24,lead_time_surge,baseline,97,1.0,65243.0,64743.0,500.0,721,0,20,0.06537470075353254,1.648898199766267,1.5790535719530294,0.008976730904308745,2.79705366643188
24,lead_time_surge,baseline,98,1.0,65899.0,65399.0,500.0,680,0,61,0.06439454176134042,1.6647570274470544,1.5444252683529303,0.008954065764123477,2.7971195063706076
24,lead_time_surge,baseline,99,1.0,66557.0,66057.0,500.0,687,0,46,0.06299595054829601,1.6452313496645155,1.5628574252960707,0.008758813112997341,2.7971840084567825
24,lead_time_surge,baseline,100,1.0,67205.0,66705.0,500.0,665,0,52,0.06163076245436655,1.6652274762622585,1.5251544406372708,0.008675196067579256,2.7972472130575685
24,lead_time_surge,baseline,101,1.0,67810.0,67310.0,500.0,652,0,83,0.06152283142945473,1.681288409233282,1.5376615141251233,0.008507322246760849,2.7973091589323
24,lead_time_surge,baseline,102,1.0,68458.0,67958.0,500.0,677,0,56,0.06037895898944986,1.6853078605663585,1.5070367870213954,0.008498311111635869,2.7973698833117244
24,lead_time_surge,baseline,103,1.0,69097.0,68597.0,500.0,674,0,68,0.060007590234933655,1.7575845627768587,1.439055023923445,0.008481124121415573,2.797429421972659
24,lead_time_surge,baseline,104,1.0,69745.0,69245.0,500.0,684,0,59,0.05819929881079789,1.8106021501548542,1.3584587304568292,0.008458241258965328,2.797487809308239
24,lead_time_surge,baseline,105,1.0,70395.0,69895.0,500.0,672,0,68,0.057711772544584455,1.8759910342479076,1.3163661904285153,0.00835371861017521,2.7975450783941977
24,lead_time_surge,baseline,106,1.0,71042.0,70542.0,500.0,694,0,69,0.057324562900763584,1.8828781645164576,1.3208042942860363,0.008239374547709172,2.797601261051332
24,lead_time_surge,baseline,107,1.0,71721.0,71221.0,500.0,694,0,54,0.05664342814588225,1.8697874119500388,1.3257696843360747,0.00816760716058638,2.7976563879044654
24,lead_time_surge,baseline,108,1.0,72367.0,71867.0,500.0,691,0,68,0.05603929709972044,1.8527079417722068,1.3339819696424036,0.00810462613166029,2.7977104884380997
24,lead_time_surge,baseline,109,1.0,73053.0,72553.0,500.0,704,0,49,0.0562684737120512,1.8598772215782444,1.3366790106521353,0.008089891869276835,2.7977635910490344
24,lead_time_surge,baseline,110,1.0,73727.0,73227.0,500.0,707,0,55,0.05606900790310698,1.8567001451791934,1.3352545481944174,0.008083471805326039,2.797815723096018
24,lead_time_surge,baseline,111,1.0,74428.0,73928.0,500.0,718,0,37,0.05592469760947839,1.8573547356812012,1.3357861016841637,0.008056470374829192,2.7978669109468024
24,lead_time_surge,baseline,112,1.0,75118.0,74618.0,500.0,708,0,42,0.055767883696200685,1.8538245236075475,1.336916036822377,0.008042231182249669,2.797917180022566
24,lead_time_surge,baseline,113,1.0,75779.0,75279.0,500.0,687,0,48,0.05482912390619843,1.8292860564064841,1.33184002913619,0.008043315418755699,2.7979665548400394
24,lead_time_surge,baseline,114,1.0,76421.0,75921.0,500.0,657,0,60,0.05449133230035326,1.83251656589013,1.3325130903854452,0.007975501212265467,2.798015059051358
24,lead_time_surge,baseline,115,1.0,77021.0,76521.0,500.0,655,0,82,0.05380398481523761,1.8107956829798557,1.3673551252292937,0.007766158032077389,2.798062715481859
24,lead_time_surge,baseline,116,1.0,77692.0,77192.0,500.0,689,0,42,0.053357483623955676,1.8111446669856845,1.3680826542765079,0.007696001587924271,2.7981095461658847
24,lead_time_surge,baseline,117,1.0,78316.0,77816.0,500.0,663,0,83,0.0534241191055202,1.8404556649209967,1.3523197399527185,0.007671155132458161,2.798155572380751
24,lead_time_surge,baseline,118,1.0,78968.0,78468.0,500.0,697,0,74,0.05317321504714249,1.840958270259793,1.3552886815332041,0.007616199048321874,2.7982008146789923
24,lead_time_surge,baseline,119,1.0,79679.0,79179.0,500.0,730,0,36,0.05265214938227244,1.8364443115990658,1.3558183841842617,0.0075570281707752675,2.7982452929189408
24,lead_time_surge,dual_only,0,1.0,670.0,670.0,0.0,671,0,89,,,,,
24,lead_time_surge,dual_only,1,1.0,1301.0,1301.0,0.0,634,0,104,,,,,
24,lead_time_surge,dual_only,2,1.0,1943.0,1943.0,0.0,661,0,84,3.480899795773297,1.5133781168165772,,,2.300085984522786
24,lead_time_surge,dual_only,3,1.0,2600.0,2600.0,0.0,686,0,69,3.5178858702528784,1.4446071254270376,,,2.435185185185185
24,lead_time_surge,dual_only,4,1.0,3269.0,3269.0,0.0,684,0,51,0.7036215883100109,1.0714729645742698,2.6419558359621447,0.09567164179104476,2.5980598903416285
24,lead_time_surge,dual_only,5,1.0,3905.0,3905.0,0.0,672,0,73,0.7644047720230123,1.1673896118340563,2.48496993987976,0.09949596774193549,2.648383937316357
24,lead_time_surge,dual_only,6,1.0,4577.0,4577.0,0.0,701,0,48,0.8153049518043772,1.1211817192136104,2.4744555261550993,0.10964876203010607,2.680159786950731
24,lead_time_surge,dual_only,7,1.0,5245.0,5245.0,0.0,687,0,54,0.7698201130881052,1.11246078889408,2.2403904820012204,0.11431100217864924,2.7020463233640655
24,lead_time_surge,dual_only,8,1.0,5902.0,5902.0,0.0,703,0,66,0.7788999973031441,1.0953225448902684,2.700258397932817,0.09688995215311004,2.7180385288966735
24,lead_time_surge,dual_only,9,1.0,6613.0,6613.0,0.0,720,0,29,0.7909801188219631,1.074779099546558,3.012619372442019,0.08947507453111435,2.7302349511233066
24,lead_time_surge,dual_only,10,1.0,7254.0,7254.0,0.0,679,0,68,0.7002532587491103,0.9459430431513806,3.113862370723946,0.08676907354772778,2.739843630231489
24,lead_time_surge,dual_only,11,1.0,7880.0,7880.0,0.0,657,0,98,0.6229547106488738,1.0421406411582212,2.4604020171887204,0.08842378752886837,2.7476091476091478
24,lead_time_surge,dual_only,12,0.9972144846796658,8492.0,8487.0,5.0,646,1,114,0.48644564272308716,1.0104104510036787,2.1837341674785913,0.08005166138311612,2.7540154293663845
24,lead_time_surge,dual_only,13,0.9581151832460733,9152.0,9127.0,25.0,640,4,112,0.47872854204479176,1.0665402765470768,2.3879310344827585,0.06812038532010233,2.759390626817071
24,lead_time_surge,dual_only,14,0.973170731707317,9814.0,9734.0,80.0,641,11,112,0.4033173471273674,1.132239747634069,1.9009144904308477,0.0677974507761742,2.763965127542783
24,lead_time_surge,dual_only,15,0.9419953596287703,10534.0,10364.0,170.0,630,18,116,0.3712203865828942,1.196578848492439,1.8701229962697852,0.05993342228331918,2.7679054392467193
24,lead_time_surge,dual_only,16,0.9631236442516269,11209.0,10954.0,255.0,622,17,118,0.33616105296874,1.196872312254869,1.6896580889349373,0.059980728078188925,2.771334894613584
24,lead_time_surge,dual_only,17,0.9346938775510204,11942.0,11557.0,385.0,613,26,123,0.32107808310413033,1.2280463504715007,1.6482917973262916,0.05717432662461198,2.774346793349168
24,lead_time_surge,dual_only,18,0.95,12587.0,12117.0,470.0,599,17,140,0.32523786803406235,1.2441825979833008,1.741921090116529,0.054039408866995105,2.777013019321669
24,lead_time_surge,dual_only,19,0.9891500904159132,13206.0,12706.0,500.0,619,6,97,0.3114173969575367,1.2574392588221293,1.720319687036782,0.051796119954519604,2.7793898517763314
24,lead_time_surge,dual_only,20,1.0,13811.0,13311.0,500.0,625,0,78,0.2618451992158169,1.5210875874386067,1.2424130088468976,0.049812909260991585,2.7815219817005126
24,lead_time_surge,dual_only,21,1.0,14388.0,13888.0,500.0,643,0,96,0.2539163667922157,1.6690606754484538,1.399917886499032,0.039042112571524346,2.783445348425893
24,lead_time_surge,dual_only,22,1.0,15080.0,14580.0,500.0,711,0,39,0.2328184071735102,1.9440856815397385,1.1526428464119385,0.03730374666688387,2.785189181897889
24,lead_time_surge,dual_only,23,1.0,15726.0,15226.0,500.0,676,0,75,0.21168068355144612,2.194176560227068,0.9697910419115707,0.03569679248363587,2.786777498550164
24,lead_time_surge,dual_only,24,1.0,16376.0,15876.0,500.0,698,0,82,0.210444046419323,2.233240671807446,1.0465043514019694,0.03229471436198612,2.788230214052188
24,lead_time_surge,dual_only,25,1.0,17097.0,16597.0,500.0,739,0,34,0.2014135060980407,2.2002724774132645,1.029715092029632,0.03186828688309856,2.7895639827249603
24,lead_time_surge,dual_only,26,1.0,17794.0,17294.0,500.0,725,0,49,0.19421837235037315,2.1809879861726538,1.023093518504199,0.031188472395953414,2.7907928388746814
24,lead_time_surge,dual_only,27,1.0,18511.0,18011.0,500.0,738,0,35,0.18924778513466156,2.2016245047916256,1.0298894362969753,0.029894591926130917,2.7919286925138076
24,lead_time_surge,dual_only,28,1.0,19229.0,18729.0,500.0,726,0,31,0.18481901041560267,2.1491057905765687,1.0648757869807821,0.028914907097324763,2.7929817166341753
24,lead_time_surge,dual_only,29,1.0,19925.0,19425.0,500.0,712,0,36,0.18030674671162958,2.1125225104282688,1.0630797102640566,0.028735881035741248,2.793960652737532
24,lead_time_surge,dual_only,30,1.0,20601.0,20101.0,500.0,688,0,40,0.17468744611501358,2.045756132725348,1.0782024252991995,0.028336450137021733,2.7948730540686553
24,lead_time_surge,dual_only,31,1.0,21246.0,20746.0,500.0,674,0,60,0.1716106090230347,2.0030000508483194,1.0792341507140313,0.02839572542360347,2.7957254808834007
24,lead_time_surge,dual_only,32,1.0,21899.0,21399.0,500.0,686,0,57,0.17164561705678574,2.0207211407076375,1.071952854823911,0.028335582842281992,2.796523658435646
24,lead_time_surge,dual_only,33,1.0,22561.0,22061.0,500.0,688,0,56,0.16972235661343235,1.9923654595633244,1.0854120546819725,0.028056960228766054,2.7972726057310933
24,lead_time_surge,dual_only,34,1.0,23215.0,22715.0,500.0,694,0,61,0.16558589430206724,1.9538828394310186,1.0965165652096245,0.027622661560363315,2.797976741169859
24,lead_time_surge,dual_only,35,1.0,23901.0,23401.0,500.0,703,0,48,0.16379580489493623,1.9281397599373347,1.1195017090365307,0.02711393002902934,2.798639969777106
24,lead_time_surge,dual_only,36,1.0,24566.0,24066.0,500.0,700,0,53,0.15798114239240918,1.874623352774581,1.1156724857606974,0.026984251315462098,2.7992657556597993
24,lead_time_surge,dual_only,37,1.0,25241.0,24741.0,500.0,688,0,53,0.15435637310144762,1.8554321676706633,1.113674442900368,0.026679970884118345,2.799857182528663
24,lead_time_surge,dual_only,38,1.0,25891.0,25391.0,500.0,696,0,60,0.14886277425429234,1.821191286431928,1.1380447058823526,0.025647705352214018,2.8004170045175503
24,lead_time_surge,dual_only,39,1.0,26572.0,26072.0,500.0,684,0,40,0.1441189105481048,1.8063083188991822,1.1554159564462696,0.024653905645784995,2.80094768906773
24,lead_time_surge,dual_only,40,1.0,27175.0,26675.0,500.0,651,0,87,0.1397392539330615,1.7983674679977664,1.1659423788829877,0.02378919759365283,2.80145145328593
24,lead_time_surge,dual_only,41,1.0,27835.0,27335.0,500.0,695,0,52,0.13999116361227698,1.8203514263167633,1.1891246825157005,0.02308132117942582,2.8019302949061657
24,lead_time_surge,dual_only,42,1.0,28514.0,28014.0,500.0,691,0,46,0.13399929171239336,1.9612074349995319,1.0770293017235892,0.022637241044179468,2.802386018767224
24,lead_time_surge,dual_only,43,1.0,29142.0,28642.0,500.0,677,0,87,0.13065030615756248,2.001768199872739,1.080842427117929,0.021544628703816605,2.802820259545625
24,lead_time_surge,dual_only,44,1.0,29843.0,29343.0,500.0,725,0,39,0.12831890866552087,2.000283696358601,1.0892351162867875,0.021009610362477813,2.803234501347709
24,lead_time_surge,dual_only,45,1.0,30533.0,30033.0,500.0,707,0,48,0.12574850135189627,1.9682862825357976,1.1009039940491923,0.020698762988205045,2.803630094655693
24,lead_time_surge,dual_only,46,1.0,31205.0,30705.0,500.0,712,0,55,0.12305627649016739,1.9677247356886425,1.128493040744241,0.019763381279689685,2.804008271035471
24,lead_time_surge,dual_only,47,1.0,31898.0,31398.0,500.0,707,0,42,0.12046362579274715,1.9233620731441599,1.1524541965343207,0.019379201230758474,2.804370155943599
24,lead_time_surge,dual_only,48,1.0,32575.0,32075.0,500.0,698,0,51,0.11965494887819259,1.909659547850951,1.158577610303074,0.01928237713485632,2.8047167799140738
24,lead_time_surge,dual_only,49,1.0,33242.0,32742.0,500.0,698,0,50,0.11637897648311445,1.8680053049567975,1.1524831343062734,0.01927176023176993,2.8050490883590458
24,lead_time_surge,dual_only,50,1.0,33902.0,33402.0,500.0,670,0,49,0.11195323335014523,1.8211326951978806,1.1597251357578946,0.018895141493876815,2.8053679501798072
24,lead_time_surge,dual_only,51,1.0,34518.0,34018.0,500.0,666,0,83,0.11164004844503882,1.842754962470049,1.1858198049044708,0.018209435984724028,2.805674165353201
24,lead_time_surge,dual_only,52,1.0,35194.0,34694.0,500.0,700,0,47,0.10976212802850964,1.8344301581230698,1.1961871724722803,0.017826636502593547,2.8059684716328985
24,lead_time_surge,dual_only,53,1.0,35854.0,35354.0,500.0,691,0,62,0.10820413329778376,1.8330889642113013,1.2141115149196635,0.01732507532641446,2.8062515504837524
24,lead_time_surge,dual_only,54,1.0,36526.0,36026.0,500.0,708,0,56,0.1066320473950862,1.814520719438877,1.278770336826872,0.016374366144736224,2.806524032349679
24,lead_time_surge,dual_only,55,1.0,37228.0,36728.0,500.0,712,0,35,0.10480773480270815,1.7842880310846416,1.2962991360950675,0.016144097124131306,2.8067865013408384
24,lead_time_surge,dual_only,56,1.0,37884.0,37384.0,500.0,688,0,61,0.10269580269087376,1.778695660869159,1.278772491444972,0.016084561997168602,2.807039499413374
24,lead_time_surge,dual_only,57,1.0,38552.0,38052.0,500.0,693,0,50,0.10101534458648626,1.7583283923598887,1.3102313860844867,0.015618994949482483,2.8072835301047454
24,lead_time_surge,dual_only,58,1.0,39212.0,38712.0,500.0,682,0,59,0.0993650721492312,1.7589762126116546,1.317873340857694,0.01526783294739095,2.8075190618787604
24,lead_time_surge,dual_only,59,1.0,39851.0,39351.0,500.0,683,0,65,0.09579669860296552,1.7091981931045717,1.3873472622639234,0.01438848394635497,2.8077465311271053
24,lead_time_surge,dual_only,60,1.0,40507.0,40007.0,500.0,676,0,50,0.09233901744987437,1.7002372791985234,1.369085164357354,0.014127110826926829,2.8079663448678374
24,lead_time_surge,dual_only,61,1.0,41111.0,40611.0,500.0,637,0,94,0.08890169422480776,1.7914540651422561,1.2521212089654434,0.01411345099278628,2.808178883175895
24,lead_time_surge,dual_only,62,1.0,41726.0,41226.0,500.0,684,0,87,0.088425405221524,1.8126111699618601,1.3880550317736193,0.012514374701250955,2.8083845013762447
24,lead_time_surge,dual_only,63,1.0,42425.0,41925.0,500.0,719,0,47,0.08826086777116181,1.8515465025826598,1.3784367228655379,0.012312872697586373,2.8085835320262045
24,lead_time_surge,dual_only,64,1.0,43113.0,42613.0,500.0,706,0,57,0.08803460933764798,1.8745627352877094,1.3628547365394652,0.012268366577715609,2.8087762867102612
24,lead_time_surge,dual_only,65,1.0,43791.0,43291.0,500.0,722,0,58,0.08717570020255813,1.8786613166399202,1.3725912162572775,0.01203537726842815,2.8089630576677225
24,lead_time_surge,dual_only,66,1.0,44506.0,44006.0,500.0,718,0,33,0.08554994177155606,1.8425078957036078,1.4018158802739982,0.011790856789095605,2.8091441192711217
24,lead_time_surge,dual_only,67,1.0,45177.0,44677.0,500.0,703,0,52,0.084222452243922,1.8241859973731311,1.3958996774467611,0.011773440369379294,2.8093197293710714
24,lead_time_surge,dual_only,68,1.0,45863.0,45363.0,500.0,699,0,42,0.08379023477425368,1.815724674030252,1.4061474313734112,0.011681135005416335,2.8094901305214433
24,lead_time_surge,dual_only,69,1.0,46519.0,46019.0,500.0,682,0,54,0.08305356510694414,1.8018596920746242,1.4042920031688593,0.011682258330888057,2.809655551097127
24,lead_time_surge,dual_only,70,1.0,47156.0,46656.0,500.0,673,0,67,0.0819727823939267,1.7781142450320042,1.4148405483526496,0.011596437838262367,2.8098162063151775
24,lead_time_surge,dual_only,71,1.0,47814.0,47314.0,500.0,682,0,57,0.0814927111068184,1.7675813702888081,1.4143542416363915,0.011600564275443164,2.8099722991689733
24,lead_time_surge,dual_only,72,1.0,48452.0,47952.0,500.0,683,0,70,0.08015909516050906,1.7393553990755963,1.4289723532573,0.011476650673717236,2.8101240212839134
24,lead_time_surge,dual_only,73,1.0,49132.0,48632.0,500.0,700,0,53,0.08020885024843835,1.7424593140999987,1.4296158556670862,0.011457556332011615,2.8102715537021887
24,lead_time_surge,dual_only,74,1.0,49806.0,49306.0,500.0,714,0,54,0.07902231560980033,1.7358975289619822,1.430608121623021,0.011322296284286599,2.810415067603474
24,lead_time_surge,dual_only,75,1.0,50502.0,50002.0,500.0,701,0,39,0.07736489467162096,1.7121295644931038,1.443887987090643,0.01113478313301443,2.8105547249674774
24,lead_time_surge,dual_only,76,1.0,51160.0,50660.0,500.0,696,0,63,0.07804178155438378,1.7344583932828421,1.4445169074862052,0.011082241394489711,2.810690679183832
24,lead_time_surge,dual_only,77,1.0,51856.0,51356.0,500.0,714,0,36,0.07721974435282937,1.7376564994082069,1.4344154115877479,0.011021887590279764,2.8108230756140458
24,lead_time_surge,dual_only,78,1.0,52517.0,52017.0,500.0,682,0,54,0.07654265657771599,1.722656615545435,1.4560139441907134,0.01085640016744792,2.81095205210997
24,lead_time_surge,dual_only,79,1.0,53165.0,52665.0,500.0,683,0,66,0.07652174523479664,1.7235033429971702,1.4595381044248457,0.010821424719860168,2.8110777394925477
24,lead_time_surge,dual_only,80,1.0,53841.0,53341.0,500.0,700,0,44,0.07598255604135218,1.7202883904564086,1.4583712460570772,0.010773399458070456,2.811200261994433
24,lead_time_surge,dual_only,81,1.0,54491.0,53991.0,500.0,677,0,65,0.0751725916817888,1.7084935547159499,1.454313701644528,0.010761624668863982,2.8113197376695735
24,lead_time_surge,dual_only,82,1.0,55156.0,54656.0,500.0,706,0,59,0.074775518522498,1.7115245104756311,1.45364916701351,0.010690264774515467,2.8114362787726046
24,lead_time_surge,dual_only,83,1.0,55856.0,55356.0,500.0,710,0,34,0.07363368978928447,1.6944609119261795,1.4601666990797626,0.010585143717684098,2.8115499921106633
24,lead_time_surge,dual_only,84,1.0,56514.0,56014.0,500.0,690,0,64,0.07319203071993578,1.6853615037460798,1.478268244050995,0.010448513924772612,2.8116609793698357
24,lead_time_surge,dual_only,85,1.0,57208.0,56708.0,500.0,722,0,43,0.07251005417568934,1.6848089090640341,1.465050170884816,0.01044757244365756,2.811769337418483
24,lead_time_surge,dual_only,86,1.0,57911.0,57411.0,500.0,713,0,35,0.07194575620317831,1.6813807648219714,1.4734321992115622,0.01032792119838487,2.8118751585891912
24,lead_time_surge,dual_only,87,1.0,58577.0,58077.0,500.0,700,0,58,0.07122653138013438,1.6804989619410915,1.4699967758894026,0.01025357149717371,2.811978530941195
24,lead_time_surge,dual_only,88,1.0,59265.0,58765.0,500.0,708,0,43,0.07090369072113516,1.6765817738877329,1.4861905752758313,0.010119102569649098,2.8120795385047685
24,lead_time_surge,dual_only,89,1.0,59931.0,59431.0,500.0,685,0,48,0.06924378843279001,1.6532029391997018,1.4793205581129785,0.01006814618260765,2.8121782615090454
24,lead_time_surge,dual_only,90,1.0,60565.0,60065.0,500.0,666,0,69,0.06891319908527864,1.6554192792323557,1.5107808776930278,0.009797948932176028,2.8122747765945415
24,lead_time_surge,dual_only,91,1.0,61221.0,60721.0,500.0,689,0,56,0.06907519583655675,1.6598747351085237,1.5213166625514347,0.009726461270852981,2.812369157011588
24,lead_time_surge,dual_only,92,1.0,61876.0,61376.0,500.0,681,0,61,0.06852377841487473,1.6504462486324636,1.5179000140552412,0.009725460410096658,2.8124614728057296
24,lead_time_surge,dual_only,93,1.0,62524.0,62024.0,500.0,691,0,69,0.06878263731426065,1.6753691476509331,1.5121086378293236,0.009653499704575578,2.812551790991103
24,lead_time_surge,dual_only,94,1.0,63212.0,62712.0,500.0,712,0,49,0.06832640980547143,1.6769829386573671,1.5253556981209475,0.009496742283616754,2.812640175712673
24,lead_time_surge,dual_only,95,1.0,63910.0,63410.0,500.0,724,0,46,0.06758137839676559,1.6740139795451632,1.5355535014713901,0.009347069639698353,2.812726688398145
24,lead_time_surge,dual_only,96,1.0,64614.0,64114.0,500.0,732,0,45,0.0670557283686554,1.6759478824153506,1.5546356745618737,0.00914968482008315,2.8128113879003553
24,lead_time_surge,dual_only,97,1.0,65336.0,64836.0,500.0,722,0,20,0.0657449398712758,1.648898199766267,1.5790535719530294,0.008976730904308745,2.81289433063078
24,lead_time_surge,dual_only,98,1.0,65993.0,65493.0,500.0,681,0,61,0.0647595758592139,1.6647570274470544,1.5444252683529303,0.008954065764123477,2.8129755706848236
24,lead_time_surge,dual_only,99,1.0,66652.0,66152.0,500.0,688,0,46,0.06335338798258189,1.6452313496645155,1.5628574252960707,0.008758813112997341,2.813055159959477
24,lead_time_surge,dual_only,100,1.0,67301.0,66801.0,500.0,666,0,52,0.0619807716686025,1.6652274762622585,1.5251544406372708,0.008675196067579256,2.8131331482638853
24,lead_time_surge,dual_only,101,1.0,67907.0,67407.0,500.0,653,0,83,0.06187253862305934,1.681288409233282,1.5376615141251233,0.008507322246760849,2.8132095834232693
24,lead_time_surge,dual_only,102,1.0,68556.0,68056.0,500.0,678,0,56,0.06072246332221727,1.6853078605663585,1.5070367870213954,0.008498311111635869,2.813284511376752
24,lead_time_surge,dual_only,103,1.0,69196.0,68696.0,500.0,675,0,68,0.06034927326427734,1.7575845627768587,1.439055023923445,0.008481124121415573,2.8133579762694176
24,lead_time_surge,dual_only,104,1.0,69845.0,69345.0,500.0,685,0,59,0.05853096263862201,1.8106021501548542,1.3584587304568292,0.008458241258965328,2.8134300205390437
24,lead_time_surge,dual_only,105,1.0,70496.0,69996.0,500.0,673,0,68,0.05804092768357855,1.8759910342479076,1.3163661904285153,0.00835371861017521,2.813500684997854
24,lead_time_surge,dual_only,106,1.0,71144.0,70644.0,500.0,695,0,69,0.05765177232256077,1.8828781645164576,1.3208042942860363,0.008239374547709172,2.813570008909599
24,lead_time_surge,dual_only,107,1.0,71824.0,71324.0,500.0,695,0,54,0.0569670043374173,1.8697874119500388,1.3257696843360747,0.00816760716058638,2.813638030062323
24,lead_time_surge,dual_only,108,1.0,72471.0,71971.0,500.0,692,0,68,0.05635966946544767,1.8527079417722068,1.3339819696424036,0.00810462613166029,2.8137047848370327
24,lead_time_surge,dual_only,109,1.0,73158.0,72658.0,500.0,705,0,49,0.05659039996421591,1.8598772215782444,1.3366790106521353,0.008089891869276835,2.81377030827258
24,lead_time_surge,dual_only,110,1.0,73833.0,73333.0,500.0,708,0,55,0.056390031350713576,1.8567001451791934,1.3352545481944174,0.008083471805326039,2.8138346341270166
24,lead_time_surge,dual_only,111,1.0,74535.0,74035.0,500.0,719,0,37,0.056245128268983875,1.8573547356812012,1.3357861016841637,0.008056470374829192,2.813897794935549
24,lead_time_surge,dual_only,112,1.0,75226.0,74726.0,500.0,709,0,42,0.056087644481836126,1.8538245236075475,1.336916036822377,0.008042231182249669,2.8139598220654425
24,lead_time_surge,dual_only,113,1.0,75888.0,75388.0,500.0,688,0,48,0.05514372281449386,1.8292860564064841,1.33184002913619,0.008043315418755699,2.814020745767943
24,lead_time_surge,dual_only,114,1.0,76531.0,76031.0,500.0,658,0,60,0.054804208554369245,1.83251656589013,1.3325130903854452,0.007975501212265467,2.814080595227478
24,lead_time_surge,dual_only,115,1.0,77132.0,76632.0,500.0,656,0,82,0.054113123566855936,1.8107956829798557,1.3673551252292937,0.007766158032077389,2.814139398608289
24,lead_time_surge,dual_only,116,1.0,77804.0,77304.0,500.0,690,0,42,0.0536642606854046,1.8111446669856845,1.3680826542765079,0.007696001587924271,2.8141971830985897
24,lead_time_surge,dual_only,117,1.0,78429.0,77929.0,500.0,664,0,83,0.05373147977727557,1.8404556649209967,1.3523197399527185,0.007671155132458161,2.8142539749525235
24,lead_time_surge,dual_only,118,1.0,79082.0,78582.0,500.0,698,0,74,0.05347932835794382,1.840958270259793,1.3552886815332041,0.007616199048321874,2.814309799529898
24,lead_time_surge,dual_only,119,1.0,79794.0,79294.0,500.0,731,0,36,0.052955453902761275,1.8364443115990658,1.3558183841842617,0.0075570281707752675,2.8143646813339687
24,lead_time_surge,safety_only,0,1.0,886.0,886.0,0.0,887,0,89,,,,,
24,lead_time_surge,safety_only,1,1.0,1733.0,1733.0,0.0,850,0,104,,,,,
24,lead_time_surge,safety_only,2,1.0,2591.0,2591.0,0.0,877,0,84,3.480899795773297,1.5133781168165772,,,2.300085984522786
24,lead_time_surge,safety_only,3,1.0,3464.0,3464.0,0.0,902,0,68,3.5772418343184573,1.4446071254270376,,,2.4762731481481484
24,lead_time_surge,safety_only,4,1.0,4349.0,4349.0,0.0,900,0,50,0.7103608210551877,1.0714729645742698,2.6419558359621447,0.09567164179104476,2.6229439055250947
24,lead_time_surge,safety_only,5,1.0,5200.0,5200.0,0.0,887,0,73,0.7688336458254136,1.1673896118340563,2.48496993987976,0.09949596774193549,2.6637283708782236
24,lead_time_surge,safety_only,6,1.0,6087.0,6087.0,0.0,916,0,48,0.8181403724436019,1.1211817192136104,2.4744555261550993,0.10964876203010607,2.68948069241012
24,lead_time_surge,safety_only,7,1.0,6970.0,6970.0,0.0,902,0,54,0.7712936369397219,1.11246078889408,2.2403904820012204,0.11431100217864924,2.7072183494490667
24,lead_time_surge,safety_only,8,1.0,7842.0,7842.0,0.0,918,0,66,0.7795133922036546,1.0953225448902684,2.700258397932817,0.09688995215311004,2.720179023156256
24,lead_time_surge,safety_only,9,1.0,8768.0,8768.0,0.0,935,0,29,0.7909304341411326,1.074779099546558,3.012619372442019,0.08947507453111435,2.73006345395301
24,lead_time_surge,safety_only,10,1.0,9614.0,9614.0,0.0,894,0,78,0.6997438981647471,0.9459430431513806,3.4937350835322194,0.07733469957020465,2.7378506822014415
24,lead_time_surge,safety_only,11,1.0,10467.0,10467.0,0.0,882,0,96,0.6221691039213605,1.0421406411582212,2.7365579941757225,0.07950062292358803,2.7441441441441445
24,lead_time_surge,safety_only,12,1.0,11295.0,11295.0,0.0,868,0,115,0.48561911403183255,1.0104104510036787,2.425926875544844,0.07205969392068995,2.7493360313646122
24,lead_time_surge,safety_only,13,1.0,12143.0,12143.0,0.0,848,0,112,0.4777399337103266,1.0665402765470768,2.6293536648761044,0.0618656913140899,2.7536922898011396
24,lead_time_surge,safety_only,14,1.0,12970.0,12970.0,0.0,849,0,105,0.4237501487378255,1.0858224425416854,2.258282716731088,0.06267192371171834,2.7573996340544613
24,lead_time_surge,safety_only,15,0.9976798143851509,13801.0,13796.0,5.0,826,1,108,0.4236323710154149,1.107809905502204,2.47092172071146,0.05606121728606727,2.7605930081137933
24,lead_time_surge,safety_only,16,0.9913232104121475,14607.0,14582.0,25.0,814,4,121,0.4114420348047041,1.0839272395050805,2.432006419625713,0.05648126325712937,2.7633723653395807
24,lead_time_surge,safety_only,17,0.9959183673469387,15399.0,15364.0,35.0,798,2,122,0.39590539714677425,1.0508814458504145,2.411471586089908,0.05648494174543854,2.7658133192574996
24,lead_time_surge,safety_only,18,0.9923076923076923,16171.0,16116.0,55.0,787,4,140,0.38748216506504485,1.0313911575489345,2.4363307928338123,0.0557095991143342,2.7679741272078933
24,lead_time_surge,safety_only,19,1.0,16946.0,16891.0,55.0,814,0,115,0.36290813664191063,0.9719095005204761,2.494601780141024,0.05403877520759193,2.7699003999686296
24,lead_time_surge,safety_only,20,1.0,17763.0,17708.0,55.0,847,0,85,0.32954188520224176,1.0599791635660067,2.068787680685697,0.05422035743126998,2.771628356765602
24,lead_time_surge,safety_only,21,1.0,18569.0,18514.0,55.0,866,0,96,0.3215820310688382,1.0670632271801674,2.415767026522724,0.0449849659319743,2.7731871241598873
24,lead_time_surge,safety_only,22,1.0,19454.0,19399.0,55.0,912,0,69,0.30987864785433794,1.1575860569892897,2.12962806899264,0.04530375079969131,2.7746003911782564
24,lead_time_surge,safety_only,23,1.0,20342.0,20287.0,55.0,946,0,64,0.2823802946586938,1.1958424288546652,2.1601466704395396,0.039379963430941786,2.775887621625104
24,lead_time_surge,safety_only,24,1.0,21303.0,21248.0,55.0,961,0,30,0.2799695322801163,1.1832717487074056,2.3619512305057246,0.036071924392559476,2.7770649558941467
24,lead_time_surge,safety_only,25,1.0,22235.0,22180.0,55.0,959,0,34,0.2600706913140788,1.2096292191769793,2.135909406778832,0.03623274740179996,2.7781458912619055
24,lead_time_surge,safety_only,26,1.0,23176.0,23121.0,55.0,941,0,25,0.2554126312574099,1.1820385358037877,2.311489618268833,0.033636289533746346,2.7791418016481946
24,lead_time_surge,safety_only,27,1.0,24087.0,24032.0,55.0,920,0,33,0.25544319760380124,1.1772348006993785,2.3854972225247795,0.03271883263892853,2.7800623393667627
24,lead_time_surge,safety_only,28,1.0,24965.0,24910.0,55.0,905,0,51,0.24885205757319373,1.1470569928836698,2.3770102912960063,0.03281990695216989,2.7809157489857195
24,lead_time_surge,safety_only,29,1.0,25854.0,25799.0,55.0,905,0,42,0.24608326291724794,1.1305514132739258,2.4119054035844223,0.032442908024303385,2.7817091149407744
24,lead_time_surge,safety_only,30,1.0,26704.0,26649.0,55.0,889,0,65,0.24032804459315107,1.1096810994047774,2.4398685103221016,0.03190161709452636,2.782448558660316
24,lead_time_surge,safety_only,31,1.0,27578.0,27523.0,55.0,900,0,57,0.2362902018253071,1.0944888896421974,2.4240801895955553,0.03200017950616572,2.783139396817858
24,lead_time_surge,safety_only,32,1.0,28452.0,28397.0,55.0,910,0,59,0.24025151156110608,1.1335058755445526,2.3986215538847118,0.03174276345510253,2.783786269370488
24,lead_time_surge,safety_only,33,1.0,29344.0,29289.0,55.0,916,0,52,0.24017822467898783,1.1317791794440906,2.4419336874571616,0.031210986267166032,2.7843932439056993
24,lead_time_surge,safety_only,34,1.0,30233.0,30178.0,55.0,917,0,50,0.23399675620802793,1.1127336385477937,2.4221066622817835,0.031174951417313246,2.7849639012580525
24,lead_time_surge,safety_only,35,1.0,31129.0,31074.0,55.0,917,0,50,0.2315578751761917,1.1008413137351383,2.4748251144312983,0.030513142636258216,2.7855014062040904
24,lead_time_surge,safety_only,36,1.0,32017.0,31962.0,55.0,914,0,46,0.22325419570618327,1.0709422323379936,2.454448469052046,0.03048577347922501,2.786008566183969
24,lead_time_surge,safety_only,37,1.0,32894.0,32839.0,55.0,896,0,58,0.21377940068487103,1.0840177832521798,2.3311207362020796,0.03036040232127796,2.786487880350696
24,lead_time_surge,safety_only,38,1.0,33755.0,33700.0,55.0,907,0,62,0.20666880184506442,1.0683265041553809,2.4131619589059494,0.028764483688531996,2.786941580756016
24,lead_time_surge,safety_only,39,1.0,34640.0,34585.0,55.0,891,0,49,0.19583916635389606,1.0843845271345032,2.327852275672132,0.027833379536757918,2.787371667105411
24,lead_time_surge,safety_only,40,1.0,35459.0,35404.0,55.0,878,0,87,0.1891733074488681,1.045797350211876,2.60716886720008,0.024887694681554568,2.7877799362240223
24,lead_time_surge,safety_only,41,1.0,36355.0,36300.0,55.0,911,0,43,0.18003147424499122,1.1048003265044315,2.371193676851642,0.024647829219861285,2.7881680071492405
24,lead_time_surge,safety_only,42,1.0,37210.0,37155.0,55.0,891,0,77,0.18899052894798493,1.2364233866305503,2.2799484808611967,0.024042040879664255,2.788537342589041
24,lead_time_surge,safety_only,43,1.0,38092.0,38037.0,55.0,928,0,64,0.18904570354758793,1.2539777489369215,2.3411603636127225,0.023089501015219307,2.7888892673456174
24,lead_time_surge,safety_only,44,1.0,39034.0,38979.0,55.0,945,0,26,0.18742788382976913,1.2439146861406782,2.4297182762325416,0.022233310814960397,2.7892249841935364
24,lead_time_surge,safety_only,45,1.0,39923.0,39868.0,55.0,926,0,56,0.1849558761586718,1.2387707440930609,2.4423848183698587,0.021914402730173657,2.7895455876134405
24,lead_time_surge,safety_only,46,1.0,40846.0,40791.0,55.0,933,0,31,0.18232782633261385,1.229996219711364,2.4808904483758454,0.02141708765436804,2.7898520757117873
24,lead_time_surge,safety_only,47,1.0,41733.0,41678.0,55.0,901,0,45,0.1781218870750841,1.205754362385155,2.5083159622122677,0.021108111232768647,2.7901453606001185
24,lead_time_surge,safety_only,48,1.0,42591.0,42536.0,55.0,896,0,67,0.1787974346400413,1.2147370609400043,2.5247931960846897,0.02089212604542935,2.7904262774612247
24,lead_time_surge,safety_only,49,1.0,43481.0,43426.0,55.0,907,0,41,0.1749834532632498,1.1951796506585135,2.5675857605178,0.02043272866606838,2.790695592492017
24,lead_time_surge,safety_only,50,1.0,44316.0,44261.0,55.0,874,0,74,0.16649977613626032,1.190303142270091,2.531283203119087,0.019799884479746295,2.790954009882175
24,lead_time_surge,safety_only,51,1.0,45174.0,45119.0,55.0,892,0,70,0.16257461783915184,1.234358814526007,2.5026953086833323,0.01885437081638322,2.7912021779624574
24,lead_time_surge,safety_only,52,1.0,46054.0,45999.0,55.0,915,0,56,0.15754657733611618,1.2392730151946838,2.5752532026571755,0.01768453472111154,2.79144069463568
24,lead_time_surge,safety_only,53,1.0,46942.0,46887.0,55.0,915,0,58,0.1536027905068194,1.2478837831901746,2.5890299736123956,0.017030358465089945,2.79167011218611
24,lead_time_surge,safety_only,54,1.0,47841.0,47786.0,55.0,928,0,49,0.1511397156646976,1.2344231169100743,2.6570455706537026,0.016505059797608097,2.791890941548781
24,lead_time_surge,safety_only,55,1.0,48752.0,48697.0,55.0,925,0,39,0.14861212183070896,1.2142493413332742,2.673688348546445,0.016394721270911405,2.7921036561081176
24,lead_time_surge,safety_only,56,1.0,49631.0,49576.0,55.0,905,0,55,0.14380296095688871,1.2200857293326308,2.5724440860190696,0.016408470797096085,2.7923086950853855
24,lead_time_surge,safety_only,57,1.0,50505.0,50450.0,55.0,904,0,55,0.14116367405100005,1.2093112041995862,2.6616596333265785,0.01570500832458948,2.7925064665659343
24,lead_time_surge,safety_only,58,1.0,51382.0,51327.0,55.0,898,0,58,0.1367823248290122,1.2201455380363373,2.6110223691945302,0.015373893895072469,2.7926973502101218
24,lead_time_surge,safety_only,59,1.0,52237.0,52182.0,55.0,898,0,64,0.13153444171621562,1.1884811006623004,2.7245044319097507,0.014544779672947645,2.792881699685883
24,lead_time_surge,safety_only,60,1.0,53092.0,53037.0,55.0,875,0,65,0.12413581671229423,1.2044611617296799,2.5844278659241353,0.01427774591789279,2.7930598448556796
24,lead_time_surge,safety_only,61,1.0,53918.0,53863.0,55.0,876,0,86,0.12267352082834036,1.1998903234703464,2.6581778376133967,0.013769501666161766,2.793232093746264
24,lead_time_surge,safety_only,62,1.0,54787.0,54732.0,55.0,904,0,64,0.12433184418125721,1.2188663548546488,2.657153487519132,0.013742847036916361,2.7933987343261126
24,lead_time_surge,safety_only,63,1.0,55665.0,55610.0,55.0,908,0,65,0.1267283574291759,1.2530955913748392,2.6440743536354088,0.013691717535087668,2.793560036111947
24,lead_time_surge,safety_only,64,1.0,56557.0,56502.0,55.0,934,0,60,0.1267998492140062,1.2693511148353305,2.668659913353082,0.013398662325035105,2.7937162516233403
24,lead_time_surge,safety_only,65,1.0,57488.0,57433.0,55.0,946,0,36,0.12545112213986037,1.2708839534689642,2.6748788000883814,0.013208658786943793,2.7938676177018142
24,lead_time_surge,safety_only,66,1.0,58398.0,58343.0,55.0,924,0,40,0.12389651814546974,1.2548102949055706,2.702157472455757,0.013078012269996758,2.794014356709004
24,lead_time_surge,safety_only,67,1.0,59286.0,59231.0,55.0,909,0,48,0.12310939201775724,1.246005305666749,2.708179490209983,0.013056990718300325,2.7941566776165505
24,lead_time_surge,safety_only,68,1.0,60166.0,60111.0,55.0,899,0,50,0.1245003843740284,1.2678591597417705,2.6959998025812504,0.013034897025171624,2.7942947769990774
24,lead_time_surge,safety_only,69,1.0,61022.0,60967.0,55.0,890,0,62,0.12399329375748053,1.2667209971561029,2.706353052348473,0.012943142165848588,2.7944288399400232
24,lead_time_surge,safety_only,70,1.0,61876.0,61821.0,55.0,887,0,66,0.12226931179973233,1.2529182975121471,2.724011857854491,0.012819539737187692,2.7945590408592302
24,lead_time_surge,safety_only,71,1.0,62739.0,62684.0,55.0,897,0,65,0.12162496761475775,1.248544134914933,2.733107910384868,0.012753491912831065,2.794685544270033
24,lead_time_surge,safety_only,72,1.0,63607.0,63552.0,55.0,906,0,63,0.11967835067399779,1.2284975338896298,2.750816655297191,0.012671487658550877,2.7948085054727163
24,lead_time_surge,safety_only,73,1.0,64501.0,64446.0,55.0,916,0,55,0.1199020870748586,1.2375395641576015,2.7371547594133374,0.012664780338516179,2.794928071190567
24,lead_time_surge,safety_only,74,1.0,65395.0,65340.0,55.0,932,0,52,0.11756353883373076,1.234681456427645,2.715256462256912,0.01254637201877944,2.7950443801539047
24,lead_time_surge,safety_only,75,1.0,66307.0,66252.0,55.0,917,0,39,0.11430864428949246,1.2233172271582406,2.7144456174041287,0.012315514020152744,2.795157563637071
24,lead_time_surge,safety_only,76,1.0,67182.0,67127.0,55.0,912,0,62,0.1156880577208809,1.2480255679167844,2.7061653444492175,0.012254266070026705,2.7952677459526796
24,lead_time_surge,safety_only,77,1.0,68094.0,68039.0,55.0,929,0,35,0.11389948570472762,1.2558385273582138,2.6638154045823135,0.012179900788761324,2.7953750449070656
24,lead_time_surge,safety_only,78,1.0,68969.0,68914.0,55.0,896,0,54,0.11310089401062758,1.2507185813788375,2.700738788751282,0.011977537268646867,2.79547957222046
24,lead_time_surge,safety_only,79,1.0,69830.0,69775.0,55.0,897,0,67,0.11316026745113722,1.2555414675002112,2.704557881936151,0.01192050011319342,2.7955814339149834
24,lead_time_surge,safety_only,80,1.0,70721.0,70666.0,55.0,915,0,44,0.11242079895168348,1.2571420854983866,2.6966825432449735,0.011861644531124437,2.7956807306733618
24,lead_time_surge,safety_only,81,1.0,71586.0,71531.0,55.0,892,0,65,0.11070127218934793,1.2531980583657427,2.667041884240746,0.011846783396179221,2.7957775581708755
24,lead_time_surge,safety_only,82,1.0,72466.0,72411.0,55.0,921,0,59,0.1098321620459487,1.256851927254721,2.657836417340427,0.011759798590731002,2.7958720073828247
24,lead_time_surge,safety_only,83,1.0,73381.0,73326.0,55.0,925,0,34,0.1077969034974401,1.245615874704464,2.6609062695352472,0.011632176241919331,2.79596416486965
24,lead_time_surge,safety_only,84,1.0,74254.0,74199.0,55.0,905,0,64,0.10698368444973397,1.2402207101534375,2.6904677091673608,0.011466878612880585,2.796054113041519
24,lead_time_surge,safety_only,85,1.0,75163.0,75108.0,55.0,937,0,43,0.10551465917697085,1.2400542515264419,2.654174981954057,0.011465245312735588,2.7961419304041195
24,lead_time_surge,safety_only,86,1.0,76081.0,76026.0,55.0,928,0,35,0.10439091219103519,1.2402525481808422,2.658897533555289,0.011320834229164465,2.796227691787194
24,lead_time_surge,safety_only,87,1.0,76962.0,76907.0,55.0,915,0,58,0.10272830611326167,1.242474953543409,2.6326576651429137,0.011231106634497274,2.7963114685571933
24,lead_time_surge,safety_only,88,1.0,77865.0,77810.0,55.0,923,0,43,0.1023944906195785,1.242295332498742,2.662709217268437,0.011069544164332333,2.7963933288153524
24,lead_time_surge,safety_only,89,1.0,78746.0,78691.0,55.0,900,0,48,0.09930981826878667,1.2287502454374268,2.6254425219205237,0.01100817618356851,2.7964733375823267
24,lead_time_surge,safety_only,90,1.0,79595.0,79540.0,55.0,881,0,69,0.0985277573927394,1.2377391374025923,2.6638398927224305,0.010685590465262778,2.7965515569704125
24,lead_time_surge,safety_only,91,1.0,80459.0,80404.0,55.0,897,0,63,0.09899123863092292,1.2456743764257066,2.6806583578579986,0.0106002486022588,2.7966280463443867
24,lead_time_surge,safety_only,92,1.0,81333.0,81278.0,55.0,907,0,57,0.0978986520979699,1.2361528569509217,2.6838806992487223,0.01055103348474276,2.796702862471745
24,lead_time_surge,safety_only,93,1.0,82210.0,82155.0,55.0,907,0,62,0.09862785753004454,1.2580062428511745,2.6650424832171677,0.01051852813551518,2.796776059663222
24,lead_time_surge,safety_only,94,1.0,83105.0,83050.0,55.0,927,0,51,0.09782285089083086,1.2591014211299736,2.6633603739595353,0.010429916970233996,2.7968476899042547
24,lead_time_surge,safety_only,95,1.0,84027.0,83972.0,55.0,938,0,39,0.09666588898978105,1.2537180457834256,2.6680670394129415,0.010332298184587519,2.7969178029781303
24,lead_time_surge,safety_only,96,1.0,84938.0,84883.0,55.0,939,0,45,0.09548614596838921,1.2561810730169956,2.693108351375576,0.010091225950482665,2.796986446581357
24,lead_time_surge,safety_only,97,1.0,85861.0,85806.0,55.0,929,0,26,0.09354033842174117,1.2363477232453122,2.7172164487072026,0.009954816737220018,2.79705366643188
24,lead_time_surge,safety_only,98,1.0,86732.0,86677.0,55.0,893,0,60,0.09054019921667841,1.2551035870796659,2.6025560571244157,0.009909477601861602,2.7971195063706076
24,lead_time_surge,safety_only,99,1.0,87596.0,87541.0,55.0,899,0,52,0.08813199381857137,1.2417512619280042,2.605034693302724,0.009740122906161325,2.7971840084567825
24,lead_time_surge,safety_only,100,1.0,88448.0,88393.0,55.0,868,0,66,0.08428466999971361,1.271072899910849,2.459080406654344,0.0096399449113465,2.7972472130575685
24,lead_time_surge,safety_only,101,1.0,89261.0,89206.0,55.0,879,0,92,0.08254342606810108,1.2951700513048232,2.5654134326648177,0.008880918112913307,2.7973091589323
24,lead_time_surge,safety_only,102,1.0,90136.0,90081.0,55.0,905,0,65,0.08108575068061362,1.2878105653462124,2.5946838486069534,0.008674774907556363,2.7973698833117244
24,lead_time_surge,safety_only,103,1.0,91022.0,90967.0,55.0,918,0,58,0.08019920097746028,1.3139660827637571,2.51837838986972,0.008663747053841857,2.797429421972659
24,lead_time_surge,safety_only,104,1.0,91906.0,91851.0,55.0,912,0,57,0.07926428778038926,1.3026632937002363,2.5472077985000703,0.008539113920032648,2.797487809308239
24,lead_time_surge,safety_only,105,1.0,92793.0,92738.0,55.0,907,0,57,0.07843397472169124,1.3334657889928436,2.489657727193235,0.008445115765268164,2.7975450783941977
24,lead_time_surge,safety_only,106,1.0,93674.0,93619.0,55.0,918,0,59,0.07800291058607772,1.3333080640576143,2.5415561892568235,0.008228009258199154,2.797601261051332
24,lead_time_surge,safety_only,107,1.0,94579.0,94524.0,55.0,923,0,42,0.0769377848168825,1.3207751430640107,2.555009171447528,0.008149368473923547,2.7976563879044654
24,lead_time_surge,safety_only,108,1.0,95451.0,95396.0,55.0,902,0,59,0.0763312910552905,1.3122778767831158,2.6067774191991866,0.007975723313719771,2.7977104884380997
24,lead_time_surge,safety_only,109,1.0,96332.0,96277.0,55.0,906,0,56,0.07696458790528253,1.3240459635682773,2.6149847930027583,0.007945252523038352,2.7977635910490344
24,lead_time_surge,safety_only,110,1.0,97216.0,97161.0,55.0,913,0,54,0.07663955149183334,1.3205142124872438,2.611953614829202,0.007941916343530397,2.797815723096018
24,lead_time_surge,safety_only,111,1.0,98109.0,98054.0,55.0,917,0,50,0.07645800684259801,1.3171345300172193,2.6144990670978894,0.007935554774564759,2.7978669109468024
24,lead_time_surge,safety_only,112,1.0,99005.0,98950.0,55.0,923,0,48,0.07630022064837434,1.3178626479351152,2.611931189623784,0.007922441818753692,2.797917180022566
24,lead_time_surge,safety_only,113,1.0,99890.0,99835.0,55.0,905,0,45,0.07517261866913745,1.3023104032288029,2.6063245392704597,0.007915423529331646,2.7979665548400394
24,lead_time_surge,safety_only,114,1.0,100740.0,100685.0,55.0,876,0,67,0.07473044218604753,1.3095572715279638,2.5782076712605972,0.007910521437061368,2.798015059051358
24,lead_time_surge,safety_only,115,1.0,101578.0,101523.0,55.0,880,0,70,0.07383160289225098,1.293829501033275,2.593344956252141,0.007864072605568428,2.798062715481859
24,lead_time_surge,safety_only,116,1.0,102436.0,102381.0,55.0,882,0,68,0.0726313384925922,1.3016480409907178,2.5442874123211996,0.00783789779674152,2.7981095461658847
24,lead_time_surge,safety_only,117,1.0,103283.0,103228.0,55.0,906,0,79,0.07229798463279823,1.2998043978756924,2.5983248696431644,0.007650377792631425,2.798155572380751
24,lead_time_surge,safety_only,118,1.0,104208.0,104153.0,55.0,936,0,40,0.0720692633778914,1.2993331228258063,2.605945506773947,0.00760650867419038,2.7982008146789923
24,lead_time_surge,safety_only,119,1.0,105106.0,105051.0,55.0,936,0,54,0.071084955727395,1.2957105777699707,2.5895265199915234,0.007571179593563365,2.7982452929189408
24,lead_time_surge,flex_only,0,1.0,886.0,886.0,0.0,887,0,89,,,,,
24,lead_time_surge,flex_only,1,1.0,1733.0,1733.0,0.0,850,0,104,,,,,
24,lead_time_surge,flex_only,2,1.0,2591.0,2591.0,0.0,877,0,84,3.480899795773297,1.5133781168165772,,,2.300085984522786
24,lead_time_surge,flex_only,3,1.0,3464.0,3464.0,0.0,902,0,68,3.5772418343184573,1.4446071254270376,,,2.4762731481481484
24,lead_time_surge,flex_only,4,1.0,4349.0,4349.0,0.0,900,0,50,0.7103608210551877,1.0714729645742698,2.6419558359621447,0.09567164179104476,2.6229439055250947
24,lead_time_surge,flex_only,5,1.0,5200.0,5200.0,0.0,887,0,73,0.7688336458254136,1.1673896118340563,2.48496993987976,0.09949596774193549,2.6637283708782236
24,lead_time_surge,flex_only,6,1.0,6087.0,6087.0,0.0,916,0,48,0.8181403724436019,1.1211817192136104,2.4744555261550993,0.10964876203010607,2.68948069241012
24,lead_time_surge,flex_only,7,1.0,6970.0,6970.0,0.0,902,0,54,0.7712936369397219,1.11246078889408,2.2403904820012204,0.11431100217864924,2.7072183494490667
24,lead_time_surge,flex_only,8,1.0,7842.0,7842.0,0.0,918,0,66,0.7795133922036546,1.0953225448902684,2.700258397932817,0.09688995215311004,2.720179023156256
24,lead_time_surge,flex_only,9,1.0,8768.0,8768.0,0.0,935,0,29,0.7909304341411326,1.074779099546558,3.012619372442019,0.08947507453111435,2.73006345395301
24,lead_time_surge,flex_only,10,1.0,9614.0,9614.0,0.0,894,0,78,0.6997438981647471,0.9459430431513806,3.4937350835322194,0.07733469957020465,2.7378506822014415
24,lead_time_surge,flex_only,11,1.0,10467.0,10467.0,0.0,882,0,96,0.6221691039213605,1.0421406411582212,2.7365579941757225,0.07950062292358803,2.7441441441441445
24,lead_time_surge,flex_only,12,1.0,11295.0,11295.0,0.0,868,0,115,0.48561911403183255,1.0104104510036787,2.425926875544844,0.07205969392068995,2.7493360313646122
24,lead_time_surge,flex_only,13,1.0,12143.0,12143.0,0.0,848,0,112,0.4777399337103266,1.0665402765470768,2.6293536648761044,0.0618656913140899,2.7536922898011396
24,lead_time_surge,flex_only,14,1.0,12970.0,12970.0,0.0,849,0,105,0.4237501487378255,1.0858224425416854,2.258282716731088,0.06267192371171834,2.7573996340544613
24,lead_time_surge,flex_only,15,0.9976798143851509,13801.0,13796.0,5.0,826,1,108,0.4236323710154149,1.107809905502204,2.47092172071146,0.05606121728606727,2.7605930081137933
24,lead_time_surge,flex_only,16,0.9913232104121475,14607.0,14582.0,25.0,814,4,121,0.4114420348047041,1.0839272395050805,2.432006419625713,0.05648126325712937,2.7633723653395807
24,lead_time_surge,flex_only,17,0.9959183673469387,15399.0,15364.0,35.0,798,2,122,0.39590539714677425,1.0508814458504145,2.411471586089908,0.05648494174543854,2.7658133192574996
24,lead_time_surge,flex_only,18,0.9923076923076923,16171.0,16116.0,55.0,787,4,140,0.38748216506504485,1.0313911575489345,2.4363307928338123,0.0557095991143342,2.7679741272078933
24,lead_time_surge,flex_only,19,1.0,16946.0,16891.0,55.0,814,0,115,0.36290813664191063,0.9719095005204761,2.494601780141024,0.05403877520759193,2.7699003999686296
24,lead_time_surge,flex_only,20,1.0,17763.0,17708.0,55.0,847,0,85,0.32954188520224176,1.0599791635660067,2.068787680685697,0.05422035743126998,2.771628356765602
24,lead_time_surge,flex_only,21,1.0,18569.0,18514.0,55.0,866,0,96,0.3215820310688382,1.0670632271801674,2.415767026522724,0.0449849659319743,2.7731871241598873
24,lead_time_surge,flex_only,22,1.0,19454.0,19399.0,55.0,912,0,69,0.30987864785433794,1.1575860569892897,2.12962806899264,0.04530375079969131,2.7746003911782564
24,lead_time_surge,flex_only,23,1.0,20342.0,20287.0,55.0,946,0,64,0.2823802946586938,1.1958424288546652,2.1601466704395396,0.039379963430941786,2.775887621625104
24,lead_time_surge,flex_only,24,1.0,21303.0,21248.0,55.0,961,0,30,0.2799695322801163,1.1832717487074056,2.3619512305057246,0.036071924392559476,2.7770649558941467
24,lead_time_surge,flex_only,25,1.0,22235.0,22180.0,55.0,959,0,34,0.2600706913140788,1.2096292191769793,2.135909406778832,0.03623274740179996,2.7781458912619055
24,lead_time_surge,flex_only,26,1.0,23176.0,23121.0,55.0,941,0,25,0.2554126312574099,1.1820385358037877,2.311489618268833,0.033636289533746346,2.7791418016481946
24,lead_time_surge,flex_only,27,1.0,24087.0,24032.0,55.0,920,0,33,0.25544319760380124,1.1772348006993785,2.3854972225247795,0.03271883263892853,2.7800623393667627
24,lead_time_surge,flex_only,28,1.0,24965.0,24910.0,55.0,905,0,51,0.24885205757319373,1.1470569928836698,2.3770102912960063,0.03281990695216989,2.7809157489857195
24,lead_time_surge,flex_only,29,1.0,25854.0,25799.0,55.0,905,0,42,0.24608326291724794,1.1305514132739258,2.4119054035844223,0.032442908024303385,2.7817091149407744
24,lead_time_surge,flex_only,30,1.0,26704.0,26649.0,55.0,889,0,65,0.24032804459315107,1.1096810994047774,2.4398685103221016,0.03190161709452636,2.782448558660316
24,lead_time_surge,flex_only,31,1.0,27578.0,27523.0,55.0,900,0,57,0.2362902018253071,1.0944888896421974,2.4240801895955553,0.03200017950616572,2.783139396817858
24,lead_time_surge,flex_only,32,1.0,28452.0,28397.0,55.0,910,0,59,0.24025151156110608,1.1335058755445526,2.3986215538847118,0.03174276345510253,2.783786269370488
24,lead_time_surge,flex_only,33,1.0,29344.0,29289.0,55.0,916,0,52,0.24017822467898783,1.1317791794440906,2.4419336874571616,0.031210986267166032,2.7843932439056993
24,lead_time_surge,flex_only,34,1.0,30233.0,30178.0,55.0,917,0,50,0.23399675620802793,1.1127336385477937,2.4221066622817835,0.031174951417313246,2.7849639012580525
24,lead_time_surge,flex_only,35,1.0,31129.0,31074.0,55.0,917,0,50,0.2315578751761917,1.1008413137351383,2.4748251144312983,0.030513142636258216,2.7855014062040904
24,lead_time_surge,flex_only,36,1.0,32017.0,31962.0,55.0,914,0,46,0.22325419570618327,1.0709422323379936,2.454448469052046,0.03048577347922501,2.786008566183969
24,lead_time_surge,flex_only,37,1.0,32894.0,32839.0,55.0,896,0,58,0.21377940068487103,1.0840177832521798,2.3311207362020796,0.03036040232127796,2.786487880350696
24,lead_time_surge,flex_only,38,1.0,33755.0,33700.0,55.0,907,0,62,0.20666880184506442,1.0683265041553809,2.4131619589059494,0.028764483688531996,2.786941580756016
24,lead_time_surge,flex_only,39,1.0,34640.0,34585.0,55.0,891,0,49,0.19583916635389606,1.0843845271345032,2.327852275672132,0.027833379536757918,2.787371667105411
24,lead_time_surge,flex_only,40,1.0,35459.0,35404.0,55.0,878,0,87,0.1891733074488681,1.045797350211876,2.60716886720008,0.024887694681554568,2.7877799362240223
24,lead_time_surge,flex_only,41,1.0,36355.0,36300.0,55.0,911,0,43,0.18003147424499122,1.1048003265044315,2.371193676851642,0.024647829219861285,2.7881680071492405
24,lead_time_surge,flex_only,42,1.0,37210.0,37155.0,55.0,891,0,77,0.18899052894798493,1.2364233866305503,2.2799484808611967,0.024042040879664255,2.788537342589041
24,lead_time_surge,flex_only,43,1.0,38092.0,38037.0,55.0,928,0,64,0.18904570354758793,1.2539777489369215,2.3411603636127225,0.023089501015219307,2.7888892673456174
24,lead_time_surge,flex_only,44,1.0,39034.0,38979.0,55.0,945,0,26,0.18742788382976913,1.2439146861406782,2.4297182762325416,0.022233310814960397,2.7892249841935364
24,lead_time_surge,flex_only,45,1.0,39923.0,39868.0,55.0,926,0,56,0.1849558761586718,1.2387707440930609,2.4423848183698587,0.021914402730173657,2.7895455876134405
24,lead_time_surge,flex_only,46,1.0,40846.0,40791.0,55.0,933,0,31,0.18232782633261385,1.229996219711364,2.4808904483758454,0.02141708765436804,2.7898520757117873
24,lead_time_surge,flex_only,47,1.0,41733.0,41678.0,55.0,901,0,45,0.1781218870750841,1.205754362385155,2.5083159622122677,0.021108111232768647,2.7901453606001185
24,lead_time_surge,flex_only,48,1.0,42591.0,42536.0,55.0,896,0,67,0.1787974346400413,1.2147370609400043,2.5247931960846897,0.02089212604542935,2.7904262774612247
24,lead_time_surge,flex_only,49,1.0,43481.0,43426.0,55.0,907,0,41,0.1749834532632498,1.1951796506585135,2.5675857605178,0.02043272866606838,2.790695592492017
24,lead_time_surge,flex_only,50,1.0,44316.0,44261.0,55.0,874,0,74,0.16649977613626032,1.190303142270091,2.531283203119087,0.019799884479746295,2.790954009882175
24,lead_time_surge,flex_only,51,1.0,45174.0,45119.0,55.0,892,0,70,0.16257461783915184,1.234358814526007,2.5026953086833323,0.01885437081638322,2.7912021779624574
24,lead_time_surge,flex_only,52,1.0,46054.0,45999.0,55.0,915,0,56,0.15754657733611618,1.2392730151946838,2.5752532026571755,0.01768453472111154,2.79144069463568
24,lead_time_surge,flex_only,53,1.0,46942.0,46887.0,55.0,915,0,58,0.1536027905068194,1.2478837831901746,2.5890299736123956,0.017030358465089945,2.79167011218611
24,lead_time_surge,flex_only,54,1.0,47841.0,47786.0,55.0,928,0,49,0.1511397156646976,1.2344231169100743,2.6570455706537026,0.016505059797608097,2.791890941548781
24,lead_time_surge,flex_only,55,1.0,48752.0,48697.0,55.0,925,0,39,0.14861212183070896,1.2142493413332742,2.673688348546445,0.016394721270911405,2.7921036561081176
24,lead_time_surge,flex_only,56,1.0,49631.0,49576.0,55.0,905,0,55,0.14380296095688871,1.2200857293326308,2.5724440860190696,0.016408470797096085,2.7923086950853855
24,lead_time_surge,flex_only,57,1.0,50505.0,50450.0,55.0,904,0,55,0.14116367405100005,1.2093112041995862,2.6616596333265785,0.01570500832458948,2.7925064665659343
24,lead_time_surge,flex_only,58,1.0,51382.0,51327.0,55.0,898,0,58,0.1367823248290122,1.2201455380363373,2.6110223691945302,0.015373893895072469,2.7926973502101218
24,lead_time_surge,flex_only,59,1.0,52237.0,52182.0,55.0,898,0,64,0.13153444171621562,1.1884811006623004,2.7245044319097507,0.014544779672947645,2.792881699685883
24,lead_time_surge,flex_only,60,1.0,53092.0,53037.0,55.0,875,0,65,0.12413581671229423,1.2044611617296799,2.5844278659241353,0.01427774591789279,2.7930598448556796
24,lead_time_surge,flex_only,61,1.0,53918.0,53863.0,55.0,876,0,86,0.12267352082834036,1.1998903234703464,2.6581778376133967,0.013769501666161766,2.793232093746264
24,lead_time_surge,flex_only,62,1.0,54787.0,54732.0,55.0,904,0,64,0.12433184418125721,1.2188663548546488,2.657153487519132,0.013742847036916361,2.7933987343261126
24,lead_time_surge,flex_only,63,1.0,55665.0,55610.0,55.0,908,0,65,0.1267283574291759,1.2530955913748392,2.6440743536354088,0.013691717535087668,2.793560036111947
24,lead_time_surge,flex_only,64,1.0,56557.0,56502.0,55.0,934,0,60,0.1267998492140062,1.2693511148353305,2.668659913353082,0.013398662325035105,2.7937162516233403
24,lead_time_surge,flex_only,65,1.0,57488.0,57433.0,55.0,946,0,36,0.12545112213986037,1.2708839534689642,2.6748788000883814,0.013208658786943793,2.7938676177018142
24,lead_time_surge,flex_only,66,1.0,58398.0,58343.0,55.0,924,0,40,0.12389651814546974,1.2548102949055706,2.702157472455757,0.013078012269996758,2.794014356709004
24,lead_time_surge,flex_only,67,1.0,59286.0,59231.0,55.0,909,0,48,0.12310939201775724,1.246005305666749,2.708179490209983,0.013056990718300325,2.7941566776165505
24,lead_time_surge,flex_only,68,1.0,60166.0,60111.0,55.0,899,0,50,0.1245003843740284,1.2678591597417705,2.6959998025812504,0.013034897025171624,2.7942947769990774
24,lead_time_surge,flex_only,69,1.0,61022.0,60967.0,55.0,890,0,62,0.12399329375748053,1.2667209971561029,2.706353052348473,0.012943142165848588,2.7944288399400232
24,lead_time_surge,flex_only,70,1.0,61876.0,61821.0,55.0,887,0,66,0.12226931179973233,1.2529182975121471,2.724011857854491,0.012819539737187692,2.7945590408592302
24,lead_time_surge,flex_only,71,1.0,62739.0,62684.0,55.0,897,0,65,0.12162496761475775,1.248544134914933,2.733107910384868,0.012753491912831065,2.794685544270033
24,lead_time_surge,flex_only,72,1.0,63607.0,63552.0,55.0,906,0,63,0.11967835067399779,1.2284975338896298,2.750816655297191,0.012671487658550877,2.7948085054727163
24,lead_time_surge,flex_only,73,1.0,64501.0,64446.0,55.0,916,0,55,0.1199020870748586,1.2375395641576015,2.7371547594133374,0.012664780338516179,2.794928071190567
24,lead_time_surge,flex_only,74,1.0,65395.0,65340.0,55.0,932,0,52,0.11756353883373076,1.234681456427645,2.715256462256912,0.01254637201877944,2.7950443801539047
24,lead_time_surge,flex_only,75,1.0,66307.0,66252.0,55.0,917,0,39,0.11430864428949246,1.2233172271582406,2.7144456174041287,0.012315514020152744,2.795157563637071
24,lead_time_surge,flex_only,76,1.0,67182.0,67127.0,55.0,912,0,62,0.1156880577208809,1.2480255679167844,2.7061653444492175,0.012254266070026705,2.7952677459526796
24,lead_time_surge,flex_only,77,1.0,68094.0,68039.0,55.0,929,0,35,0.11389948570472762,1.2558385273582138,2.6638154045823135,0.012179900788761324,2.7953750449070656
24,lead_time_surge,flex_only,78,1.0,68969.0,68914.0,55.0,896,0,54,0.11310089401062758,1.2507185813788375,2.700738788751282,0.011977537268646867,2.79547957222046
24,lead_time_surge,flex_only,79,1.0,69830.0,69775.0,55.0,897,0,67,0.11316026745113722,1.2555414675002112,2.704557881936151,0.01192050011319342,2.7955814339149834
24,lead_time_surge,flex_only,80,1.0,70721.0,70666.0,55.0,915,0,44,0.11242079895168348,1.2571420854983866,2.6966825432449735,0.011861644531124437,2.7956807306733618
24,lead_time_surge,flex_only,81,1.0,71586.0,71531.0,55.0,892,0,65,0.11070127218934793,1.2531980583657427,2.667041884240746,0.011846783396179221,2.7957775581708755
24,lead_time_surge,flex_only,82,1.0,72466.0,72411.0,55.0,921,0,59,0.1098321620459487,1.256851927254721,2.657836417340427,0.011759798590731002,2.7958720073828247
24,lead_time_surge,flex_only,83,1.0,73381.0,73326.0,55.0,925,0,34,0.1077969034974401,1.245615874704464,2.6609062695352472,0.011632176241919331,2.79596416486965
24,lead_time_surge,flex_only,84,1.0,74254.0,74199.0,55.0,905,0,64,0.10698368444973397,1.2402207101534375,2.6904677091673608,0.011466878612880585,2.796054113041519
24,lead_time_surge,flex_only,85,1.0,75163.0,75108.0,55.0,937,0,43,0.10551465917697085,1.2400542515264419,2.654174981954057,0.011465245312735588,2.7961419304041195
24,lead_time_surge,flex_only,86,1.0,76081.0,76026.0,55.0,928,0,35,0.10439091219103519,1.2402525481808422,2.658897533555289,0.011320834229164465,2.796227691787194
24,lead_time_surge,flex_only,87,1.0,76962.0,76907.0,55.0,915,0,58,0.10272830611326167,1.242474953543409,2.6326576651429137,0.011231106634497274,2.7963114685571933
24,lead_time_surge,flex_only,88,1.0,77865.0,77810.0,55.0,923,0,43,0.1023944906195785,1.242295332498742,2.662709217268437,0.011069544164332333,2.7963933288153524
24,lead_time_surge,flex_only,89,1.0,78746.0,78691.0,55.0,900,0,48,0.09930981826878667,1.2287502454374268,2.6254425219205237,0.01100817618356851,2.7964733375823267
24,lead_time_surge,flex_only,90,1.0,79595.0,79540.0,55.0,881,0,69,0.0985277573927394,1.2377391374025923,2.6638398927224305,0.010685590465262778,2.7965515569704125
24,lead_time_surge,flex_only,91,1.0,80459.0,80404.0,55.0,897,0,63,0.09899123863092292,1.2456743764257066,2.6806583578579986,0.0106002486022588,2.7966280463443867
24,lead_time_surge,flex_only,92,1.0,81333.0,81278.0,55.0,907,0,57,0.0978986520979699,1.2361528569509217,2.6838806992487223,0.01055103348474276,2.796702862471745
24,lead_time_surge,flex_only,93,1.0,82210.0,82155.0,55.0,907,0,62,0.09862785753004454,1.2580062428511745,2.6650424832171677,0.01051852813551518,2.796776059663222
24,lead_time_surge,flex_only,94,1.0,83105.0,83050.0,55.0,927,0,51,0.09782285089083086,1.2591014211299736,2.6633603739595353,0.010429916970233996,2.7968476899042547
24,lead_time_surge,flex_only,95,1.0,84027.0,83972.0,55.0,938,0,39,0.09666588898978105,1.2537180457834256,2.6680670394129415,0.010332298184587519,2.7969178029781303
24,lead_time_surge,flex_only,96,1.0,84938.0,84883.0,55.0,939,0,45,0.09548614596838921,1.2561810730169956,2.693108351375576,0.010091225950482665,2.796986446581357
24,lead_time_surge,flex_only,97,1.0,85861.0,85806.0,55.0,929,0,26,0.09354033842174117,1.2363477232453122,2.7172164487072026,0.009954816737220018,2.79705366643188
24,lead_time_surge,flex_only,98,1.0,86732.0,86677.0,55.0,893,0,60,0.09054019921667841,1.2551035870796659,2.6025560571244157,0.009909477601861602,2.7971195063706076
24,lead_time_surge,flex_only,99,1.0,87596.0,87541.0,55.0,899,0,52,0.08813199381857137,1.2417512619280042,2.605034693302724,0.009740122906161325,2.7971840084567825
24,lead_time_surge,flex_only,100,1.0,88448.0,88393.0,55.0,868,0,66,0.08428466999971361,1.271072899910849,2.459080406654344,0.0096399449113465,2.7972472130575685
24,lead_time_surge,flex_only,101,1.0,89261.0,89206.0,55.0,879,0,92,0.08254342606810108,1.2951700513048232,2.5654134326648177,0.008880918112913307,2.7973091589323
24,lead_time_surge,flex_only,102,1.0,90136.0,90081.0,55.0,905,0,65,0.08108575068061362,1.2878105653462124,2.5946838486069534,0.008674774907556363,2.7973698833117244
24,lead_time_surge,flex_only,103,1.0,91022.0,90967.0,55.0,918,0,58,0.08019920097746028,1.3139660827637571,2.51837838986972,0.008663747053841857,2.797429421972659
24,lead_time_surge,flex_only,104,1.0,91906.0,91851.0,55.0,912,0,57,0.07926428778038926,1.3026632937002363,2.5472077985000703,0.008539113920032648,2.797487809308239
24,lead_time_surge,flex_only,105,1.0,92793.0,92738.0,55.0,907,0,57,0.07843397472169124,1.3334657889928436,2.489657727193235,0.008445115765268164,2.7975450783941977
24,lead_time_surge,flex_only,106,1.0,93674.0,93619.0,55.0,918,0,59,0.07800291058607772,1.3333080640576143,2.5415561892568235,0.008228009258199154,2.797601261051332
24,lead_time_surge,flex_only,107,1.0,94579.0,94524.0,55.0,923,0,42,0.0769377848168825,1.3207751430640107,2.555009171447528,0.008149368473923547,2.7976563879044654
24,lead_time_surge,flex_only,108,1.0,95451.0,95396.0,55.0,902,0,59,0.0763312910552905,1.3122778767831158,2.6067774191991866,0.007975723313719771,2.7977104884380997
24,lead_time_surge,flex_only,109,1.0,96332.0,96277.0,55.0,906,0,56,0.07696458790528253,1.3240459635682773,2.6149847930027583,0.007945252523038352,2.7977635910490344
24,lead_time_surge,flex_only,110,1.0,97216.0,97161.0,55.0,913,0,54,0.07663955149183334,1.3205142124872438,2.611953614829202,0.007941916343530397,2.797815723096018
24,lead_time_surge,flex_only,111,1.0,98109.0,98054.0,55.0,917,0,50,0.07645800684259801,1.3171345300172193,2.6144990670978894,0.007935554774564759,2.7978669109468024
24,lead_time_surge,flex_only,112,1.0,99005.0,98950.0,55.0,923,0,48,0.07630022064837434,1.3178626479351152,2.611931189623784,0.007922441818753692,2.797917180022566
24,lead_time_surge,flex_only,113,1.0,99890.0,99835.0,55.0,905,0,45,0.07517261866913745,1.3023104032288029,2.6063245392704597,0.007915423529331646,2.7979665548400394
24,lead_time_surge,flex_only,114,1.0,100740.0,100685.0,55.0,876,0,67,0.07473044218604753,1.3095572715279638,2.5782076712605972,0.007910521437061368,2.798015059051358
24,lead_time_surge,flex_only,115,1.0,101578.0,101523.0,55.0,880,0,70,0.07383160289225098,1.293829501033275,2.593344956252141,0.007864072605568428,2.798062715481859
24,lead_time_surge,flex_only,116,1.0,102436.0,102381.0,55.0,882,0,68,0.0726313384925922,1.3016480409907178,2.5442874123211996,0.00783789779674152,2.7981095461658847
24,lead_time_surge,flex_only,117,1.0,103283.0,103228.0,55.0,906,0,79,0.07229798463279823,1.2998043978756924,2.5983248696431644,0.007650377792631425,2.798155572380751
24,lead_time_surge,flex_only,118,1.0,104208.0,104153.0,55.0,936,0,40,0.0720692633778914,1.2993331228258063,2.605945506773947,0.00760650867419038,2.7982008146789923
24,lead_time_surge,flex_only,119,1.0,105106.0,105051.0,55.0,936,0,54,0.071084955727395,1.2957105777699707,2.5895265199915234,0.007571179593563365,2.7982452929189408
24,lead_time_surge,dynalloc_only,0,1.0,886.0,886.0,0.0,887,0,89,,,,,
24,lead_time_surge,dynalloc_only,1,1.0,1733.0,1733.0,0.0,850,0,104,,,,,
24,lead_time_surge,dynalloc_only,2,1.0,2591.0,2591.0,0.0,877,0,84,3.480899795773297,1.5133781168165772,,,2.300085984522786
24,lead_time_surge,dynalloc_only,3,1.0,3464.0,3464.0,0.0,902,0,68,3.5772418343184573,1.4446071254270376,,,2.4762731481481484
24,lead_time_surge,dynalloc_only,4,1.0,4349.0,4349.0,0.0,900,0,50,0.7103608210551877,1.0714729645742698,2.6419558359621447,0.09567164179104476,2.6229439055250947
24,lead_time_surge,dynalloc_only,5,1.0,5200.0,5200.0,0.0,887,0,73,0.7688336458254136,1.1673896118340563,2.48496993987976,0.09949596774193549,2.6637283708782236
24,lead_time_surge,dynalloc_only,6,1.0,6087.0,6087.0,0.0,916,0,48,0.8181403724436019,1.1211817192136104,2.4744555261550993,0.10964876203010607,2.68948069241012
24,lead_time_surge,dynalloc_only,7,1.0,6970.0,6970.0,0.0,902,0,54,0.7712936369397219,1.11246078889408,2.2403904820012204,0.11431100217864924,2.7072183494490667
24,lead_time_surge,dynalloc_only,8,1.0,7842.0,7842.0,0.0,918,0,66,0.7795133922036546,1.0953225448902684,2.700258397932817,0.09688995215311004,2.720179023156256
24,lead_time_surge,dynalloc_only,9,1.0,8768.0,8768.0,0.0,935,0,29,0.7909304341411326,1.074779099546558,3.012619372442019,0.08947507453111435,2.73006345395301
24,lead_time_surge,dynalloc_only,10,1.0,9614.0,9614.0,0.0,894,0,78,0.6997438981647471,0.9459430431513806,3.4937350835322194,0.07733469957020465,2.7378506822014415
24,lead_time_surge,dynalloc_only,11,1.0,10467.0,10467.0,0.0,882,0,96,0.6221691039213605,1.0421406411582212,2.7365579941757225,0.07950062292358803,2.7441441441441445
24,lead_time_surge,dynalloc_only,12,1.0,11295.0,11295.0,0.0,868,0,115,0.48561911403183255,1.0104104510036787,2.425926875544844,0.07205969392068995,2.7493360313646122
24,lead_time_surge,dynalloc_only,13,1.0,12143.0,12143.0,0.0,848,0,112,0.4777399337103266,1.0665402765470768,2.6293536648761044,0.0618656913140899,2.7536922898011396
24,lead_time_surge,dynalloc_only,14,1.0,12970.0,12970.0,0.0,849,0,105,0.4237501487378255,1.0858224425416854,2.258282716731088,0.06267192371171834,2.7573996340544613
24,lead_time_surge,dynalloc_only,15,0.9976798143851509,13801.0,13796.0,5.0,826,1,108,0.4236323710154149,1.107809905502204,2.47092172071146,0.05606121728606727,2.7605930081137933
24,lead_time_surge,dynalloc_only,16,0.9913232104121475,14607.0,14582.0,25.0,814,4,121,0.4114420348047041,1.0839272395050805,2.432006419625713,0.05648126325712937,2.7633723653395807
24,lead_time_surge,dynalloc_only,17,0.9959183673469387,15399.0,15364.0,35.0,798,2,122,0.39590539714677425,1.0508814458504145,2.411471586089908,0.05648494174543854,2.7658133192574996
24,lead_time_surge,dynalloc_only,18,0.9923076923076923,16171.0,16116.0,55.0,787,4,140,0.38748216506504485,1.0313911575489345,2.4363307928338123,0.0557095991143342,2.7679741272078933
24,lead_time_surge,dynalloc_only,19,1.0,16946.0,16891.0,55.0,814,0,115,0.36290813664191063,0.9719095005204761,2.494601780141024,0.05403877520759193,2.7699003999686296
24,lead_time_surge,dynalloc_only,20,1.0,17763.0,17708.0,55.0,847,0,85,0.32954188520224176,1.0599791635660067,2.068787680685697,0.05422035743126998,2.771628356765602
24,lead_time_surge,dynalloc_only,21,1.0,18569.0,18514.0,55.0,866,0,96,0.3215820310688382,1.0670632271801674,2.415767026522724,0.0449849659319743,2.7731871241598873
24,lead_time_surge,dynalloc_only,22,1.0,19454.0,19399.0,55.0,912,0,69,0.30987864785433794,1.1575860569892897,2.12962806899264,0.04530375079969131,2.7746003911782564
24,lead_time_surge,dynalloc_only,23,1.0,20342.0,20287.0,55.0,946,0,64,0.2823802946586938,1.1958424288546652,2.1601466704395396,0.039379963430941786,2.775887621625104
24,lead_time_surge,dynalloc_only,24,1.0,21303.0,21248.0,55.0,961,0,30,0.2799695322801163,1.1832717487074056,2.3619512305057246,0.036071924392559476,2.7770649558941467
24,lead_time_surge,dynalloc_only,25,1.0,22235.0,22180.0,55.0,959,0,34,0.2600706913140788,1.2096292191769793,2.135909406778832,0.03623274740179996,2.7781458912619055
24,lead_time_surge,dynalloc_only,26,1.0,23176.0,23121.0,55.0,941,0,25,0.2554126312574099,1.1820385358037877,2.311489618268833,0.033636289533746346,2.7791418016481946
24,lead_time_surge,dynalloc_only,27,1.0,24087.0,24032.0,55.0,920,0,33,0.25544319760380124,1.1772348006993785,2.3854972225247795,0.03271883263892853,2.7800623393667627
24,lead_time_surge,dynalloc_only,28,1.0,24965.0,24910.0,55.0,905,0,51,0.24885205757319373,1.1470569928836698,2.3770102912960063,0.03281990695216989,2.7809157489857195
24,lead_time_surge,dynalloc_only,29,1.0,25854.0,25799.0,55.0,905,0,42,0.24608326291724794,1.1305514132739258,2.4119054035844223,0.032442908024303385,2.7817091149407744
24,lead_time_surge,dynalloc_only,30,1.0,26704.0,26649.0,55.0,889,0,65,0.24032804459315107,1.1096810994047774,2.4398685103221016,0.03190161709452636,2.782448558660316
24,lead_time_surge,dynalloc_only,31,1.0,27578.0,27523.0,55.0,900,0,57,0.2362902018253071,1.0944888896421974,2.4240801895955553,0.03200017950616572,2.783139396817858
24,lead_time_surge,dynalloc_only,32,1.0,28452.0,28397.0,55.0,910,0,59,0.24025151156110608,1.1335058755445526,2.3986215538847118,0.03174276345510253,2.783786269370488
24,lead_time_surge,dynalloc_only,33,1.0,29344.0,29289.0,55.0,916,0,52,0.24017822467898783,1.1317791794440906,2.4419336874571616,0.031210986267166032,2.7843932439056993
24,lead_time_surge,dynalloc_only,34,1.0,30233.0,30178.0,55.0,917,0,50,0.23399675620802793,1.1127336385477937,2.4221066622817835,0.031174951417313246,2.7849639012580525
24,lead_time_surge,dynalloc_only,35,1.0,31129.0,31074.0,55.0,917,0,50,0.2315578751761917,1.1008413137351383,2.4748251144312983,0.030513142636258216,2.7855014062040904
24,lead_time_surge,dynalloc_only,36,1.0,32017.0,31962.0,55.0,914,0,46,0.22325419570618327,1.0709422323379936,2.454448469052046,0.03048577347922501,2.786008566183969
24,lead_time_surge,dynalloc_only,37,1.0,32894.0,32839.0,55.0,896,0,58,0.21377940068487103,1.0840177832521798,2.3311207362020796,0.03036040232127796,2.786487880350696
24,lead_time_surge,dynalloc_only,38,1.0,33755.0,33700.0,55.0,907,0,62,0.20666880184506442,1.0683265041553809,2.4131619589059494,0.028764483688531996,2.786941580756016
24,lead_time_surge,dynalloc_only,39,1.0,34640.0,34585.0,55.0,891,0,49,0.19583916635389606,1.0843845271345032,2.327852275672132,0.027833379536757918,2.787371667105411
24,lead_time_surge,dynalloc_only,40,1.0,35459.0,35404.0,55.0,878,0,87,0.1891733074488681,1.045797350211876,2.60716886720008,0.024887694681554568,2.7877799362240223
24,lead_time_surge,dynalloc_only,41,1.0,36348.0,36293.0,55.0,904,0,50,0.18003147424499122,1.1048003265044315,2.371193676851642,0.024647829219861285,2.7881680071492405
24,lead_time_surge,dynalloc_only,42,1.0,37205.0,37150.0,55.0,902,0,75,0.1865984459069561,1.1460929415613126,2.5418854374851794,0.022969722411012933,2.788537342589041
24,lead_time_surge,dynalloc_only,43,1.0,38111.0,38056.0,55.0,935,0,49,0.1871017978254477,1.1634015142383818,2.508710019582246,0.022986169269922835,2.7888892673456174
24,lead_time_surge,dynalloc_only,44,1.0,39035.0,38980.0,55.0,938,0,36,0.18689796936273131,1.1640482283809623,2.5390795185320627,0.022671160924380943,2.7892249841935364
24,lead_time_surge,dynalloc_only,45,1.0,39937.0,39882.0,55.0,928,0,46,0.18543397448529053,1.1618868171652776,2.519482473876739,0.02270809371166372,2.7895455876134405
24,lead_time_surge,dynalloc_only,46,1.0,40848.0,40793.0,55.0,922,0,35,0.18319936939746734,1.1477608584467216,2.5704137192500873,0.022258113730115416,2.7898520757117873
24,lead_time_surge,dynalloc_only,47,1.0,41720.0,41665.0,55.0,896,0,53,0.1793811378935604,1.1238014294138103,2.5670565596764856,0.02228563058612688,2.7901453606001185
24,lead_time_surge,dynalloc_only,48,1.0,42588.0,42533.0,55.0,897,0,60,0.1802338702698442,1.1336587892238477,2.5561417243657885,0.022289409685391278,2.7904262774612247
24,lead_time_surge,dynalloc_only,49,1.0,43460.0,43405.0,55.0,902,0,53,0.17618393335836172,1.1135385904319577,2.5456875959584657,0.022271191703153358,2.790695592492017
24,lead_time_surge,dynalloc_only,50,1.0,44311.0,44256.0,55.0,881,0,65,0.1674358481044996,1.112175351415246,2.4379854305671387,0.022125413423312076,2.790954009882175
24,lead_time_surge,dynalloc_only,51,1.0,45163.0,45108.0,55.0,890,0,74,0.1632259668087865,1.1571890552695785,2.3921519971298735,0.0211253963433305,2.7912021779624574
24,lead_time_surge,dynalloc_only,52,1.0,46047.0,45992.0,55.0,918,0,54,0.1575231092419548,1.167140753277911,2.4465376896254023,0.01976244734004953,2.79144069463568
24,lead_time_surge,dynalloc_only,53,1.0,46935.0,46880.0,55.0,915,0,59,0.15313281673090584,1.1813060589691382,2.4508181146416126,0.018946572710905128,2.79167011218611
24,lead_time_surge,dynalloc_only,54,1.0,47835.0,47780.0,55.0,929,0,49,0.15067257647805468,1.1686504038880126,2.5239611432572127,0.01829651967378125,2.791890941548781
24,lead_time_surge,dynalloc_only,55,1.0,48748.0,48693.0,55.0,926,0,38,0.14816908112446178,1.149709688489384,2.5456711535597734,0.01813157612941862,2.7921036561081176
24,lead_time_surge,dynalloc_only,56,1.0,49626.0,49571.0,55.0,904,0,56,0.14276959904052472,1.1591925710133526,2.4306731590920387,0.018146386499626025,2.7923086950853855
24,lead_time_surge,dynalloc_only,57,1.0,50500.0,50445.0,55.0,905,0,55,0.14010348992680555,1.152600719534279,2.527044042466818,0.017225152225547033,2.7925064665659343
24,lead_time_surge,dynalloc_only,58,1.0,51378.0,51323.0,55.0,899,0,58,0.1356496603197487,1.1643442102738641,2.4793282099991365,0.016825943558863365,2.7926973502101218
24,lead_time_surge,dynalloc_only,59,1.0,52235.0,52180.0,55.0,899,0,63,0.1304617303094697,1.1346932656908237,2.587785221134669,0.015908304246419803,2.792881699685883
24,lead_time_surge,dynalloc_only,60,1.0,53090.0,53035.0,55.0,875,0,65,0.12305545554900088,1.1529936948973798,2.4513217574563604,0.015588107030495584,2.7930598448556796
24,lead_time_surge,dynalloc_only,61,1.0,53916.0,53861.0,55.0,876,0,86,0.12164001910457195,1.1495781008937884,2.5283030100085564,0.014983106020025545,2.793232093746264
24,lead_time_surge,dynalloc_only,62,1.0,54786.0,54731.0,55.0,904,0,63,0.12344379066646433,1.1694560358859047,2.526154446903745,0.014958654046182652,2.7933987343261126
24,lead_time_surge,dynalloc_only,63,1.0,55661.0,55606.0,55.0,907,0,67,0.12597133997590293,1.2043460490325042,2.511135770327849,0.014910501582049894,2.793560036111947
24,lead_time_surge,dynalloc_only,64,1.0,56555.0,56500.0,55.0,935,0,59,0.12612470224569808,1.2210412137335849,2.5317350351747683,0.014603914621588623,2.7937162516233403
24,lead_time_surge,dynalloc_only,65,1.0,57486.0,57431.0,55.0,946,0,36,0.12480976032243189,1.2231279622671556,2.540314765705955,0.014377497401776577,2.7938676177018142
24,lead_time_surge,dynalloc_only,66,1.0,58395.0,58340.0,55.0,924,0,41,0.12330159909465166,1.208030159598242,2.568231385991108,0.014224209807255615,2.794014356709004
24,lead_time_surge,dynalloc_only,67,1.0,59285.0,59230.0,55.0,910,0,47,0.1225703761025915,1.200069118709593,2.5770996370555235,0.014183953340046358,2.7941566776165505
24,lead_time_surge,dynalloc_only,68,1.0,60164.0,60109.0,55.0,899,0,51,0.12406475314928773,1.222589543071096,2.5635251421312595,0.014166349061079128,2.7942947769990774
24,lead_time_surge,dynalloc_only,69,1.0,61022.0,60967.0,55.0,891,0,61,0.12360528033398693,1.2221308260150612,2.570687796413388,0.014079166169585444,2.7944288399400232
24,lead_time_surge,dynalloc_only,70,1.0,61876.0,61821.0,55.0,887,0,66,0.12188540366758352,1.2091069255022129,2.5891243823290804,0.013932234872424835,2.7945590408592302
24,lead_time_surge,dynalloc_only,71,1.0,62739.0,62684.0,55.0,897,0,65,0.12125872803922255,1.2052384133506435,2.5986508357474123,0.013853489017171632,2.794685544270033
24,lead_time_surge,dynalloc_only,72,1.0,63608.0,63553.0,55.0,906,0,62,0.11932488370779418,1.1859261097496665,2.616732108703294,0.013758214284087852,2.7948085054727163
24,lead_time_surge,dynalloc_only,73,1.0,64500.0,64445.0,55.0,915,0,56,0.11958676062900388,1.1954249584652137,2.601838454833609,0.013756559126269113,2.794928071190567
24,lead_time_surge,dynalloc_only,74,1.0,65394.0,65339.0,55.0,932,0,52,0.1172542203474614,1.193042602242305,2.582410805841378,0.01361628060459112,2.7950443801539047
24,lead_time_surge,dynalloc_only,75,1.0,66306.0,66251.0,55.0,917,0,39,0.11397992493704696,1.1826615235023783,2.583869418975722,0.013344153919127234,2.795157563637071
24,lead_time_surge,dynalloc_only,76,1.0,67181.0,67126.0,55.0,912,0,62,0.1154306632206183,1.207612551478398,2.5765878007654632,0.01327165895996688,2.7952677459526796
24,lead_time_surge,dynalloc_only,77,1.0,68093.0,68038.0,55.0,929,0,35,0.113656248209974,1.2159203196768482,2.5363242456011688,0.013183883073276711,2.7953750449070656
24,lead_time_surge,dynalloc_only,78,1.0,68968.0,68913.0,55.0,896,0,54,0.11289297653255101,1.2115835466285594,2.5745609857389424,0.012946549913401906,2.79547957222046
24,lead_time_surge,dynalloc_only,79,1.0,69829.0,69774.0,55.0,897,0,67,0.11297434596364245,1.2167203555414516,2.578821739586612,0.012879398822540761,2.7955814339149834
24,lead_time_surge,dynalloc_only,80,1.0,70720.0,70665.0,55.0,915,0,44,0.11227061548785387,1.2188045450577112,2.5721035996144495,0.012810202888846519,2.7956807306733618
24,lead_time_surge,dynalloc_only,81,1.0,71585.0,71530.0,55.0,892,0,65,0.11053202999171788,1.2154332689971568,2.542748819686204,0.012792368184639965,2.7957775581708755
24,lead_time_surge,dynalloc_only,82,1.0,72465.0,72410.0,55.0,921,0,59,0.10966761301723994,1.2192365527171931,2.5350919888216117,0.0126905197054664,2.7958720073828247
24,lead_time_surge,dynalloc_only,83,1.0,73380.0,73325.0,55.0,925,0,34,0.10762540493895148,1.2085259638163213,2.5396595696231357,0.012541564245759966,2.79596416486965
24,lead_time_surge,dynalloc_only,84,1.0,74253.0,74198.0,55.0,905,0,64,0.10680441475919972,1.2034132546868412,2.5703390134448725,0.01234918889362238,2.796054113041519
24,lead_time_surge,dynalloc_only,85,1.0,75162.0,75107.0,55.0,937,0,43,0.10532688168050064,1.2033928239410345,2.5352203874346344,0.012346870083293025,2.7961419304041195
24,lead_time_surge,dynalloc_only,86,1.0,76080.0,76025.0,55.0,928,0,35,0.10420362453045659,1.203921375633347,2.5415286822631717,0.012179154851533364,2.796227691787194
24,lead_time_surge,dynalloc_only,87,1.0,76961.0,76906.0,55.0,915,0,58,0.10252616139511897,1.2064374284319213,2.5168532696233292,0.012074980947120393,2.7963114685571933
24,lead_time_surge,dynalloc_only,88,1.0,77864.0,77809.0,55.0,923,0,43,0.1022179151113363,1.206609482392408,2.54830221968395,0.011888062912085167,2.7963933288153524
24,lead_time_surge,dynalloc_only,89,1.0,78745.0,78690.0,55.0,900,0,48,0.09911556976306206,1.1938712159700684,2.5122796479900105,0.011816959229898076,2.7964733375823267
24,lead_time_surge,dynalloc_only,90,1.0,79594.0,79539.0,55.0,881,0,69,0.09834180074192501,1.203358941485206,2.553157371044574,0.011445705102426578,2.7965515569704125
24,lead_time_surge,dynalloc_only,91,1.0,80458.0,80403.0,55.0,897,0,63,0.09883560980577455,1.2115730826380284,2.5705593186728315,0.011347533960844125,2.7966280463443867
24,lead_time_surge,dynalloc_only,92,1.0,81332.0,81277.0,55.0,907,0,57,0.09775302985238919,1.2024889157597738,2.574400429336632,0.011290852118128844,2.796702862471745
24,lead_time_surge,dynalloc_only,93,1.0,82209.0,82154.0,55.0,907,0,62,0.09851862306435134,1.2246301574163863,2.556078045977327,0.011253343605193969,2.796776059663222
24,lead_time_surge,dynalloc_only,94,1.0,83104.0,83049.0,55.0,927,0,51,0.09771511697354476,1.2258816509494277,2.555661971224724,0.011151697615338192,2.7968476899042547
24,lead_time_surge,dynalloc_only,95,1.0,84026.0,83971.0,55.0,938,0,39,0.09655188979435447,1.2207380800540837,2.5614939700920796,0.011039902683087749,2.7969178029781303
24,lead_time_surge,dynalloc_only,96,1.0,84937.0,84882.0,55.0,939,0,45,0.09536328960650099,1.2233172694898142,2.5890655039824226,0.010764868201388857,2.796986446581357
24,lead_time_surge,dynalloc_only,97,1.0,85860.0,85805.0,55.0,929,0,26,0.09342113445017197,1.2040753424917978,2.6145329023882296,0.010609540213386922,2.79705366643188
24,lead_time_surge,dynalloc_only,98,1.0,86731.0,86676.0,55.0,893,0,60,0.0903634289287577,1.223125361814997,2.5017058866628643,0.010557824983000518,2.7971195063706076
24,lead_time_surge,dynalloc_only,99,1.0,87595.0,87540.0,55.0,899,0,52,0.08794951609001689,1.2103220255235747,2.506212212946303,0.010365580741319512,2.7971840084567825
24,lead_time_surge,dynalloc_only,100,1.0,88447.0,88392.0,55.0,868,0,66,0.0840498379220455,1.2402512810062165,2.3631331927490566,0.010251989337713067,2.7972472130575685
24,lead_time_surge,dynalloc_only,101,1.0,89260.0,89205.0,55.0,879,0,92,0.08230145871563535,1.264657954626553,2.4755754231287486,0.009397618764354498,2.7973091589323
24,lead_time_surge,dynalloc_only,102,1.0,90135.0,90080.0,55.0,905,0,65,0.08083833297695965,1.2577433132194642,2.5064035549738777,0.009166941063751488,2.7973698833117244
24,lead_time_surge,dynalloc_only,103,1.0,91015.0,90960.0,55.0,912,0,64,0.0799518760095214,1.284139523544448,2.4312190859486367,0.009154470107159376,2.797429421972659
24,lead_time_surge,dynalloc_only,104,1.0,91902.0,91847.0,55.0,921,0,54,0.07912965828712486,1.2750358210814852,2.485296293148762,0.008926280488499892,2.797487809308239
24,lead_time_surge,dynalloc_only,105,1.0,92801.0,92746.0,55.0,907,0,51,0.07867910660252563,1.307472369265945,2.436330545622472,0.008829042281999912,2.7975450783941977
24,lead_time_surge,dynalloc_only,106,1.0,93669.0,93614.0,55.0,918,0,66,0.07833317444996972,1.3119295382414113,2.4707814114824007,0.00863803731714816,2.797601261051332
24,lead_time_surge,dynalloc_only,107,1.0,94590.0,94535.0,55.0,926,0,33,0.07741016055790112,1.2974736783414662,2.500523166272822,0.00852852951686006,2.7976563879044654
24,lead_time_surge,dynalloc_only,108,1.0,95451.0,95396.0,55.0,898,0,64,0.0770730810906829,1.292181391598116,2.539039520627645,0.008396668477060993,2.7977104884380997
24,lead_time_surge,dynalloc_only,109,1.0,96335.0,96280.0,55.0,906,0,54,0.07773637667773994,1.3049281577207987,2.5430581240184087,0.00837279370850376,2.7977635910490344
24,lead_time_surge,dynalloc_only,110,1.0,97216.0,97161.0,55.0,910,0,55,0.07740131415107694,1.3019958035272134,2.538916659501792,0.008368954334847885,2.797815723096018
24,lead_time_surge,dynalloc_only,111,1.0,98103.0,98048.0,55.0,916,0,54,0.07724149320043927,1.299382709207655,2.5459594329915523,0.008345167267835706,2.7978669109468024
24,lead_time_surge,dynalloc_only,112,1.0,99007.0,98952.0,55.0,926,0,43,0.07708826454639857,1.3001799403086982,2.541230288044736,0.008338845540816117,2.797917180022566
24,lead_time_surge,dynalloc_only,113,1.0,99885.0,99830.0,55.0,903,0,50,0.07595221508303686,1.2849537642043947,2.5345776849507926,0.00833498490119278,2.7979665548400394
24,lead_time_surge,dynalloc_only,114,1.0,100741.0,100686.0,55.0,879,0,64,0.07549400721291594,1.2925222465910409,2.5098559884872773,0.00831717042989204,2.798015059051358
24,lead_time_surge,dynalloc_only,115,1.0,101579.0,101524.0,55.0,880,0,70,0.07458567339149658,1.2770166743438425,2.525339953587655,0.008265736429973245,2.798062715481859
24,lead_time_surge,dynalloc_only,116,1.0,102436.0,102381.0,55.0,882,0,69,0.07333640129497868,1.2850578186074604,2.474455400434386,0.008242379047748175,2.7981095461658847
24,lead_time_surge,dynalloc_only,117,1.0,103286.0,103231.0,55.0,907,0,77,0.07300242359551153,1.2832585260639775,2.524691822258375,0.008052725401435624,2.798155572380751
24,lead_time_surge,dynalloc_only,118,1.0,104209.0,104154.0,55.0,935,0,41,0.07277100152004558,1.2829031521399046,2.5306972562061034,0.008010237757285304,2.7982008146789923
24,lead_time_surge,dynalloc_only,119,1.0,105108.0,105053.0,55.0,936,0,53,0.07177092433384294,1.27935312485502,2.5151613722192243,0.00797088363231458,2.7982452929189408
24,lead_time_surge,all_combined,0,1.0,1076.0,1076.0,0.0,1077,0,89,,,,,
24,lead_time_surge,all_combined,1,1.0,2113.0,2113.0,0.0,1040,0,104,,,,,
24,lead_time_surge,all_combined,2,1.0,3161.0,3161.0,0.0,1067,0,84,3.480899795773297,1.5133781168165772,,,2.300085984522786
24,lead_time_surge,all_combined,3,1.0,4224.0,4224.0,0.0,1092,0,69,3.5178858702528784,1.4446071254270376,,,2.435185185185185
24,lead_time_surge,all_combined,4,1.0,5299.0,5299.0,0.0,1090,0,51,0.7036215883100109,1.0714729645742698,2.6419558359621447,0.09567164179104476,2.5980598903416285
24,lead_time_surge,all_combined,5,1.0,6341.0,6341.0,0.0,1078,0,73,0.7644047720230123,1.1673896118340563,2.48496993987976,0.09949596774193549,2.648383937316357
24,lead_time_surge,all_combined,6,1.0,7419.0,7419.0,0.0,1107,0,48,0.8153049518043772,1.1211817192136104,2.4744555261550993,0.10964876203010607,2.680159786950731
24,lead_time_surge,all_combined,7,1.0,8493.0,8493.0,0.0,1093,0,54,0.7698201130881052,1.11246078889408,2.2403904820012204,0.11431100217864924,2.7020463233640655
24,lead_time_surge,all_combined,8,1.0,9556.0,9556.0,0.0,1109,0,66,0.7788999973031441,1.0953225448902684,2.700258397932817,0.09688995215311004,2.7180385288966735
24,lead_time_surge,all_combined,9,1.0,10673.0,10673.0,0.0,1126,0,29,0.7909801188219631,1.074779099546558,3.012619372442019,0.08947507453111435,2.7302349511233066
24,lead_time_surge,all_combined,10,1.0,11702.0,11702.0,0.0,1085,0,86,0.7002532587491104,0.9459430431513806,3.9408313444709644,0.06856090236947687,2.739843630231489
24,lead_time_surge,all_combined,11,1.0,12754.0,12754.0,0.0,1081,0,96,0.6229547106488738,1.0421406411582212,3.0820370764969103,0.07058904867256638,2.7476091476091478
24,lead_time_surge,all_combined,12,1.0,13782.0,13782.0,0.0,1067,0,114,0.48644564272308716,1.0104104510036787,2.6491461976308908,0.06598788254195623,2.7540154293663845
24,lead_time_surge,all_combined,13,1.0,14828.0,14828.0,0.0,1046,0,112,0.47872854204479176,1.0665402765470768,2.8492029111072594,0.05709203144242905,2.759390626817071
24,lead_time_surge,all_combined,14,1.0,15861.0,15861.0,0.0,1047,0,97,0.42475911704544905,1.0858224425416854,2.509007454445058,0.05640912779741685,2.763965127542783
24,lead_time_surge,all_combined,15,1.0,16876.0,16876.0,0.0,1015,0,108,0.4247545148916123,1.107809905502204,2.7107435442170513,0.05110143295450628,2.7679054392467193
24,lead_time_surge,all_combined,16,1.0,17851.0,17851.0,0.0,1000,0,118,0.4126275859406203,1.0839272395050805,2.6552030493222136,0.05173344270788359,2.771334894613584
24,lead_time_surge,all_combined,17,1.0,18817.0,18817.0,0.0,983,0,123,0.3971268998511616,1.0508814458504145,2.620520568278203,0.05197892117693465,2.774346793349168
24,lead_time_surge,all_combined,18,1.0,19753.0,19753.0,0.0,972,0,140,0.39014785660629014,1.029189670119086,2.669744406560314,0.051131225937561225,2.777013019321669
24,lead_time_surge,all_combined,19,1.0,20715.0,20715.0,0.0,1002,0,117,0.36415143018175233,0.9719095005204761,2.7255808577043115,0.04945926459985579,2.7793898517763314
24,lead_time_surge,all_combined,20,1.0,21721.0,21721.0,0.0,1037,0,86,0.3307182203355492,1.0599791635660067,2.262511803588291,0.04957782201104405,2.7815219817005126
24,lead_time_surge,all_combined,21,1.0,22717.0,22717.0,0.0,1057,0,97,0.32277158678467216,1.0670632271801674,2.6271324803411966,0.04136570888636638,2.783445348425893
24,lead_time_surge,all_combined,22,1.0,23794.0,23794.0,0.0,1104,0,69,0.31106124703548305,1.1575860569892897,2.3185010393842345,0.04161315336709718,2.785189181897889
24,lead_time_surge,all_combined,23,1.0,24876.0,24876.0,0.0,1138,0,62,0.2834880796536408,1.1958424288546652,2.3044236936427085,0.03691443423449236,2.786777498550164
24,lead_time_surge,all_combined,24,1.0,26027.0,26027.0,0.0,1151,0,30,0.2810951566907585,1.1832717487074056,2.504958081673127,0.03401259559154296,2.788230214052188
24,lead_time_surge,all_combined,25,1.0,27150.0,27150.0,0.0,1149,0,33,0.2611395736033869,1.2096292191769793,2.2639692280588424,0.034183267621221564,2.7895639827249603
24,lead_time_surge,all_combined,26,1.0,28280.0,28280.0,0.0,1130,0,25,0.25648340140419773,1.1820385358037877,2.438482119305122,0.031884561891516006,2.7907928388746814
24,lead_time_surge,all_combined,27,1.0,29378.0,29378.0,0.0,1109,0,35,0.2565335253812954,1.1772348006993785,2.4963057764223215,0.03126647589474336,2.7919286925138076
24,lead_time_surge,all_combined,28,1.0,30447.0,30447.0,0.0,1096,0,51,0.249931788549231,1.1470569928836698,2.487284144427002,0.03136483491823052,2.7929817166341753
24,lead_time_surge,all_combined,29,1.0,31526.0,31526.0,0.0,1096,0,43,0.24716709241638088,1.1305514132739258,2.5220573372860793,0.0310259501300679,2.793960652737532
24,lead_time_surge,all_combined,30,1.0,32568.0,32568.0,0.0,1081,0,65,0.24140118381696501,1.1096810994047774,2.548799793234905,0.03053819730521084,2.7948730540686553
24,lead_time_surge,all_combined,31,1.0,33635.0,33635.0,0.0,1092,0,56,0.237358767901242,1.0944888896421974,2.5334861494230547,0.030618285093866836,2.7957254808834007
24,lead_time_surge,all_combined,32,1.0,34700.0,34700.0,0.0,1101,0,59,0.24135079745453722,1.1335058755445526,2.505653840483562,0.03038682972608019,2.796523658435646
24,lead_time_surge,all_combined,33,1.0,35784.0,35784.0,0.0,1107,0,51,0.2412891820715874,1.1317791794440906,2.5568597212702757,0.029808111157029395,2.7972726057310933
24,lead_time_surge,all_combined,34,1.0,36862.0,36862.0,0.0,1107,0,51,0.23509011412445968,1.1127336385477937,2.5400874236071145,0.029726952238894527,2.797976741169859
24,lead_time_surge,all_combined,35,1.0,37949.0,37949.0,0.0,1108,0,50,0.23265007992505976,1.1008413137351383,2.592491712450258,0.029128228782287827,2.798639969777106
24,lead_time_surge,all_combined,36,1.0,39028.0,39028.0,0.0,1105,0,46,0.22431654820921418,1.0709422323379936,2.57074046391588,0.0291066955588247,2.7992657556597993
24,lead_time_surge,all_combined,37,1.0,40096.0,40096.0,0.0,1087,0,58,0.2148050937902798,1.0840177832521798,2.4408467732469417,0.028995578168318145,2.799857182528663
24,lead_time_surge,all_combined,38,1.0,41148.0,41148.0,0.0,1098,0,62,0.20766808711978313,1.0683265041553809,2.520530238596178,0.027539188676187525,2.8004170045175503
24,lead_time_surge,all_combined,39,1.0,42224.0,42224.0,0.0,1082,0,49,0.19679301002493535,1.0843845271345032,2.4278527838047954,0.026686954137618537,2.80094768906773
24,lead_time_surge,all_combined,40,1.0,43234.0,43234.0,0.0,1069,0,87,0.19010102992324235,1.045797350211876,2.7071069384924082,0.023968917454832952,2.80145145328593
24,lead_time_surge,all_combined,41,1.0,44312.0,44312.0,0.0,1093,0,52,0.18092010252976817,1.1048003265044315,2.4610324678712407,0.023748072224665996,2.8019302949061657
24,lead_time_surge,all_combined,42,1.0,45361.0,45361.0,0.0,1096,0,74,0.184932508021022,1.127246887606378,2.671670749466123,0.021912065699647848,2.802386018767224
24,lead_time_surge,all_combined,43,1.0,46462.0,46462.0,0.0,1127,0,47,0.1848376687041986,1.1406806504329396,2.6402499877296597,0.021897075226174244,2.802820259545625
24,lead_time_surge,all_combined,44,1.0,47575.0,47575.0,0.0,1129,0,37,0.18399041650969875,1.1393828255833711,2.663622151236569,0.02162686085689026,2.803234501347709
24,lead_time_surge,all_combined,45,1.0,48671.0,48671.0,0.0,1120,0,44,0.18264960184408718,1.1377026711363505,2.645059880817669,0.021648795131466753,2.803630094655693
24,lead_time_surge,all_combined,46,1.0,49772.0,49772.0,0.0,1111,0,35,0.1805682192459091,1.1232902841640497,2.707694167787568,0.021172415717794147,2.804008271035471
24,lead_time_surge,all_combined,47,1.0,50832.0,50832.0,0.0,1086,0,54,0.17689616865259597,1.0993318829305665,2.706755797444392,0.021198502895858375,2.804370155943599
24,lead_time_surge,all_combined,48,1.0,51892.0,51892.0,0.0,1086,0,59,0.1765248281344606,1.1044060551572963,2.6908247093096347,0.021178860920362683,2.8047167799140738
24,lead_time_surge,all_combined,49,1.0,52948.0,52948.0,0.0,1092,0,57,0.1720415074994291,1.0816758240325668,2.69172437915355,0.021065174566377843,2.8050490883590458
24,lead_time_surge,all_combined,50,1.0,53996.0,53996.0,0.0,1073,0,62,0.1632247508935385,1.0755581096596227,2.569005681725363,0.021057035990400534,2.8053679501798072
24,lead_time_surge,all_combined,51,1.0,55034.0,55034.0,0.0,1080,0,77,0.15974026406880507,1.1144424305829896,2.524956174817143,0.020233251576776353,2.805674165353201
24,lead_time_surge,all_combined,52,1.0,56112.0,56112.0,0.0,1110,0,53,0.15468418271680542,1.1210253927566218,2.568104001254401,0.01914851337864857,2.8059684716328985
24,lead_time_surge,all_combined,53,1.0,57192.0,57192.0,0.0,1107,0,58,0.1507424616749221,1.1314844385347351,2.5826345043440724,0.01838219930294951,2.8062515504837524
24,lead_time_surge,all_combined,54,1.0,58282.0,58282.0,0.0,1120,0,50,0.14832897812337592,1.1194936074258082,2.6649264256994307,0.01771537695904955,2.806524032349679
24,lead_time_surge,all_combined,55,1.0,59389.0,59389.0,0.0,1118,0,36,0.14588243562728,1.1014886421502426,2.6964373721136057,0.017499404310210364,2.8067865013408384
24,lead_time_surge,all_combined,56,1.0,60456.0,60456.0,0.0,1095,0,57,0.14109182045993865,1.1095588872519282,2.586378002528446,0.01751503296112438,2.807039499413374
24,lead_time_surge,all_combined,57,1.0,61524.0,61524.0,0.0,1096,0,53,0.13854164319744106,1.1008430987857256,2.6647210969517303,0.016823520130340396,2.8072835301047454
24,lead_time_surge,all_combined,58,1.0,62591.0,62591.0,0.0,1088,0,58,0.13410628350167217,1.1133020442876496,2.60932310260919,0.01644317002195258,2.8075190618787604
24,lead_time_surge,all_combined,59,1.0,63635.0,63635.0,0.0,1088,0,65,0.12900524401981422,1.0855525089146707,2.7437101809755173,0.01542625105476629,2.8077465311271053
24,lead_time_surge,all_combined,60,1.0,64681.0,64681.0,0.0,1066,0,65,0.12171848108410858,1.1057925616769517,2.591698130943615,0.01512538877017146,2.8079663448678374
24,lead_time_surge,all_combined,61,1.0,65698.0,65698.0,0.0,1067,0,86,0.12037305671749171,1.1033501978056077,2.669098568332367,0.0145554799455608,2.808178883175895
24,lead_time_surge,all_combined,62,1.0,66758.0,66758.0,0.0,1095,0,64,0.12232271922050962,1.1240391750638596,2.667798716012791,0.014524997036645306,2.8083845013762447
24,lead_time_surge,all_combined,63,1.0,67827.0,67827.0,0.0,1099,0,65,0.12499395771666352,1.159465678971277,2.653130833625015,0.014467220802564865,2.8085835320262045
24,lead_time_surge,all_combined,64,1.0,68910.0,68910.0,0.0,1125,0,60,0.12523188133097318,1.1766466777751705,2.6798368933964136,0.014139801748099966,2.8087762867102612
24,lead_time_surge,all_combined,65,1.0,70032.0,70032.0,0.0,1137,0,36,0.12396000623095718,1.179294322135432,2.6867763233742927,0.013927778190509615,2.8089630576677225
24,lead_time_surge,all_combined,66,1.0,71133.0,71133.0,0.0,1115,0,40,0.12250087094748706,1.165100481098893,2.7157400050485108,0.013782042484597901,2.8091441192711217
24,lead_time_surge,all_combined,67,1.0,72212.0,72212.0,0.0,1100,0,48,0.12182710102119426,1.1579138684183903,2.722112251982803,0.013758163142053229,2.8093197293710714
24,lead_time_surge,all_combined,68,1.0,73283.0,73283.0,0.0,1090,0,50,0.12343207857328174,1.1810151388370527,2.708793675724126,0.013733117637698838,2.8094901305214433
24,lead_time_surge,all_combined,69,1.0,74330.0,74330.0,0.0,1081,0,62,0.12302594394154188,1.1811733018622281,2.7196199823389224,0.013630813617731429,2.809655551097127
24,lead_time_surge,all_combined,70,1.0,75375.0,75375.0,0.0,1078,0,66,0.12132351814293292,1.168821624600969,2.737787799443598,0.01349332747858063,2.8098162063151775
24,lead_time_surge,all_combined,71,1.0,76429.0,76429.0,0.0,1088,0,65,0.12072233639841065,1.1653907152350502,2.7470749261477847,0.013419722479936329,2.8099722991689733
24,lead_time_surge,all_combined,72,1.0,77488.0,77488.0,0.0,1097,0,63,0.11880349277010822,1.1467692403139247,2.765958193255521,0.013328524498312214,2.8101240212839134
24,lead_time_surge,all_combined,73,1.0,78573.0,78573.0,0.0,1107,0,55,0.11911435758130577,1.1566490522792592,2.750981708164732,0.013320683709969354,2.8102715537021887
24,lead_time_surge,all_combined,74,1.0,79658.0,79658.0,0.0,1123,0,52,0.11679577223195232,1.1547915431878475,2.728534598687649,0.013189356203867627,2.810415067603474
24,lead_time_surge,all_combined,75,1.0,80761.0,80761.0,0.0,1108,0,39,0.11352984881816582,1.1452699698907234,2.7269305520380476,0.012934095480481094,2.8105547249674774
24,lead_time_surge,all_combined,76,1.0,81827.0,81827.0,0.0,1103,0,62,0.11505481891695073,1.1704576030043141,2.718228028971702,0.012866196690225908,2.810690679183832
24,lead_time_surge,all_combined,77,1.0,82930.0,82930.0,0.0,1120,0,35,0.11330775649119867,1.1792752977967924,2.673915338887305,0.012783897393168887,2.8108230756140458
24,lead_time_surge,all_combined,78,1.0,83996.0,83996.0,0.0,1087,0,54,0.1125878986015423,1.1756226540334713,2.712390420197085,0.012560823917301959,2.81095205210997
24,lead_time_surge,all_combined,79,1.0,85048.0,85048.0,0.0,1088,0,67,0.11269750874359212,1.1810255986039446,2.7161183337077963,0.01249779687026327,2.8110777394925477
24,lead_time_surge,all_combined,80,1.0,86130.0,86130.0,0.0,1106,0,44,0.11203111609900772,1.1835942284223755,2.7081614643487475,0.01243281539551511,2.811200261994433
24,lead_time_surge,all_combined,81,1.0,87186.0,87186.0,0.0,1083,0,65,0.11029364998460478,1.1806895892568339,2.676184166297236,0.012416195346077038,2.8113197376695735
24,lead_time_surge,all_combined,82,1.0,88257.0,88257.0,0.0,1112,0,59,0.10943704761030257,1.184679431650998,2.666923146447974,0.012320399047330684,2.8114362787726046
24,lead_time_surge,all_combined,83,1.0,89363.0,89363.0,0.0,1116,0,34,0.10739542206535718,1.1744675666112891,2.6702214977957177,0.012180122127766108,2.8115499921106633
24,lead_time_surge,all_combined,84,1.0,90427.0,90427.0,0.0,1096,0,64,0.10657393850167696,1.1695889750746369,2.700963743471674,0.011998751021573682,2.8116609793698357
24,lead_time_surge,all_combined,85,1.0,91527.0,91527.0,0.0,1128,0,43,0.10509189357647478,1.1697633152217264,2.6633560075033187,0.011996714054531125,2.811769337418483
24,lead_time_surge,all_combined,86,1.0,92636.0,92636.0,0.0,1119,0,35,0.10397685655112897,1.170604391502764,2.6683038202912686,0.011838460286093064,2.8118751585891912
24,lead_time_surge,all_combined,87,1.0,93708.0,93708.0,0.0,1106,0,58,0.10229673597220902,1.1734037981413028,2.6407585831108706,0.011740148396371466,2.811978530941195
24,lead_time_surge,all_combined,88,1.0,94802.0,94802.0,0.0,1114,0,43,0.10201411551192573,1.1739164954076513,2.672426904691312,0.011563508595457048,2.8120795385047685
24,lead_time_surge,all_combined,89,1.0,95874.0,95874.0,0.0,1091,0,48,0.09890987074517248,1.1619077011728192,2.6330867420945747,0.011496350364963506,2.8121782615090454
24,lead_time_surge,all_combined,90,1.0,96914.0,96914.0,0.0,1072,0,69,0.09815929616104294,1.1718078286824654,2.6726715603414406,0.011144785045742123,2.8122747765945415
24,lead_time_surge,all_combined,91,1.0,97969.0,97969.0,0.0,1088,0,63,0.0986857408162857,1.1802648490716248,2.6901073927402317,0.011051799265130663,2.812369157011588
24,lead_time_surge,all_combined,92,1.0,99034.0,99034.0,0.0,1098,0,57,0.09761416524201265,1.1715950749505766,2.6935787719366786,0.010998134961963411,2.8124614728057296
24,lead_time_surge,all_combined,93,1.0,100102.0,100102.0,0.0,1098,0,62,0.09842400970415571,1.1939796215113938,2.6735488298240333,0.010962648528455805,2.812551790991103
24,lead_time_surge,all_combined,94,1.0,101188.0,101188.0,0.0,1118,0,51,0.09762400455474055,1.195407687703492,2.672059377067033,0.010866265035524528,2.812640175712673
24,lead_time_surge,all_combined,95,1.0,102301.0,102301.0,0.0,1129,0,39,0.09645780310580228,1.1905000398509247,2.6770746753101196,0.010760189809654461,2.812726688398145
24,lead_time_surge,all_combined,96,1.0,103403.0,103403.0,0.0,1130,0,45,0.09526470018983717,1.1932249825968808,2.703508170814424,0.01049884125744259,2.8128113879003553
24,lead_time_surge,all_combined,97,1.0,104517.0,104517.0,0.0,1120,0,26,0.09332601564411333,1.1745507400869157,2.7289136923717816,0.010351129070716579,2.81289433063078
24,lead_time_surge,all_combined,98,1.0,105579.0,105579.0,0.0,1084,0,60,0.09024148586449006,1.1938275442755832,2.608422703834423,0.010301980191868752,2.8129755706848236
24,lead_time_surge,all_combined,99,1.0,106634.0,106634.0,0.0,1090,0,52,0.08782568086619676,1.1815633013455449,2.6112672769091634,0.010118938518487877,2.813055159959477
24,lead_time_surge,all_combined,100,1.0,107677.0,107677.0,0.0,1059,0,66,0.08391100840056619,1.2119657333049478,2.4585118238049173,0.010010736031701299,2.8131331482638853
24,lead_time_surge,all_combined,101,1.0,108681.0,108681.0,0.0,1070,0,92,0.08217004666662125,1.2366599528978897,2.5687980581652705,0.009194564929575004,2.8132095834232693
24,lead_time_surge,all_combined,102,1.0,109747.0,109747.0,0.0,1096,0,65,0.08070720987395327,1.2301260312624018,2.5988310085807944,0.008973689316429237,2.813284511376752
24,lead_time_surge,all_combined,103,1.0,110817.0,110817.0,0.0,1102,0,65,0.07983305255186818,1.2567232798659294,2.5195504120252488,0.008961795451224283,2.8133579762694176
24,lead_time_surge,all_combined,104,1.0,111894.0,111894.0,0.0,1113,0,55,0.07902502067544187,1.2497241109252073,2.5811189854817362,0.00870775751708454,2.8134300205390437
24,lead_time_surge,all_combined,105,1.0,112988.0,112988.0,0.0,1100,0,49,0.07859105406673987,1.2823630819439862,2.5318069553135034,0.00860368483440681,2.813500684997854
24,lead_time_surge,all_combined,106,1.0,114047.0,114047.0,0.0,1110,0,66,0.0782701111235142,1.2888724618636782,2.563463021650493,0.008419789281493192,2.813570008909599
24,lead_time_surge,all_combined,107,1.0,115161.0,115161.0,0.0,1117,0,32,0.07738189324087465,1.2749162141909052,2.5989896341169736,0.00830013075125346,2.813638030062323
24,lead_time_surge,all_combined,108,1.0,116212.0,116212.0,0.0,1089,0,64,0.07719210410653773,1.2718210575923055,2.6370328095652895,0.00817999061506606,2.8137047848370327
24,lead_time_surge,all_combined,109,1.0,117287.0,117287.0,0.0,1096,0,54,0.07788267847513355,1.2858245570541362,2.6383623410167005,0.008158983996730318,2.81377030827258
24,lead_time_surge,all_combined,110,1.0,118357.0,118357.0,0.0,1100,0,56,0.07754930726309986,1.2829964358895496,2.633707342569588,0.008156172218351207,2.8138346341270166
24,lead_time_surge,all_combined,111,1.0,119435.0,119435.0,0.0,1107,0,54,0.07739390906553212,1.2804900165917377,2.6408137799431644,0.008133631441950341,2.813897794935549
24,lead_time_surge,all_combined,112,1.0,120529.0,120529.0,0.0,1116,0,44,0.07735094245844733,1.282792391686667,2.636482028864091,0.008127678692283894,2.8139598220654425
24,lead_time_surge,all_combined,113,1.0,121598.0,121598.0,0.0,1095,0,50,0.07622769651726727,1.2696905429256298,2.626632090516534,0.00812247476378539,2.814020745767943
24,lead_time_surge,all_combined,114,1.0,122647.0,122647.0,0.0,1071,0,63,0.07577339623310983,1.2774696200977411,2.602171251424227,0.008100163150233214,2.814080595227478
24,lead_time_surge,all_combined,115,1.0,123676.0,123676.0,0.0,1071,0,70,0.0748622520280937,1.2621563127206246,2.6177707318547694,0.00805142088082507,2.814139398608289
24,lead_time_surge,all_combined,116,1.0,124724.0,124724.0,0.0,1073,0,69,0.07360007829902195,1.2703095353090919,2.5641069595629977,0.008029306878384523,2.8141971830985897
24,lead_time_surge,all_combined,117,1.0,125766.0,125766.0,0.0,1098,0,76,0.0732676751404424,1.2685865007971968,2.612162564140701,0.007856494958193851,2.8142539749525235
24,lead_time_surge,all_combined,118,1.0,126878.0,126878.0,0.0,1125,0,42,0.07303831441728281,1.2683254938628452,2.6161984934127007,0.007821272651886542,2.814309799529898
24,lead_time_surge,all_combined,119,1.0,127968.0,127968.0,0.0,1127,0,53,0.07203411679721895,1.2648944794127635,2.5996353482934293,0.007783790402321334,2.8143646813339687
24,demand_spike,baseline,0,1.0,1076.0,1076.0,0.0,1077,0,89,,,,,
24,demand_spike,baseline,1,1.0,2113.0,2113.0,0.0,1040,0,104,,,,,
24,demand_spike,baseline,2,1.0,3161.0,3161.0,0.0,1067,0,84,3.480899795773297,1.5133781168165772,,,2.300085984522786
24,demand_spike,baseline,3,1.0,4224.0,4224.0,0.0,1092,0,68,3.5772418343184573,1.4446071254270376,,,2.4762731481481484
24,demand_spike,baseline,4,1.0,5299.0,5299.0,0.0,1090,0,50,0.7103608210551877,1.0714729645742698,2.6419558359621447,0.09567164179104476,2.6229439055250947
24,demand_spike,baseline,5,1.0,6340.0,6340.0,0.0,1077,0,73,0.7688336458254136,1.1673896118340563,2.48496993987976,0.09949596774193549,2.6637283708782236
24,demand_spike,baseline,6,1.0,7417.0,7417.0,0.0,1106,0,48,0.8181403724436019,1.1211817192136104,2.4744555261550993,0.10964876203010607,2.68948069241012
24,demand_spike,baseline,7,1.0,8490.0,8490.0,0.0,1092,0,54,0.7712936369397219,1.11246078889408,2.2403904820012204,0.11431100217864924,2.7072183494490667
24,demand_spike,baseline,8,1.0,9552.0,9552.0,0.0,1108,0,66,0.7795133922036546,1.0953225448902684,2.700258397932817,0.09688995215311004,2.720179023156256
24,demand_spike,baseline,9,1.0,10668.0,10668.0,0.0,1125,0,29,0.7909304341411326,1.074779099546558,3.012619372442019,0.08947507453111435,2.73006345395301
24,demand_spike,baseline,10,0.9950738916256158,11629.0,11619.0,10.0,978,2,60,0.17170937389252694,0.24756651796550017,2.7360372960372965,0.09259133042529988,2.7378506822014415
24,demand_spike,baseline,11,0.8164335664335665,13020.0,12485.0,535.0,899,105,109,0.03545239712808053,0.9160507107184018,0.15271382790629145,0.09235083064491814,2.7441441441441445
24,demand_spike,baseline,12,0.7397820163487738,13978.0,13298.0,680.0,892,29,119,0.02345005636350219,2.8408623804450372,0.06348596833628083,0.04729204816602852,2.7493360313646122
24,demand_spike,baseline,13,0.7681159420289855,15532.0,14197.0,1335.0,936,131,72,0.023614659327161926,4.185576631306123,0.04317652553673971,0.04745295775359846,2.7536922898011396
24,demand_spike,baseline,14,0.7744360902255639,16862.0,15047.0,1815.0,905,96,123,0.02362336239758371,7.061439028348731,0.027749927592806197,0.043720682302771874,2.7573996340544613
24,demand_spike,baseline,15,0.8335358444714459,18227.0,15892.0,2335.0,916,104,115,0.02377799992303996,8.553166116483926,0.02800572202524548,0.03595830873850781,2.7605930081137933
24,demand_spike,baseline,16,0.8649289099526066,19564.0,16794.0,2770.0,933,87,85,0.024478451276127047,10.89306704667106,0.02238736079157929,0.036323814720504416,2.7633723653395807
24,demand_spike,baseline,17,0.8904109589041096,20613.0,17623.0,2990.0,902,44,139,0.024660366951360303,12.23593628825389,0.023566750552575018,0.030920019494232953,2.7658133192574996
24,demand_spike,baseline,18,0.9234184239733629,21754.0,18519.0,3235.0,949,49,93,0.02492324181501583,12.777619557526977,0.02324252434329129,0.030318607941982857,2.7679741272078933
24,demand_spike,baseline,19,0.9254859611231101,22813.0,19428.0,3385.0,952,30,108,0.025204660131236904,13.455754755473533,0.02217436564977958,0.030497021427936328,2.7699003999686296
24,demand_spike,baseline,20,0.9453781512605042,23868.0,20313.0,3555.0,961,34,132,0.02542096168336575,13.598062415781218,0.02546435949493865,0.026487879554547372,2.771628356765602
24,demand_spike,baseline,21,0.9674134419551935,24957.0,21267.0,3690.0,994,27,89,0.025991116145714716,13.88995047340637,0.02560183696767101,0.026355662043078956,2.7731871241598873
24,demand_spike,baseline,22,0.9861660079051383,25901.0,22176.0,3725.0,966,7,126,0.026277634306446324,14.018113465481887,0.026265099678335145,0.025722738166566797,2.7746003911782564
24,demand_spike,baseline,23,1.0,26825.0,23100.0,3725.0,1000,0,123,0.02653152761410591,14.054470742709839,0.029124009097223392,0.0233504213755874,2.775887621625104
24,demand_spike,baseline,24,1.0,27852.0,24127.0,3725.0,1057,0,85,0.026710636277226314,14.095405386324744,0.029466229850491153,0.023157733537519144,2.7770649558941467
24,demand_spike,baseline,25,1.0,28829.0,25104.0,3725.0,1053,0,139,0.026708362394140314,14.201167814518545,0.03244514992268848,0.020864998944479633,2.7781458912619055
24,demand_spike,baseline,26,1.0,29923.0,26198.0,3725.0,1145,0,77,0.026598801053360353,14.526117713009358,0.03175468300482551,0.02074884917173049,2.7791418016481946
24,demand_spike,baseline,27,1.0,31089.0,27364.0,3725.0,1184,0,34,0.02642326875161029,14.896849499635332,0.03247946285714625,0.01964394633380774,2.7800623393667627
24,demand_spike,baseline,28,1.0,32245.0,28520.0,3725.0,1180,0,32,0.026247848303816042,15.287614528193442,0.03209213406338072,0.019238338168905942,2.7809157489857195
24,demand_spike,baseline,29,1.0,33427.0,29702.0,3725.0,1182,0,9,0.02611421951911187,15.653107988364368,0.03419512871804303,0.01753882572361106,2.7817091149407744
24,demand_spike,baseline,30,1.0,34574.0,30849.0,3725.0,1147,0,19,0.02598161874550835,15.911095531877141,0.03620464713621309,0.016209688135490584,2.782448558660316
24,demand_spike,baseline,31,1.0,35690.0,31965.0,3725.0,1119,0,23,0.0258286634868376,16.12524595574172,0.03763025160088375,0.015294085204431807,2.783139396817858
24,demand_spike,baseline,32,1.0,36764.0,33039.0,3725.0,1088,0,44,0.025704219112628476,16.27204183085443,0.03828588242558783,0.014821351700387427,2.783786269370488
24,demand_spike,baseline,33,1.0,37815.0,34090.0,3725.0,1077,0,51,0.02554636314306779,16.409013952539098,0.03780050711242221,0.014791710545277179,2.7843932439056993
24,demand_spike,baseline,34,1.0,38853.0,35128.0,3725.0,1070,0,67,0.025466794306883696,16.52536942488104,0.03735979607870861,0.014811499776906904,2.7849639012580525
24,demand_spike,baseline,35,1.0,39900.0,36175.0,3725.0,1091,0,66,0.02537064528983397,16.687645246282642,0.03688100237718288,0.014798931383577055,2.7855014062040904
24,demand_spike,baseline,36,1.0,40976.0,37251.0,3725.0,1102,0,54,0.025268375524762784,16.798838686872283,0.036811113378951967,0.014666843642155564,2.786008566183969
24,demand_spike,baseline,37,1.0,42049.0,38324.0,3725.0,1108,0,60,0.025181886898634896,16.924402831355135,0.0363213265331832,0.014701310670793777,2.786487880350696
24,demand_spike,baseline,38,1.0,43146.0,39421.0,3725.0,1119,0,42,0.025050057214839255,17.032023127523104,0.03619187886081897,0.014581543210384452,2.786941580756016
24,demand_spike,baseline,39,1.0,44229.0,40504.0,3725.0,1098,0,48,0.02492995752669931,17.07513221065353,0.03654227112833429,0.014333988335858914,2.787371667105411
24,demand_spike,baseline,40,1.0,45291.0,41566.0,3725.0,1098,0,61,0.02483580621928972,17.16521888325821,0.036192273324443795,0.014340178778681455,2.7877799362240223
24,demand_spike,baseline,41,1.0,46369.0,42644.0,3725.0,1092,0,42,0.024618948799647666,17.147329000991302,0.03670252328315364,0.014030015863738836,2.7881680071492405
24,demand_spike,baseline,42,1.0,47397.0,43672.0,3725.0,1064,0,78,0.02447155141187565,17.120777533508747,0.03652613958506567,0.014033234411701246,2.788537342589041
24,demand_spike,baseline,43,1.0,48441.0,44716.0,3725.0,1087,0,63,0.024246665486530386,17.114568857144732,0.037077200217427435,0.013700860823098477,2.7888892673456174
24,demand_spike,baseline,44,1.0,49508.0,45783.0,3725.0,1083,0,63,0.02418993372668144,17.1308336320626,0.03759373182942883,0.013466576275725855,2.7892249841935364
24,demand_spike,baseline,45,1.0,50562.0,46837.0,3725.0,1114,0,69,0.02410189372615315,17.25712537740346,0.03950645756846948,0.012673050344327128,2.7895455876134405
24,demand_spike,baseline,46,1.0,51687.0,47962.0,3725.0,1129,0,36,0.02402814884595572,17.292526134445843,0.040717110264487225,0.01223217675991219,2.7898520757117873
24,demand_spike,baseline,47,1.0,52779.0,49054.0,3725.0,1126,0,46,0.023888211956738403,17.353208082836733,0.04032909716782977,0.012233720102511307,2.7901453606001185
24,demand_spike,baseline,48,1.0,53889.0,50164.0,3725.0,1116,0,34,0.02378012887183896,17.36402909654653,0.04130855938593608,0.011881002752138995,2.7904262774612247
24,demand_spike,baseline,49,1.0,54964.0,51239.0,3725.0,1095,0,47,0.023677708066253883,17.377694221754453,0.0414144239143176,0.011789175135901678,2.790695592492017
24,demand_spike,baseline,50,1.0,56020.0,52295.0,3725.0,1087,0,59,0.02355983640466817,17.37310832818972,0.041171767508257885,0.011801645116683539,2.790954009882175
24,demand_spike,baseline,51,1.0,57087.0,53362.0,3725.0,1087,0,49,0.023417502879816896,17.345293909680258,0.04157821684063321,0.011633268822591794,2.7912021779624574
24,demand_spike,baseline,52,1.0,58117.0,54392.0,3725.0,1069,0,71,0.02323231120932758,17.277947444975602,0.04205807094972718,0.011453085772982036,2.79144069463568
24,demand_spike,baseline,53,1.0,59164.0,55439.0,3725.0,1079,0,66,0.023128404693124525,17.260449764317517,0.043188272505927404,0.011113827192778002,2.79167011218611
24,demand_spike,baseline,54,1.0,60220.0,56495.0,3725.0,1092,0,65,0.023047356440867053,17.266190904876762,0.04430064513818314,0.010792351452525028,2.791890941548781
24,demand_spike,baseline,55,1.0,61298.0,57573.0,3725.0,1112,0,57,0.02298670744066326,17.302362779292736,0.04441426482627949,0.010713153798521,2.7921036561081176
24,demand_spike,baseline,56,1.0,62394.0,58669.0,3725.0,1116,0,44,0.02287639384064616,17.294178488406345,0.04463465499840503,0.010613338528076386,2.7923086950853855
24,demand_spike,baseline,57,1.0,63480.0,59755.0,3725.0,1112,0,52,0.022792447121244244,17.296264752235697,0.04477179677682407,0.010539983239544014,2.7925064665659343
24,demand_spike,baseline,58,1.0,64573.0,60848.0,3725.0,1113,0,41,0.022677757344135067,17.288335852684693,0.04484998291813479,0.010472750526347158,2.7926973502101218
24,demand_spike,baseline,59,1.0,65642.0,61917.0,3725.0,1090,0,53,0.02256303221187385,17.245184079629063,0.04551437740341015,0.010292680272336652,2.792881699685883
24,demand_spike,baseline,60,1.0,66696.0,62971.0,3725.0,1086,0,63,0.022469004576851897,17.220213551463342,0.04548919090971403,0.010269678462662427,2.7930598448556796
24,demand_spike,baseline,61,1.0,67764.0,64039.0,3725.0,1095,0,54,0.02239257562421042,17.215019927770815,0.04566769104672921,0.010197188374313876,2.793232093746264
24,demand_spike,baseline,62,1.0,68798.0,65073.0,3725.0,1069,0,65,0.022013888499977433,16.96722927751114,0.04558785032123414,0.010188348414063457,2.7933987343261126
24,demand_spike,baseline,63,1.0,69816.0,66091.0,3725.0,1049,0,84,0.021866811691948006,16.861827771226395,0.04554215485623336,0.010193169148513337,2.793560036111947
24,demand_spike,baseline,64,1.0,70840.0,67115.0,3725.0,1084,0,83,0.021776456887676363,16.85289540906313,0.04719576496823762,0.009800029215544315,2.7937162516233403
24,demand_spike,baseline,65,1.0,71921.0,68196.0,3725.0,1102,0,61,0.021717182094601443,16.8286932077146,0.04791008378287817,0.009640960983965866,2.7938676177018142
24,demand_spike,baseline,66,1.0,73002.0,69277.0,3725.0,1127,0,63,0.021656242642122615,16.853157296429963,0.04858525362860913,0.009466048536368,2.794014356709004
24,demand_spike,baseline,67,1.0,74130.0,70405.0,3725.0,1142,0,30,0.02153450396023527,16.829511652366875,0.049104259714121065,0.0093259575741455,2.7941566776165505
24,demand_spike,baseline,68,1.0,75232.0,71507.0,3725.0,1107,0,40,0.02140450361130462,16.753829202354336,0.050035790460698434,0.009137725189682491,2.7942947769990774
24,demand_spike,baseline,69,1.0,76293.0,72568.0,3725.0,1098,0,55,0.021271001764104864,16.712011251419682,0.05000921941087297,0.009107854702725855,2.7944288399400232
24,demand_spike,baseline,70,1.0,77373.0,73648.0,3725.0,1090,0,51,0.02120362666641814,16.678572449235865,0.05072831390991738,0.008967833907327671,2.7945590408592302
24,demand_spike,baseline,71,1.0,78419.0,74694.0,3725.0,1090,0,62,0.021087662844141507,16.651192672984497,0.05135636834957337,0.008823803936209934,2.794685544270033
24,demand_spike,baseline,72,1.0,79480.0,75755.0,3725.0,1082,0,60,0.020987715302056547,16.587284762059074,0.05204672830672171,0.008698500103472163,2.7948085054727163
24,demand_spike,baseline,73,1.0,80526.0,76801.0,3725.0,1087,0,68,0.02090135400375047,16.555133743357015,0.052074840515839625,0.008674473870071493,2.794928071190567
24,demand_spike,baseline,74,1.0,81598.0,77873.0,3725.0,1100,0,57,0.020808544910533903,16.512177719645752,0.05216436208918598,0.008643203711352253,2.7950443801539047
24,demand_spike,baseline,75,1.0,82673.0,78948.0,3725.0,1102,0,54,0.020717128661698433,16.472502902493623,0.05206409177275549,0.00864222122948085,2.795157563637071
24,demand_spike,baseline,76,1.0,83749.0,80024.0,3725.0,1106,0,55,0.02060948716997454,16.425298766661246,0.05193830611535348,0.008642566151837639,2.7952677459526796
24,demand_spike,baseline,77,1.0,84829.0,81104.0,3725.0,1100,0,49,0.0204533088133468,16.33419118074624,0.052079630752164784,0.008601178506585134,2.7953750449070656
24,demand_spike,baseline,78,1.0,85900.0,82175.0,3725.0,1102,0,60,0.02040754082445574,16.327572223335956,0.052258298139348014,0.008555737967851676,2.79547957222046
24,demand_spike,baseline,79,1.0,87000.0,83275.0,3725.0,1124,0,40,0.020325043700635835,16.31736253952852,0.0527805218795675,0.008441812416585077,2.7955814339149834
24,demand_spike,baseline,80,1.0,88078.0,84353.0,3725.0,1100,0,48,0.02018624984752654,16.23627717258082,0.053425544068652873,0.00832401129768917,2.7956807306733618
24,demand_spike,baseline,81,1.0,89144.0,85419.0,3725.0,1089,0,61,0.020139903807977994,16.20947597506014,0.05349394542164883,0.00830770701744396,2.7957775581708755
24,demand_spike,baseline,82,1.0,90221.0,86496.0,3725.0,1114,0,48,0.020066112152164094,16.209704410661587,0.053310857768136176,0.008305297306136583,2.7958720073828247
24,demand_spike,baseline,83,1.0,91300.0,87575.0,3725.0,1088,0,49,0.01994311469411178,16.118128505769214,0.05403461175314019,0.008189827166103163,2.79596416486965
24,demand_spike,baseline,84,1.0,92349.0,88624.0,3725.0,1094,0,68,0.019894261135477525,16.110525440225878,0.05437121878892711,0.008122757142726025,2.796054113041519
24,demand_spike,baseline,85,1.0,93447.0,89722.0,3725.0,1116,0,40,0.019825737581650647,16.089200904977375,0.054487653876504526,0.008087933244856132,2.7961419304041195
24,demand_spike,baseline,86,1.0,94522.0,90797.0,3725.0,1101,0,55,0.019743745885250453,16.0428874384804,0.05476808341365147,0.008036129761350796,2.796227691787194
24,demand_spike,baseline,87,1.0,95610.0,91885.0,3725.0,1120,0,52,0.019693959320615045,16.038657989816134,0.05462546381920419,0.00803867236913439,2.7963114685571933
24,demand_spike,baseline,88,1.0,96723.0,92998.0,3725.0,1124,0,29,0.019611589907954412,16.00960569527266,0.05510987512707694,0.007948853323386006,2.7963933288153524
24,demand_spike,baseline,89,1.0,97795.0,94070.0,3725.0,1096,0,59,0.019556209294437434,15.974952041736943,0.055134374665319015,0.007939844141158071,2.7964733375823267
24,demand_spike,baseline,90,1.0,98880.0,95155.0,3725.0,1114,0,43,0.01947830078893048,15.955600154176619,0.05499546738444042,0.007937581472692024,2.7965515569704125
24,demand_spike,baseline,91,1.0,99954.0,96229.0,3725.0,1083,0,44,0.01931126186430174,15.829941889141349,0.05558697226438352,0.007847360504060754,2.7966280463443867
24,demand_spike,baseline,92,1.0,100975.0,97250.0,3725.0,1067,0,82,0.019265185705703795,15.801642446561614,0.05608920600251831,0.0077722247402695925,2.796702862471745
24,demand_spike,baseline,93,1.0,102045.0,98320.0,3725.0,1101,0,53,0.019181886613782707,15.763220504022767,0.05606590769851113,0.007760502044121421,2.796776059663222
24,demand_spike,baseline,94,1.0,103116.0,99391.0,3725.0,1097,0,59,0.01912728081327477,15.733863053899963,0.05664787450867803,0.007673004140104939,2.7968476899042547
24,demand_spike,baseline,95,1.0,104178.0,100453.0,3725.0,1106,0,61,0.019008744522638864,15.671095815789904,0.05774015751996187,0.0075109764479793515,2.7969178029781303
24,demand_spike,baseline,96,1.0,105276.0,101551.0,3725.0,1106,0,46,0.01896827415457985,15.64564945517784,0.05844641951255585,0.007416277121608397,2.796986446581357
24,demand_spike,baseline,97,1.0,106353.0,102628.0,3725.0,1123,0,60,0.018906784754992526,15.633392867328968,0.058910919805880306,0.0073395229925055,2.79705366643188
24,demand_spike,baseline,98,1.0,107492.0,103767.0,3725.0,1141,0,22,0.01885851417325605,15.623529645899541,0.05984354640806536,0.007211074331575916,2.7971195063706076
24,demand_spike,baseline,99,1.0,108584.0,104859.0,3725.0,1113,0,43,0.018765081242007733,15.570199933494877,0.060002063587421384,0.007180737256071678,2.7971840084567825
24,demand_spike,baseline,100,1.0,109665.0,105940.0,3725.0,1101,0,45,0.018662218657526562,15.504927493847477,0.06017141960099479,0.007151093003917395,2.7972472130575685
24,demand_spike,baseline,101,1.0,110733.0,107008.0,3725.0,1084,0,49,0.018605642439158715,15.466898687002503,0.06046037797745865,0.0071126281538463785,2.7973091589323
24,demand_spike,baseline,102,1.0,111753.0,108028.0,3725.0,1063,0,71,0.01841375983618837,15.321255824033697,0.06069640930464287,0.00707840186981756,2.7973698833117244
24,demand_spike,baseline,103,1.0,112786.0,109061.0,3725.0,1055,0,71,0.018362321231567048,15.27539914132427,0.06082339977173073,0.007064886411122739,2.797429421972659
24,demand_spike,baseline,104,1.0,113795.0,110070.0,3725.0,1071,0,88,0.018273867263020428,15.217735239119875,0.062021000005797904,0.00692107371794872,2.797487809308239
24,demand_spike,baseline,105,1.0,114864.0,111139.0,3725.0,1095,0,62,0.018224499029492802,15.187853820654599,0.06211001711701356,0.006905902589650402,2.7975450783941977
24,demand_spike,baseline,106,1.0,115927.0,112202.0,3725.0,1107,0,69,0.018167937507118675,15.158799802425758,0.06286373495759802,0.006814826671683638,2.797601261051332
24,demand_spike,baseline,107,1.0,117025.0,113300.0,3725.0,1120,0,43,0.018040252817462965,15.07460291115063,0.06317221410562678,0.006771365666064667,2.7976563879044654
24,demand_spike,baseline,108,1.0,118109.0,114384.0,3725.0,1101,0,54,0.01800241864379812,15.055033127729144,0.06370291657901081,0.006709452056224936,2.7977104884380997
24,demand_spike,baseline,109,1.0,119179.0,115454.0,3725.0,1108,0,59,0.017922756496400384,15.009559227357787,0.06513447217233066,0.006552619550169607,2.7977635910490344
24,demand_spike,baseline,110,1.0,120273.0,116548.0,3725.0,1102,0,35,0.017808127217342037,14.92629412284018,0.06577899597991693,0.006482759459344432,2.797815723096018
24,demand_spike,baseline,111,1.0,121315.0,117590.0,3725.0,1074,0,72,0.017761570917076173,14.889071602467054,0.06577656232115124,0.006482097085680954,2.7978669109468024
24,demand_spike,baseline,112,1.0,122380.0,118655.0,3725.0,1105,0,58,0.017717079293426863,14.879249268938494,0.06588091104409094,0.006459764094289546,2.797917180022566
24,demand_spike,baseline,113,1.0,123466.0,119741.0,3725.0,1109,0,53,0.017670735153794838,14.849875679389513,0.06655845388884123,0.006389782212632229,2.7979665548400394
24,demand_spike,baseline,114,1.0,124557.0,120832.0,3725.0,1124,0,52,0.017638797448521752,14.845544706764855,0.06673267281104982,0.006363327398217753,2.798015059051358
24,demand_spike,baseline,115,1.0,125655.0,121930.0,3725.0,1119,0,39,0.01750464965694506,14.755132487937725,0.06727885076949458,0.006301940533515985,2.798062715481859
24,demand_spike,baseline,116,1.0,126724.0,122999.0,3725.0,1076,0,49,0.017380833857060643,14.650319388529356,0.06795248168734645,0.006239553029231479,2.7981095461658847
24,demand_spike,baseline,117,1.0,127738.0,124013.0,3725.0,1063,0,82,0.017310944189694723,14.597709112682484,0.06835338526947482,0.006200178115285648,2.798155572380751
24,demand_spike,baseline,118,1.0,128800.0,125075.0,3725.0,1079,0,53,0.017240404058322258,14.541339768706022,0.06860265655813884,0.00617622637422,2.7982008146789923
24,demand_spike,baseline,119,1.0,129825.0,126100.0,3725.0,1076,0,84,0.017194866571133692,14.51033869639413,0.06912467167562616,0.006126358357188618,2.7982452929189408
24,demand_spike,dual_only,0,1.0,1076.0,1076.0,0.0,1077,0,89,,,,,
24,demand_spike,dual_only,1,1.0,2113.0,2113.0,0.0,1040,0,104,,,,,
24,demand_spike,dual_only,2,1.0,3161.0,3161.0,0.0,1067,0,84,3.480899795773297,1.5133781168165772,,,2.300085984522786
24,demand_spike,dual_only,3,1.0,4224.0,4224.0,0.0,1092,0,69,3.5178858702528784,1.4446071254270376,,,2.435185185185185
24,demand_spike,dual_only,4,1.0,5299.0,5299.0,0.0,1090,0,51,0.7036215883100109,1.0714729645742698,2.6419558359621447,0.09567164179104476,2.5980598903416285
24,demand_spike,dual_only,5,1.0,6341.0,6341.0,0.0,1078,0,73,0.7644047720230123,1.1673896118340563,2.48496993987976,0.09949596774193549,2.648383937316357
24,demand_spike,dual_only,6,1.0,7419.0,7419.0,0.0,1107,0,48,0.8153049518043772,1.1211817192136104,2.4744555261550993,0.10964876203010607,2.680159786950731
24,demand_spike,dual_only,7,1.0,8493.0,8493.0,0.0,1093,0,54,0.7698201130881052,1.11246078889408,2.2403904820012204,0.11431100217864924,2.7020463233640655
24,demand_spike,dual_only,8,1.0,9556.0,9556.0,0.0,1109,0,66,0.7788999973031441,1.0953225448902684,2.700258397932817,0.09688995215311004,2.7180385288966735
24,demand_spike,dual_only,9,1.0,10673.0,10673.0,0.0,1126,0,29,0.7909801188219631,1.074779099546558,3.012619372442019,0.08947507453111435,2.7302349511233066
24,demand_spike,dual_only,10,0.9950738916256158,11635.0,11625.0,10.0,979,2,60,0.17183436531761248,0.24756651796550017,2.7360372960372965,0.09259133042529988,2.739843630231489
24,demand_spike,dual_only,11,0.8164335664335665,13027.0,12492.0,535.0,900,105,109,0.03549716251664571,0.9160507107184018,0.15271382790629145,0.09235083064491814,2.7476091476091478
24,demand_spike,dual_only,12,0.7397820163487738,13986.0,13306.0,680.0,893,29,119,0.0234899685989063,2.8408623804450372,0.06348596833628083,0.04729204816602852,2.7540154293663845
24,demand_spike,dual_only,13,0.7681159420289855,15541.0,14206.0,1335.0,937,131,72,0.02366352618416732,4.185576631306123,0.04317652553673971,0.04745295775359846,2.759390626817071
24,demand_spike,dual_only,14,0.7744360902255639,16872.0,15057.0,1815.0,906,96,123,0.02367961069401419,7.061439028348731,0.027749927592806197,0.043720682302771874,2.763965127542783
24,demand_spike,dual_only,15,0.8335358444714459,18238.0,15903.0,2335.0,917,104,115,0.023840984573948263,8.553166116483926,0.02800572202524548,0.03595830873850781,2.7679054392467193
24,demand_spike,dual_only,16,0.8649289099526066,19576.0,16806.0,2770.0,934,87,85,0.024548984797889497,10.89306704667106,0.02238736079157929,0.036323814720504416,2.771334894613584
24,demand_spike,dual_only,17,0.8904109589041096,20626.0,17636.0,2990.0,903,44,139,0.024736452564588517,12.23593628825389,0.023566750552575018,0.030920019494232953,2.774346793349168
24,demand_spike,dual_only,18,0.9234184239733629,21768.0,18533.0,3235.0,950,49,93,0.02500462931487614,12.777619557526977,0.02324252434329129,0.030318607941982857,2.777013019321669
24,demand_spike,dual_only,19,0.9254859611231101,22828.0,19443.0,3385.0,953,30,108,0.025291009231604406,13.455754755473533,0.02217436564977958,0.030497021427936328,2.7793898517763314
24,demand_spike,dual_only,20,0.9453781512605042,23884.0,20329.0,3555.0,962,34,132,0.0255117045348617,13.598062415781218,0.02546435949493865,0.026487879554547372,2.7815219817005126
24,demand_spike,dual_only,21,0.9674134419551935,24974.0,21284.0,3690.0,995,27,89,0.02608725920653587,13.88995047340637,0.02560183696767101,0.026355662043078956,2.783445348425893
24,demand_spike,dual_only,22,0.9861660079051383,25919.0,22194.0,3725.0,967,7,126,0.02637791843066208,14.018113465481887,0.026265099678335145,0.025722738166566797,2.785189181897889
24,demand_spike,dual_only,23,1.0,26844.0,23119.0,3725.0,1001,0,123,0.026635611463934925,14.054470742709839,0.029124009097223392,0.0233504213755874,2.786777498550164
24,demand_spike,dual_only,24,1.0,27872.0,24147.0,3725.0,1058,0,85,0.026818027049259858,14.095405386324744,0.029466229850491153,0.023157733537519144,2.788230214052188
24,demand_spike,dual_only,25,1.0,28850.0,25125.0,3725.0,1054,0,139,0.026818132916129056,14.201167814518545,0.03244514992268848,0.020864998944479633,2.7895639827249603
24,demand_spike,dual_only,26,1.0,29945.0,26220.0,3725.0,1146,0,77,0.026710311599914265,14.526117713009358,0.03175468300482551,0.02074884917173049,2.7907928388746814
24,demand_spike,dual_only,27,1.0,31112.0,27387.0,3725.0,1185,0,34,0.026536053214701615,14.896849499635332,0.03247946285714625,0.01964394633380774,2.7919286925138076
24,demand_spike,dual_only,28,1.0,32269.0,28544.0,3725.0,1181,0,32,0.026361733698794635,15.287614528193442,0.03209213406338072,0.019238338168905942,2.7929817166341753
24,demand_spike,dual_only,29,1.0,33452.0,29727.0,3725.0,1183,0,9,0.0262292349050675,15.653107988364368,0.03419512871804303,0.01753882572361106,2.793960652737532
24,demand_spike,dual_only,30,1.0,34600.0,30875.0,3725.0,1148,0,19,0.026097634727834444,15.911095531877141,0.03620464713621309,0.016209688135490584,2.7948730540686553
24,demand_spike,dual_only,31,1.0,35717.0,31992.0,3725.0,1120,0,23,0.02594546745659838,16.12524595574172,0.03763025160088375,0.015294085204431807,2.7957254808834007
24,demand_spike,dual_only,32,1.0,36792.0,33067.0,3725.0,1089,0,44,0.025821830382953357,16.27204183085443,0.03828588242558783,0.014821351700387427,2.796523658435646
24,demand_spike,dual_only,33,1.0,37844.0,34119.0,3725.0,1078,0,51,0.025664529230046564,16.409013952539098,0.03780050711242221,0.014791710545277179,2.7972726057310933
24,demand_spike,dual_only,34,1.0,38883.0,35158.0,3725.0,1071,0,67,0.025585788781904605,16.52536942488104,0.03735979607870861,0.014811499776906904,2.797976741169859
24,demand_spike,dual_only,35,1.0,39931.0,36206.0,3725.0,1092,0,66,0.025490312734727905,16.687645246282642,0.03688100237718288,0.014798931383577055,2.798639969777106
24,demand_spike,dual_only,36,1.0,41008.0,37283.0,3725.0,1103,0,54,0.025388614796868488,16.798838686872283,0.036811113378951967,0.014666843642155564,2.7992657556597993
24,demand_spike,dual_only,37,1.0,42082.0,38357.0,3725.0,1109,0,60,0.025302707182022193,16.924402831355135,0.0363213265331832,0.014701310670793777,2.799857182528663
24,demand_spike,dual_only,38,1.0,43180.0,39455.0,3725.0,1120,0,42,0.025171179285912258,17.032023127523104,0.03619187886081897,0.014581543210384452,2.8004170045175503
24,demand_spike,dual_only,39,1.0,44264.0,40539.0,3725.0,1099,0,48,0.025051380031956245,17.07513221065353,0.03654227112833429,0.014333988335858914,2.80094768906773
24,demand_spike,dual_only,40,1.0,45327.0,41602.0,3725.0,1099,0,61,0.02495760318900791,17.16521888325821,0.036192273324443795,0.014340178778681455,2.80145145328593
24,demand_spike,dual_only,41,1.0,46406.0,42681.0,3725.0,1093,0,42,0.024740466963827513,17.147329000991302,0.03670252328315364,0.014030015863738836,2.8019302949061657
24,demand_spike,dual_only,42,1.0,47435.0,43710.0,3725.0,1065,0,78,0.024593084154473303,17.120777533508747,0.03652613958506567,0.014033234411701246,2.802386018767224
24,demand_spike,dual_only,43,1.0,48480.0,44755.0,3725.0,1088,0,63,0.024367781843398342,17.114568857144732,0.037077200217427435,0.013700860823098477,2.802820259545625
24,demand_spike,dual_only,44,1.0,49548.0,45823.0,3725.0,1084,0,63,0.02431143317309495,17.1308336320626,0.03759373182942883,0.013466576275725855,2.803234501347709
24,demand_spike,dual_only,45,1.0,50603.0,46878.0,3725.0,1115,0,69,0.02422358497702389,17.25712537740346,0.03950645756846948,0.012673050344327128,2.803630094655693
24,demand_spike,dual_only,46,1.0,51729.0,48004.0,3725.0,1130,0,36,0.02415007185803625,17.292526134445843,0.040717110264487225,0.01223217675991219,2.804008271035471
24,demand_spike,dual_only,47,1.0,52822.0,49097.0,3725.0,1127,0,46,0.02400999949189865,17.353208082836733,0.04032909716782977,0.012233720102511307,2.804370155943599
24,demand_spike,dual_only,48,1.0,53933.0,50208.0,3725.0,1117,0,34,0.023901913128501446,17.36402909654653,0.04130855938593608,0.011881002752138995,2.8047167799140738
24,demand_spike,dual_only,49,1.0,55009.0,51284.0,3725.0,1096,0,47,0.023799490565851483,17.377694221754453,0.0414144239143176,0.011789175135901678,2.8050490883590458
24,demand_spike,dual_only,50,1.0,56066.0,52341.0,3725.0,1088,0,59,0.02368151167203426,17.37310832818972,0.041171767508257885,0.011801645116683539,2.8053679501798072
24,demand_spike,dual_only,51,1.0,57134.0,53409.0,3725.0,1088,0,49,0.02353891931072797,17.345293909680258,0.04157821684063321,0.011633268822591794,2.805674165353201
24,demand_spike,dual_only,52,1.0,58165.0,54440.0,3725.0,1070,0,71,0.02335322147513681,17.277947444975602,0.04205807094972718,0.011453085772982036,2.8059684716328985
24,demand_spike,dual_only,53,1.0,59213.0,55488.0,3725.0,1080,0,66,0.023249208868547533,17.260449764317517,0.043188272505927404,0.011113827192778002,2.8062515504837524
24,demand_spike,dual_only,54,1.0,60270.0,56545.0,3725.0,1093,0,65,0.023168154160613505,17.266190904876762,0.04430064513818314,0.010792351452525028,2.806524032349679
24,demand_spike,dual_only,55,1.0,61349.0,57624.0,3725.0,1113,0,57,0.023107587719238428,17.302362779292736,0.04441426482627949,0.010713153798521,2.8067865013408384
24,demand_spike,dual_only,56,1.0,62446.0,58721.0,3725.0,1117,0,44,0.022997078090918943,17.294178488406345,0.04463465499840503,0.010613338528076386,2.807039499413374
24,demand_spike,dual_only,57,1.0,63533.0,59808.0,3725.0,1113,0,52,0.02291305756327835,17.296264752235697,0.04477179677682407,0.010539983239544014,2.8072835301047454
24,demand_spike,dual_only,58,1.0,64627.0,60902.0,3725.0,1114,0,41,0.02279811524135613,17.288335852684693,0.04484998291813479,0.010472750526347158,2.8075190618787604
24,demand_spike,dual_only,59,1.0,65697.0,61972.0,3725.0,1091,0,53,0.022683121677414084,17.245184079629063,0.04551437740341015,0.010292680272336652,2.8077465311271053
24,demand_spike,dual_only,60,1.0,66752.0,63027.0,3725.0,1087,0,63,0.022588921168547885,17.220213551463342,0.04548919090971403,0.010269678462662427,2.8079663448678374
24,demand_spike,dual_only,61,1.0,67821.0,64096.0,3725.0,1096,0,54,0.02251239993576388,17.215019927770815,0.04566769104672921,0.010197188374313876,2.808178883175895
24,demand_spike,dual_only,62,1.0,68856.0,65131.0,3725.0,1070,0,65,0.022131986572005033,16.96722927751114,0.04558785032123414,0.010188348414063457,2.8083845013762447
24,demand_spike,dual_only,63,1.0,69875.0,66150.0,3725.0,1050,0,84,0.021984409292094463,16.861827771226395,0.04554215485623336,0.010193169148513337,2.8085835320262045
24,demand_spike,dual_only,64,1.0,70900.0,67175.0,3725.0,1085,0,83,0.021893846835423086,16.85289540906313,0.04719576496823762,0.009800029215544315,2.8087762867102612
24,demand_spike,dual_only,65,1.0,71982.0,68257.0,3725.0,1103,0,61,0.02183452137598351,16.8286932077146,0.04791008378287817,0.009640960983965866,2.8089630576677225
24,demand_spike,dual_only,66,1.0,73064.0,69339.0,3725.0,1128,0,63,0.021773512551053528,16.853157296429963,0.04858525362860913,0.009466048536368,2.8091441192711217
24,demand_spike,dual_only,67,1.0,74193.0,70468.0,3725.0,1143,0,30,0.02165136526607139,16.829511652366875,0.049104259714121065,0.0093259575741455,2.8093197293710714
24,demand_spike,dual_only,68,1.0,75296.0,71571.0,3725.0,1108,0,40,0.021520901137443156,16.753829202354336,0.050035790460698434,0.009137725189682491,2.8094901305214433
24,demand_spike,dual_only,69,1.0,76358.0,72633.0,3725.0,1099,0,55,0.0213869064510502,16.712011251419682,0.05000921941087297,0.009107854702725855,2.809655551097127
24,demand_spike,dual_only,70,1.0,77439.0,73714.0,3725.0,1091,0,51,0.021319389917645138,16.678572449235865,0.05072831390991738,0.008967833907327671,2.8098162063151775
24,demand_spike,dual_only,71,1.0,78486.0,74761.0,3725.0,1091,0,62,0.021203011039200814,16.651192672984497,0.05135636834957337,0.008823803936209934,2.8099722991689733
24,demand_spike,dual_only,72,1.0,79548.0,75823.0,3725.0,1083,0,60,0.021102727720589024,16.587284762059074,0.05204672830672171,0.008698500103472163,2.8101240212839134
24,demand_spike,dual_only,73,1.0,80595.0,76870.0,3725.0,1088,0,68,0.021016097407321906,16.555133743357015,0.052074840515839625,0.008674473870071493,2.8102715537021887
24,demand_spike,dual_only,74,1.0,81668.0,77943.0,3725.0,1101,0,57,0.020922976596259954,16.512177719645752,0.05216436208918598,0.008643203711352253,2.810415067603474
24,demand_spike,dual_only,75,1.0,82744.0,79019.0,3725.0,1103,0,54,0.02083124923094888,16.472502902493623,0.05206409177275549,0.00864222122948085,2.8105547249674774
24,demand_spike,dual_only,76,1.0,83821.0,80096.0,3725.0,1107,0,55,0.02072320033573873,16.425298766661246,0.05193830611535348,0.008642566151837639,2.810690679183832
24,demand_spike,dual_only,77,1.0,84902.0,81177.0,3725.0,1101,0,49,0.02056633956504632,16.33419118074624,0.052079630752164784,0.008601178506585134,2.8108230756140458
24,demand_spike,dual_only,78,1.0,85974.0,82249.0,3725.0,1103,0,60,0.020520492916160683,16.327572223335956,0.052258298139348014,0.008555737967851676,2.81095205210997
24,demand_spike,dual_only,79,1.0,87075.0,83350.0,3725.0,1125,0,40,0.02043770830923617,16.31736253952852,0.0527805218795675,0.008441812416585077,2.8110777394925477
24,demand_spike,dual_only,80,1.0,88154.0,84429.0,3725.0,1101,0,48,0.020298308829557795,16.23627717258082,0.053425544068652873,0.00832401129768917,2.811200261994433
24,demand_spike,dual_only,81,1.0,89221.0,85496.0,3725.0,1090,0,61,0.020251864789693184,16.20947597506014,0.05349394542164883,0.00830770701744396,2.8113197376695735
24,demand_spike,dual_only,82,1.0,90299.0,86574.0,3725.0,1115,0,48,0.020177817700361343,16.209704410661587,0.053310857768136176,0.008305297306136583,2.8114362787726046
24,demand_spike,dual_only,83,1.0,91379.0,87654.0,3725.0,1089,0,49,0.020054285625476214,16.118128505769214,0.05403461175314019,0.008189827166103163,2.8115499921106633
24,demand_spike,dual_only,84,1.0,92429.0,88704.0,3725.0,1095,0,68,0.020005305865546885,16.110525440225878,0.05437121878892711,0.008122757142726025,2.8116609793698357
24,demand_spike,dual_only,85,1.0,93528.0,89803.0,3725.0,1117,0,40,0.01993654199654086,16.089200904977375,0.054487653876504526,0.008087933244856132,2.811769337418483
24,demand_spike,dual_only,86,1.0,94604.0,90879.0,3725.0,1102,0,55,0.019854230310103946,16.0428874384804,0.05476808341365147,0.008036129761350796,2.8118751585891912
24,demand_spike,dual_only,87,1.0,95693.0,91968.0,3725.0,1121,0,52,0.019804299850535795,16.038657989816134,0.05462546381920419,0.00803867236913439,2.811978530941195
24,demand_spike,dual_only,88,1.0,96807.0,93082.0,3725.0,1125,0,29,0.019721600008632677,16.00960569527266,0.05510987512707694,0.007948853323386006,2.8120795385047685
24,demand_spike,dual_only,89,1.0,97880.0,94155.0,3725.0,1097,0,59,0.019666036473955494,15.974952041736943,0.055134374665319015,0.007939844141158071,2.8121782615090454
24,demand_spike,dual_only,90,1.0,98966.0,95241.0,3725.0,1115,0,43,0.01958781480823967,15.955600154176619,0.05499546738444042,0.007937581472692024,2.8122747765945415
24,demand_spike,dual_only,91,1.0,100041.0,96316.0,3725.0,1084,0,44,0.019419957302197612,15.829941889141349,0.05558697226438352,0.007847360504060754,2.812369157011588
24,demand_spike,dual_only,92,1.0,101063.0,97338.0,3725.0,1068,0,82,0.019373739445402736,15.801642446561614,0.05608920600251831,0.0077722247402695925,2.8124614728057296
24,demand_spike,dual_only,93,1.0,102134.0,98409.0,3725.0,1102,0,53,0.01929008558399892,15.763220504022767,0.05606590769851113,0.007760502044121421,2.812551790991103
24,demand_spike,dual_only,94,1.0,103206.0,99481.0,3725.0,1098,0,59,0.019235283587929836,15.733863053899963,0.05664787450867803,0.007673004140104939,2.812640175712673
24,demand_spike,dual_only,95,1.0,104269.0,100544.0,3725.0,1107,0,61,0.01911618674486533,15.671095815789904,0.05774015751996187,0.0075109764479793515,2.812726688398145
24,demand_spike,dual_only,96,1.0,105368.0,101643.0,3725.0,1107,0,46,0.019075593882848744,15.64564945517784,0.05844641951255585,0.007416277121608397,2.8128113879003553
24,demand_spike,dual_only,97,1.0,106446.0,102721.0,3725.0,1124,0,60,0.019013860293792175,15.633392867328968,0.058910919805880306,0.0073395229925055,2.81289433063078
24,demand_spike,dual_only,98,1.0,107586.0,103861.0,3725.0,1142,0,22,0.01896541765482724,15.623529645899541,0.05984354640806536,0.007211074331575916,2.8129755706848236
24,demand_spike,dual_only,99,1.0,108679.0,104954.0,3725.0,1114,0,43,0.018871553839610127,15.570199933494877,0.060002063587421384,0.007180737256071678,2.813055159959477
24,demand_spike,dual_only,100,1.0,109761.0,106036.0,3725.0,1102,0,45,0.01876820385433565,15.504927493847477,0.06017141960099479,0.007151093003917395,2.8131331482638853
24,demand_spike,dual_only,101,1.0,110830.0,107105.0,3725.0,1085,0,49,0.018711400364329465,15.466898687002503,0.06046037797745865,0.0071126281538463785,2.8132095834232693
24,demand_spike,dual_only,102,1.0,111851.0,108126.0,3725.0,1064,0,71,0.018518518288340127,15.321255824033697,0.06069640930464287,0.00707840186981756,2.813284511376752
24,demand_spike,dual_only,103,1.0,112885.0,109160.0,3725.0,1056,0,71,0.01846687623068666,15.27539914132427,0.06082339977173073,0.007064886411122739,2.8133579762694176
24,demand_spike,dual_only,104,1.0,113895.0,110170.0,3725.0,1072,0,88,0.018378005644228528,15.217735239119875,0.062021000005797904,0.00692107371794872,2.8134300205390437
24,demand_spike,dual_only,105,1.0,114965.0,111240.0,3725.0,1096,0,62,0.01832844121055328,15.187853820654599,0.06211001711701356,0.006905902589650402,2.813500684997854
24,demand_spike,dual_only,106,1.0,116029.0,112304.0,3725.0,1108,0,69,0.018271640353265846,15.158799802425758,0.06286373495759802,0.006814826671683638,2.813570008909599
24,demand_spike,dual_only,107,1.0,117128.0,113403.0,3725.0,1121,0,43,0.018143307955403594,15.07460291115063,0.06317221410562678,0.006771365666064667,2.813638030062323
24,demand_spike,dual_only,108,1.0,118213.0,114488.0,3725.0,1102,0,54,0.018105337091177332,15.055033127729144,0.06370291657901081,0.006709452056224936,2.8137047848370327
24,demand_spike,dual_only,109,1.0,119284.0,115559.0,3725.0,1109,0,59,0.018025297145661166,15.009559227357787,0.06513447217233066,0.006552619550169607,2.81377030827258
24,demand_spike,dual_only,110,1.0,120379.0,116654.0,3725.0,1103,0,35,0.017910087758620158,14.92629412284018,0.06577899597991693,0.006482759459344432,2.8138346341270166
24,demand_spike,dual_only,111,1.0,121422.0,117697.0,3725.0,1075,0,72,0.017863339046830844,14.889071602467054,0.06577656232115124,0.006482097085680954,2.813897794935549
24,demand_spike,dual_only,112,1.0,122488.0,118763.0,3725.0,1106,0,58,0.017818665131341983,14.879249268938494,0.06588091104409094,0.006459764094289546,2.8139598220654425
24,demand_spike,dual_only,113,1.0,123575.0,119850.0,3725.0,1110,0,53,0.017772126414353228,14.849875679389513,0.06655845388884123,0.006389782212632229,2.814020745767943
24,demand_spike,dual_only,114,1.0,124667.0,120942.0,3725.0,1125,0,52,0.01774007522313407,14.845544706764855,0.06673267281104982,0.006363327398217753,2.814080595227478
24,demand_spike,dual_only,115,1.0,125766.0,122041.0,3725.0,1120,0,39,0.0176052252102437,14.755132487937725,0.06727885076949458,0.006301940533515985,2.814139398608289
24,demand_spike,dual_only,116,1.0,126836.0,123111.0,3725.0,1077,0,49,0.017480764378030846,14.650319388529356,0.06795248168734645,0.006239553029231479,2.8141971830985897
24,demand_spike,dual_only,117,1.0,127851.0,124126.0,3725.0,1064,0,82,0.017410537847464824,14.597709112682484,0.06835338526947482,0.006200178115285648,2.8142539749525235
24,demand_spike,dual_only,118,1.0,128914.0,125189.0,3725.0,1080,0,53,0.017339655479571975,14.541339768706022,0.06860265655813884,0.00617622637422,2.814309799529898
24,demand_spike,dual_only,119,1.0,129940.0,126215.0,3725.0,1077,0,84,0.01729391819241438,14.51033869639413,0.06912467167562616,0.006126358357188618,2.8143646813339687
24,demand_spike,safety_only,0,1.0,1418.0,1418.0,0.0,1419,0,89,,,,,
24,demand_spike,safety_only,1,1.0,2797.0,2797.0,0.0,1382,0,104,,,,,
24,demand_spike,safety_only,2,1.0,4187.0,4187.0,0.0,1409,0,84,3.480899795773297,1.5133781168165772,,,2.300085984522786
24,demand_spike,safety_only,3,1.0,5592.0,5592.0,0.0,1434,0,68,3.5772418343184573,1.4446071254270376,,,2.4762731481481484
24,demand_spike,safety_only,4,1.0,7009.0,7009.0,0.0,1432,0,50,0.7103608210551877,1.0714729645742698,2.6419558359621447,0.09567164179104476,2.6229439055250947
24,demand_spike,safety_only,5,1.0,8392.0,8392.0,0.0,1419,0,73,0.7688336458254136,1.1673896118340563,2.48496993987976,0.09949596774193549,2.6637283708782236
24,demand_spike,safety_only,6,1.0,9811.0,9811.0,0.0,1448,0,48,0.8181403724436019,1.1211817192136104,2.4744555261550993,0.10964876203010607,2.68948069241012
24,demand_spike,safety_only,7,1.0,11226.0,11226.0,0.0,1434,0,54,0.7712936369397219,1.11246078889408,2.2403904820012204,0.11431100217864924,2.7072183494490667
24,demand_spike,safety_only,8,1.0,12630.0,12630.0,0.0,1450,0,66,0.7795133922036546,1.0953225448902684,2.700258397932817,0.09688995215311004,2.720179023156256
24,demand_spike,safety_only,9,1.0,14088.0,14088.0,0.0,1467,0,29,0.7909304341411326,1.074779099546558,3.012619372442019,0.08947507453111435,2.73006345395301
24,demand_spike,safety_only,10,1.0,15379.0,15379.0,0.0,1318,0,60,0.17170937389252694,0.24756651796550017,2.7360372960372965,0.09259133042529988,2.7378506822014415
24,demand_spike,safety_only,11,0.9143356643356644,16728.0,16483.0,245.0,1137,49,157,0.03545239712808053,0.9160507107184018,0.15271382790629145,0.09235083064491814,2.7441441441441445
24,demand_spike,safety_only,12,0.8814713896457765,17967.0,17477.0,490.0,1110,49,176,0.0245263440813293,1.8979976448617264,0.2827147387288019,0.016624970129673792,2.7493360313646122
24,demand_spike,safety_only,13,0.8998682476943346,19423.0,18643.0,780.0,1215,58,84,0.02536919016501983,5.122899449055055,0.10312786378768046,0.11380499301675977,0.421942657566956
24,demand_spike,safety_only,14,0.8959899749373433,20668.0,19693.0,975.0,1117,39,217,0.02552185339827388,8.011973070862584,0.07134898750079849,0.10527827621324998,0.42407839631855154
24,demand_spike,safety_only,15,0.9635479951397327,21821.0,20786.0,1035.0,1207,12,163,0.02596392160478583,9.342162905802402,0.08370228824745467,0.07795545036106412,0.42593079146252877
24,demand_spike,safety_only,16,0.9786729857819905,23153.0,22028.0,1125.0,1272,18,95,0.025580980080756422,10.521589708686927,0.07639097733650772,0.09301956981828692,0.3421522687204232
24,demand_spike,safety_only,17,0.9954337899543378,24266.0,23121.0,1145.0,1184,4,228,0.025970118384093167,11.338304599415379,0.0823896959307047,0.08105559358126092,0.3429808867167045
24,demand_spike,safety_only,18,1.0,25530.0,24385.0,1145.0,1347,0,119,0.026357678646700546,11.496452491074345,0.08609058620389946,0.07747957355144319,0.3437165334871076
24,demand_spike,safety_only,19,1.0,26848.0,25703.0,1145.0,1346,0,123,0.026333133917158667,11.546212219815708,0.08693491796014788,0.07757894349770335,0.33816207728543524
24,demand_spike,safety_only,20,1.0,28071.0,26926.0,1145.0,1337,0,220,0.026573520135682212,11.617006118977667,0.10507129622170301,0.06429458244226706,0.3386073648624086
24,demand_spike,safety_only,21,1.0,29524.0,28379.0,1145.0,1517,0,74,0.026071546696942737,11.919445876372748,0.10161803005436053,0.07033915538784825,0.30601506694250363
24,demand_spike,safety_only,22,1.0,31040.0,29895.0,1145.0,1532,0,45,0.025947780527464562,12.162476348975206,0.10142002309439839,0.06864904105926017,0.3064220593493028
24,demand_spike,safety_only,23,1.0,32557.0,31412.0,1145.0,1544,0,29,0.025833882203267412,12.453227553170802,0.09884267887980978,0.06846372043840951,0.3065510076283729
24,demand_spike,safety_only,24,1.0,34098.0,32953.0,1145.0,1546,0,21,0.025581474736692655,12.631126515765304,0.10142010503405895,0.06577055779183438,0.30361827685044684
24,demand_spike,safety_only,25,1.0,35630.0,34485.0,1145.0,1532,0,9,0.0254916003348261,12.851177439363477,0.10311484263500954,0.06335131835248285,0.30365283516654046
24,demand_spike,safety_only,26,1.0,37121.0,35976.0,1145.0,1491,0,29,0.025442188723437915,12.934959730082996,0.10567874997581864,0.06128848253453541,0.3036846583322465
24,demand_spike,safety_only,27,1.0,38602.0,37457.0,1145.0,1481,0,17,0.02534651401523711,13.042171653350275,0.10752835492685651,0.0595086953344781,0.30371405870088597
24,demand_spike,safety_only,28,1.0,40043.0,38898.0,1145.0,1441,0,27,0.025266750708522707,13.108382698108484,0.10916784951100433,0.05813018120093844,0.3037413028089983
24,demand_spike,safety_only,29,1.0,41427.0,40282.0,1145.0,1411,0,63,0.02521679435217847,13.148746429218525,0.10840211679717762,0.058240851457760485,0.30376661947983447
24,demand_spike,safety_only,30,1.0,42822.0,41677.0,1145.0,1428,0,54,0.025134801535606124,13.214230763647976,0.10715883167624993,0.05842945492878866,0.3037902062657165
24,demand_spike,safety_only,31,1.0,44219.0,43074.0,1145.0,1428,0,58,0.025035926452495288,13.240041136384281,0.10619893298093225,0.05860692297379521,0.3038122346134105
24,demand_spike,safety_only,32,1.0,45616.0,44471.0,1145.0,1435,0,65,0.024948851033065322,13.266336966669048,0.10553935614626402,0.058647614537115506,0.3038328540383737
24,demand_spike,safety_only,33,1.0,47041.0,45896.0,1145.0,1450,0,45,0.02482306901020841,13.292449796216237,0.10485991289735183,0.05861092487544295,0.3038521955228743
24,demand_spike,safety_only,34,1.0,48456.0,47311.0,1145.0,1437,0,57,0.02477049958134219,13.299766197537034,0.10473917359606336,0.058518509459575124,0.3038703743012808
24,demand_spike,safety_only,35,1.0,49871.0,48726.0,1145.0,1451,0,55,0.024704411751230608,13.350848594778597,0.10377259527960116,0.058677302851088325,0.303887492157698
24,demand_spike,safety_only,36,1.0,51311.0,50166.0,1145.0,1450,0,39,0.024628596779978813,13.357014369014513,0.10475910255946558,0.05791653952240006,0.30390363933273706
24,demand_spike,safety_only,37,1.0,52717.0,51572.0,1145.0,1441,0,60,0.024570019298671683,13.382073713309977,0.10403015650737192,0.05807177822293802,0.30391889611485384
24,demand_spike,safety_only,38,1.0,54148.0,53003.0,1145.0,1451,0,41,0.024463573433936098,13.390041064196303,0.10378710799645689,0.05791835807703007,0.303933334175499
24,demand_spike,safety_only,39,1.0,55556.0,54411.0,1145.0,1427,0,54,0.024367041487154576,13.359816085650667,0.10391681001626588,0.05774556435791884,0.3039470176949416
24,demand_spike,safety_only,40,1.0,56949.0,55804.0,1145.0,1436,0,65,0.02429141605736586,13.377739862268953,0.10344008437629923,0.05775170066713281,0.3039600043160809
24,demand_spike,safety_only,41,1.0,58369.0,57224.0,1145.0,1432,0,42,0.02409648259980557,13.304360820783339,0.10422227324985203,0.05716958256198994,0.30397234595614175
24,demand_spike,safety_only,42,1.0,59733.0,58588.0,1145.0,1406,0,82,0.0239637815418606,13.245512686950933,0.10419772255163721,0.05711859273150683,0.30398408950036315
24,demand_spike,safety_only,43,1.0,61127.0,59982.0,1145.0,1432,0,59,0.02375930132231891,13.184756049136451,0.10495969205224505,0.05647707317414453,0.3039952773972221
24,demand_spike,safety_only,44,1.0,62534.0,61389.0,1145.0,1424,0,64,0.023714467763039603,13.163980822056727,0.10569703092759133,0.05606363749199893,0.3040059481711186
24,demand_spike,safety_only,45,1.0,63932.0,62787.0,1145.0,1456,0,67,0.023642795890713973,13.210084750251605,0.10794095738297024,0.05453939640508634,0.304016136865577
24,demand_spike,safety_only,46,1.0,65398.0,64253.0,1145.0,1469,0,35,0.02358125485872968,13.197693034032469,0.1095877364216119,0.05362859078087884,0.30402587542770376
24,demand_spike,safety_only,47,1.0,66827.0,65682.0,1145.0,1465,0,48,0.023456761261461345,13.199930844670575,0.1088441661772387,0.053699145826994775,0.304035193042794
24,demand_spike,safety_only,48,1.0,68280.0,67135.0,1145.0,1457,0,32,0.023361459620568976,13.171257688036071,0.11027492619704171,0.0529004477372497,0.3040441164264631
24,demand_spike,safety_only,49,1.0,69692.0,68547.0,1145.0,1434,0,49,0.02327080877256676,13.145998810880528,0.11035016323863182,0.05275894313455906,0.30405267008046816
24,demand_spike,safety_only,50,1.0,71090.0,69945.0,1145.0,1428,0,58,0.023163891244818123,13.109066267076171,0.11002089105282192,0.05282068844299618,0.304060876517374
24,demand_spike,safety_only,51,1.0,72497.0,71352.0,1145.0,1427,0,49,0.023032398229341666,13.05724599072095,0.11051963720905562,0.052489970199102585,0.30406875645840553
24,demand_spike,safety_only,52,1.0,73866.0,72721.0,1145.0,1409,0,72,0.02285836861065045,12.979877608511655,0.11105373403837049,0.0521505454507006,0.3040763290081451
24,demand_spike,safety_only,53,1.0,75256.0,74111.0,1145.0,1420,0,64,0.022765339570756934,12.942695131863621,0.11231541625823083,0.051501161677933754,0.30408361180917703
24,demand_spike,safety_only,54,1.0,76649.0,75504.0,1145.0,1431,0,67,0.02269433918724949,12.920847637538714,0.11357186182994852,0.05085723736536558,0.30409062117931274
24,demand_spike,safety_only,55,1.0,78069.0,76924.0,1145.0,1453,0,56,0.02264481250831216,12.922018874459654,0.11360953048270199,0.05072370005954447,0.3040973722336448
24,demand_spike,safety_only,56,1.0,79505.0,78360.0,1145.0,1456,0,44,0.022543228031158997,12.889914783917908,0.11386096937403684,0.05050905243670934,0.3041038789933527
24,demand_spike,safety_only,57,1.0,80930.0,79785.0,1145.0,1452,0,53,0.02246679666984964,12.866810883362119,0.11394390039010463,0.05039044964347981,0.3041101544829048
24,demand_spike,safety_only,58,1.0,82366.0,81221.0,1145.0,1454,0,39,0.022361108692942798,12.837226034336187,0.11403605198626965,0.0502273656243613,0.3041162108170765
24,demand_spike,safety_only,59,1.0,83774.0,82629.0,1145.0,1429,0,53,0.022256004721673987,12.785794762054895,0.11493558116125491,0.04979859125843765,0.3041220592790098
24,demand_spike,safety_only,60,1.0,85166.0,84021.0,1145.0,1425,0,64,0.022169615144726828,12.74805530352945,0.11494175932803516,0.04974854489285071,0.30412771039037056
24,demand_spike,safety_only,61,1.0,86574.0,85429.0,1145.0,1435,0,54,0.022102283978278525,12.72528884476482,0.11516921985518519,0.049587165781088204,0.3041331739745182
24,demand_spike,safety_only,62,1.0,87948.0,86803.0,1145.0,1409,0,65,0.02173366316569497,12.523556728081704,0.11506761035480474,0.0495884814542169,0.3041384592134957
24,demand_spike,safety_only,63,1.0,89306.0,88161.0,1145.0,1389,0,84,0.021591921579782434,12.438476400922879,0.11501402719791219,0.0496243294261604,0.3041435746995209
24,demand_spike,safety_only,64,1.0,90670.0,89525.0,1145.0,1424,0,83,0.021511752179606037,12.416209977889917,0.11718531915917295,0.04861024508052618,0.3041485284816013
24,demand_spike,safety_only,65,1.0,92091.0,90946.0,1145.0,1442,0,61,0.021461429919996736,12.387744241602137,0.11817377838977497,0.048200631673062724,0.30415332810779266
24,demand_spike,safety_only,66,1.0,93512.0,92367.0,1145.0,1467,0,63,0.02140904403449958,12.389624066992022,0.11900473386866219,0.04773926110112269,0.3041579806635748
24,demand_spike,safety_only,67,1.0,94980.0,93835.0,1145.0,1482,0,30,0.021293844436870022,12.355110712546503,0.11962685225308514,0.047366697012361875,0.3041624928067519
24,demand_spike,safety_only,68,1.0,96422.0,95277.0,1145.0,1447,0,40,0.021168851498887618,12.286190235860374,0.12090908666724685,0.046849958480789544,0.304166870799243
24,demand_spike,safety_only,69,1.0,97823.0,96678.0,1145.0,1438,0,55,0.021041691623448336,12.240239314478462,0.12080873355460472,0.046781531275073944,0.3041711205360736
24,demand_spike,safety_only,70,1.0,99243.0,98098.0,1145.0,1430,0,51,0.020978454841690503,12.206883101471249,0.12178635467839699,0.04639233268826775,0.3041752475718587
24,demand_spike,safety_only,71,1.0,100629.0,99484.0,1145.0,1430,0,62,0.020867413831054542,12.173291758903057,0.12255121791629167,0.04598470145859235,0.3041792571450269
24,demand_spike,safety_only,72,1.0,102030.0,100885.0,1145.0,1422,0,60,0.020771053779243587,12.115918315045194,0.12352400177010404,0.045626345166092666,0.30418315419999964
24,demand_spike,safety_only,73,1.0,103416.0,102271.0,1145.0,1427,0,68,0.020689538230059014,12.080139652532788,0.12355771414475893,0.04556888568432303,0.30418694340753477
24,demand_spike,safety_only,74,1.0,104828.0,103683.0,1145.0,1440,0,57,0.02060060058193336,12.036644815796997,0.12368677207049383,0.0454888910709453,0.3041906291834004
24,demand_spike,safety_only,75,1.0,106243.0,105098.0,1145.0,1442,0,54,0.020515834183176658,11.997175795882276,0.12355193468737889,0.04549981759595604,0.3041942157055408
24,demand_spike,safety_only,76,1.0,107659.0,106514.0,1145.0,1446,0,55,0.020412292492337798,11.951546972160866,0.12335678277225393,0.045514386168577885,0.3041977069298758
24,demand_spike,safety_only,77,1.0,109079.0,107934.0,1145.0,1440,0,49,0.0202615784525315,11.87666302697464,0.12352151148002573,0.045402049107695054,0.30420110660485494
24,demand_spike,safety_only,78,1.0,110490.0,109345.0,1145.0,1442,0,60,0.020221545540951066,11.86371874494368,0.12375322644345887,0.045276354910003765,0.30420441828488326
24,demand_spike,safety_only,79,1.0,111930.0,110785.0,1145.0,1464,0,40,0.020144722792580075,11.847160135994368,0.124381769612996,0.04493866647402807,0.30420764534271705
24,demand_spike,safety_only,80,1.0,113348.0,112203.0,1145.0,1440,0,48,0.020012496870874395,11.779744477237296,0.12525918791839558,0.044584222764282824,0.30421079098092074
24,demand_spike,safety_only,81,1.0,114754.0,113609.0,1145.0,1429,0,61,0.01996958764270804,11.753024783221878,0.12538499723893914,0.04454458080720242,0.30421385824246944
24,demand_spike,safety_only,82,1.0,116171.0,115026.0,1145.0,1454,0,48,0.019899518484786206,11.743160681483321,0.12503877155449492,0.04454814257487011,0.304216850020566
24,demand_spike,safety_only,83,1.0,117590.0,116445.0,1145.0,1428,0,49,0.019780067959469634,11.670615812004483,0.12606024475344332,0.04419452071923332,0.30421976906774395
24,demand_spike,safety_only,84,1.0,118979.0,117834.0,1145.0,1434,0,68,0.01973594310525138,11.656791550898372,0.126509001071047,0.043991212087139464,0.3042226180043158
24,demand_spike,safety_only,85,1.0,120417.0,119272.0,1145.0,1456,0,40,0.01967068855892325,11.632694117647057,0.12664296150350154,0.04388971151766329,0.3042253993262154
24,demand_spike,safety_only,86,1.0,121832.0,120687.0,1145.0,1441,0,55,0.019591319314738734,11.590858418931061,0.1270405073344071,0.04373272261941851,0.30422811541229305
24,demand_spike,safety_only,87,1.0,123260.0,122115.0,1145.0,1460,0,52,0.019544656195936216,11.579620726900234,0.12680840323072903,0.04375045075424587,0.304230768531101
24,demand_spike,safety_only,88,1.0,124713.0,123568.0,1145.0,1464,0,29,0.019465391521890904,11.550262509722579,0.12743585406857136,0.04346831640482384,0.3042333608472115
24,demand_spike,safety_only,89,1.0,126125.0,124980.0,1145.0,1436,0,59,0.01941354591043027,11.51952602394538,0.12749434561685652,0.0434479090747927,0.30423589442711
24,demand_spike,safety_only,90,1.0,127550.0,126405.0,1145.0,1454,0,43,0.019339757749122638,11.498385029834374,0.12723819497545702,0.04344929116684842,0.30423837124468445
24,demand_spike,safety_only,91,1.0,128964.0,127819.0,1145.0,1423,0,44,0.019176791602329383,11.402854616808662,0.12806948040835733,0.04316177230006542,0.30424079318635816
24,demand_spike,safety_only,92,1.0,130325.0,129180.0,1145.0,1407,0,82,0.019135899323553546,11.378965067764145,0.12878119919788694,0.04292129553634955,0.30424316205587976
24,demand_spike,safety_only,93,1.0,131735.0,130590.0,1145.0,1441,0,53,0.01905534619080716,11.344934256468328,0.12871568350149934,0.04289031721637515,0.3042454795788026
24,demand_spike,safety_only,94,1.0,133146.0,132001.0,1145.0,1437,0,59,0.019002559162650496,11.318973107993425,0.1295126207962497,0.04260549368291328,0.30424774740667826
24,demand_spike,safety_only,95,1.0,134548.0,133403.0,1145.0,1446,0,61,0.01888651326774418,11.266828397945277,0.1309814127762601,0.04206393502404583,0.30424996712097974
24,demand_spike,safety_only,96,1.0,135986.0,134841.0,1145.0,1446,0,46,0.018850452213528036,11.246243990700304,0.13196764997192276,0.04174583447964406,0.30425214023678077
24,demand_spike,safety_only,97,1.0,137403.0,136258.0,1145.0,1463,0,60,0.018791790599840947,11.23121701024598,0.1325549260574373,0.041486690783435,0.30425426820620444
24,demand_spike,safety_only,98,1.0,138882.0,137737.0,1145.0,1481,0,22,0.01874555059956015,11.218453266836415,0.1338089214908767,0.04104313190369347,0.30425635242165644
24,demand_spike,safety_only,99,1.0,140314.0,139169.0,1145.0,1453,0,43,0.018654208279227757,11.174031804764182,0.1340144105445156,0.04094235776598955,0.3042583942188682
24,demand_spike,safety_only,100,1.0,141735.0,140590.0,1145.0,1441,0,45,0.018554690136918205,11.122416886475506,0.13424126689868468,0.04084351121109769,0.3042603948797478
24,demand_spike,safety_only,101,1.0,143143.0,141998.0,1145.0,1424,0,49,0.01850367272772565,11.092687553476635,0.13466143531458127,0.040712680367196996,0.3042623556350651
24,demand_spike,safety_only,102,1.0,144503.0,143358.0,1145.0,1403,0,71,0.018316111580893954,10.983994970041856,0.13500059145813478,0.040596287291957654,0.30426427766697506
24,demand_spike,safety_only,103,1.0,145876.0,144731.0,1145.0,1395,0,71,0.01827644325538149,10.956540854763446,0.13518676751670083,0.040553690255537664,0.30426616211139823
24,demand_spike,safety_only,104,1.0,147225.0,146080.0,1145.0,1411,0,88,0.018192946540828335,10.911792374567186,0.1368566700561322,0.040039135019530374,0.304268010060255
24,demand_spike,safety_only,105,1.0,148634.0,147489.0,1145.0,1435,0,62,0.018148689841410548,10.890392710528964,0.1369617352423353,0.03998928203857685,0.30426982256357926
24,demand_spike,safety_only,106,1.0,150037.0,148892.0,1145.0,1447,0,69,0.018094475450999504,10.865328193501416,0.13800208109121323,0.03966030903293756,0.3042716006315047
24,demand_spike,safety_only,107,1.0,151475.0,150330.0,1145.0,1460,0,43,0.0179702992283533,10.801090693538825,0.1384121516751619,0.03950477264974459,0.304273345236144
24,demand_spike,safety_only,108,1.0,152899.0,151754.0,1145.0,1441,0,54,0.017937899995183366,10.78850065473872,0.13911638237318963,0.039279493380056894,0.30427505731336035
24,demand_spike,safety_only,109,1.0,154309.0,153164.0,1145.0,1448,0,59,0.017860806813682056,10.751734455060543,0.14109518090318865,0.03869382037681887,0.3042767377644424
24,demand_spike,safety_only,110,1.0,155743.0,154598.0,1145.0,1442,0,35,0.017750925768264182,10.689473155756051,0.1420035070161429,0.038432136719386646,0.30427838745768493
24,demand_spike,safety_only,111,1.0,157125.0,155980.0,1145.0,1414,0,72,0.01770690777668235,10.661248834126,0.1420180859602338,0.03843417580423108,0.30428000722988596
24,demand_spike,safety_only,112,1.0,158530.0,157385.0,1145.0,1445,0,58,0.017663572665406777,10.650568765323909,0.14211186815526017,0.038353032791182046,0.30428159788776205
24,demand_spike,safety_only,113,1.0,159956.0,158811.0,1145.0,1449,0,53,0.017618571378527487,10.625820395242158,0.1430691214188317,0.03808766872264382,0.3042831602092867
24,demand_spike,safety_only,114,1.0,161387.0,160242.0,1145.0,1464,0,52,0.017589626556047882,10.619639780373486,0.14328619235387144,0.03798939548899377,0.3042846949449605
24,demand_spike,safety_only,115,1.0,162825.0,161680.0,1145.0,1459,0,39,0.01745789362427094,10.551275246398541,0.1440245922025611,0.03775443501495853,0.3042862028190139
24,demand_spike,safety_only,116,1.0,164234.0,163089.0,1145.0,1416,0,49,0.017338652559361355,10.476603734786615,0.14498397487654213,0.0375137473250726,0.3042876845305441
24,demand_spike,safety_only,117,1.0,165588.0,164443.0,1145.0,1403,0,82,0.017269743915312566,10.435866472623118,0.14555834416262253,0.03736231895928592,0.30428914075459834
24,demand_spike,safety_only,118,1.0,166990.0,165845.0,1145.0,1419,0,53,0.017201217528249456,10.39336925862011,0.1459283859567174,0.0372713012023624,0.3042905721431988
24,demand_spike,safety_only,119,1.0,168355.0,167210.0,1145.0,1416,0,84,0.01715713729578861,10.36895140280582,0.14666220275754763,0.03707671758484621,0.3042919793263138
24,demand_spike,flex_only,0,1.0,1418.0,1418.0,0.0,1419,0,89,,,,,
24,demand_spike,flex_only,1,1.0,2797.0,2797.0,0.0,1382,0,104,,,,,
24,demand_spike,flex_only,2,1.0,4187.0,4187.0,0.0,1409,0,84,3.480899795773297,1.5133781168165772,,,2.300085984522786
24,demand_spike,flex_only,3,1.0,5592.0,5592.0,0.0,1434,0,68,3.5772418343184573,1.4446071254270376,,,2.4762731481481484
24,demand_spike,flex_only,4,1.0,7009.0,7009.0,0.0,1432,0,50,0.7103608210551877,1.0714729645742698,2.6419558359621447,0.09567164179104476,2.6229439055250947
24,demand_spike,flex_only,5,1.0,8392.0,8392.0,0.0,1419,0,73,0.7688336458254136,1.1673896118340563,2.48496993987976,0.09949596774193549,2.6637283708782236
24,demand_spike,flex_only,6,1.0,9811.0,9811.0,0.0,1448,0,48,0.8181403724436019,1.1211817192136104,2.4744555261550993,0.10964876203010607,2.68948069241012
24,demand_spike,flex_only,7,1.0,11226.0,11226.0,0.0,1434,0,54,0.7712936369397219,1.11246078889408,2.2403904820012204,0.11431100217864924,2.7072183494490667
24,demand_spike,flex_only,8,1.0,12630.0,12630.0,0.0,1450,0,66,0.7795133922036546,1.0953225448902684,2.700258397932817,0.09688995215311004,2.720179023156256
24,demand_spike,flex_only,9,1.0,14088.0,14088.0,0.0,1467,0,29,0.7909304341411326,1.074779099546558,3.012619372442019,0.08947507453111435,2.73006345395301
24,demand_spike,flex_only,10,1.0,15379.0,15379.0,0.0,1318,0,60,0.17170937389252694,0.24756651796550017,2.7360372960372965,0.09259133042529988,2.7378506822014415
24,demand_spike,flex_only,11,0.9143356643356644,16728.0,16483.0,245.0,1137,49,157,0.03545239712808053,0.9160507107184018,0.15271382790629145,0.09235083064491814,2.7441441441441445
24,demand_spike,flex_only,12,0.8814713896457765,17967.0,17477.0,490.0,1134,49,176,0.0245263440813293,1.8979976448617264,0.2827147387288019,0.016624970129673792,2.7493360313646122
24,demand_spike,flex_only,13,0.8998682476943346,19477.0,18697.0,780.0,1241,58,54,0.023842632390105603,5.122899449055055,0.10312786378768046,0.016388791899441344,2.7536922898011396
24,demand_spike,flex_only,14,0.8959899749373433,20748.0,19773.0,975.0,1149,39,187,0.02411477115696972,8.011973070862584,0.07134898750079849,0.015298756626290292,2.7573996340544613
24,demand_spike,flex_only,15,0.9635479951397327,21903.0,20868.0,1035.0,1213,12,163,0.024643300652755395,9.342162905802402,0.08370228824745467,0.011415941243970499,2.7605930081137933
24,demand_spike,flex_only,16,0.9786729857819905,23258.0,22133.0,1125.0,1278,18,78,0.02481330598792559,10.521589708686927,0.07639097733650772,0.01117176501300614,2.7633723653395807
24,demand_spike,flex_only,17,0.9954337899543378,24377.0,23232.0,1145.0,1203,4,211,0.025244675044028556,11.338304599415379,0.0823896959307047,0.009770704996577681,2.7658133192574996
24,demand_spike,flex_only,18,1.0,25643.0,24498.0,1145.0,1349,0,119,0.025669100320421023,11.496452491074345,0.08609058620389946,0.009369773810072896,2.7679741272078933
24,demand_spike,flex_only,19,1.0,26969.0,25824.0,1145.0,1354,0,117,0.025919597039138112,11.546212219815708,0.08693491796014788,0.009322455270280855,2.7699003999686296
24,demand_spike,flex_only,20,1.0,28200.0,27055.0,1145.0,1357,0,214,0.02618054228069743,11.617006118977667,0.10507129622170301,0.007738652294346915,2.771628356765602
24,demand_spike,flex_only,21,1.0,29680.0,28535.0,1145.0,1532,0,61,0.026056604349920676,11.919445876372748,0.10161803005436053,0.007757321767713226,2.7731871241598873
24,demand_spike,flex_only,22,1.0,31212.0,30067.0,1145.0,1548,0,31,0.02597686726690453,12.162476348975206,0.10142002309439839,0.0075899797681569965,2.7746003911782564
24,demand_spike,flex_only,23,1.0,32732.0,31587.0,1145.0,1547,0,28,0.025861365646691212,12.453227553170802,0.09884267887980978,0.007568732271437923,2.775887621625104
24,demand_spike,flex_only,24,1.0,34280.0,33135.0,1145.0,1548,0,16,0.02577986179977849,12.631126515765304,0.10142010503405895,0.007246501820969906,2.7770649558941467
24,demand_spike,flex_only,25,1.0,35814.0,34669.0,1145.0,1534,0,4,0.025680032747257456,12.851177439363477,0.10311484263500954,0.0069755173192558514,2.7781458912619055
24,demand_spike,flex_only,26,1.0,37302.0,36157.0,1145.0,1488,0,29,0.025621837803205778,12.934959730082996,0.10567874997581864,0.006744454396276129,2.7791418016481946
24,demand_spike,flex_only,27,1.0,38780.0,37635.0,1145.0,1478,0,17,0.025517815607121977,13.042171653350275,0.10752835492685651,0.0065450963915579755,2.7800623393667627
24,demand_spike,flex_only,28,1.0,40218.0,39073.0,1145.0,1440,0,27,0.0254304907945771,13.108382698108484,0.10916784951100433,0.006390326424589147,2.7809157489857195
24,demand_spike,flex_only,29,1.0,41601.0,40456.0,1145.0,1413,0,63,0.025373753027438106,13.148746429218525,0.10840211679717762,0.0063995712955360745,2.7817091149407744
24,demand_spike,flex_only,30,1.0,42998.0,41853.0,1145.0,1430,0,54,0.025285300232148374,13.214230763647976,0.10715883167624993,0.006417577382851073,2.782448558660316
24,demand_spike,flex_only,31,1.0,44397.0,43252.0,1145.0,1430,0,58,0.025180339177371235,13.240041136384281,0.10619893298093225,0.006434534429238813,2.783139396817858
24,demand_spike,flex_only,32,1.0,45796.0,44651.0,1145.0,1437,0,65,0.025087672120886327,13.266336966669048,0.10553935614626402,0.0064366369210828046,2.783786269370488
24,demand_spike,flex_only,33,1.0,47223.0,46078.0,1145.0,1452,0,45,0.02495647104125559,13.292449796216237,0.10485991289735183,0.006430401371497686,2.7843932439056993
24,demand_spike,flex_only,34,1.0,48640.0,47495.0,1145.0,1439,0,57,0.024899219895196795,13.299766197537034,0.10473917359606336,0.006418196673672461,2.7849639012580525
24,demand_spike,flex_only,35,1.0,50057.0,48912.0,1145.0,1453,0,55,0.024828680866066582,13.350848594778597,0.10377259527960116,0.006433669025169247,2.7855014062040904
24,demand_spike,flex_only,36,1.0,51499.0,50354.0,1145.0,1452,0,39,0.02474864243431599,13.357014369014513,0.10475910255946558,0.006348450989882479,2.786008566183969
24,demand_spike,flex_only,37,1.0,52907.0,51762.0,1145.0,1443,0,60,0.024686176311959174,13.382073713309977,0.10403015650737192,0.0063637630161883065,2.786487880350696
24,demand_spike,flex_only,38,1.0,54340.0,53195.0,1145.0,1453,0,41,0.02457584861405642,13.390041064196303,0.10378710799645689,0.0063453464390355666,2.786941580756016
24,demand_spike,flex_only,39,1.0,55750.0,54605.0,1145.0,1429,0,54,0.024475698836645462,13.359816085650667,0.10391681001626588,0.006324903931003934,2.787371667105411
24,demand_spike,flex_only,40,1.0,57145.0,56000.0,1145.0,1438,0,65,0.024396745474474617,13.377739862268953,0.10344008437629923,0.006324144644588578,2.7877799362240223
24,demand_spike,flex_only,41,1.0,58567.0,57422.0,1145.0,1434,0,42,0.024198159052161772,13.304360820783339,0.10422227324985203,0.006259055912929145,2.7881680071492405
24,demand_spike,flex_only,42,1.0,59933.0,58788.0,1145.0,1408,0,82,0.02406225155919245,13.245512686950933,0.10419772255163721,0.006252199083730224,2.788537342589041
24,demand_spike,flex_only,43,1.0,61329.0,60184.0,1145.0,1434,0,59,0.023854440706175012,13.184756049136451,0.10495969205224505,0.0061807805055515514,2.7888892673456174
24,demand_spike,flex_only,44,1.0,62738.0,61593.0,1145.0,1426,0,64,0.02380706528284649,13.163980822056727,0.10569703092759133,0.0061344027694407565,2.7892249841935364
24,demand_spike,flex_only,45,1.0,64138.0,62993.0,1145.0,1458,0,67,0.023732872432052656,13.210084750251605,0.10794095738297024,0.0059665731861951515,2.7895455876134405
24,demand_spike,flex_only,46,1.0,65606.0,64461.0,1145.0,1471,0,35,0.02366896736949745,13.197693034032469,0.1095877364216119,0.005865947273357085,2.7898520757117873
24,demand_spike,flex_only,47,1.0,67037.0,65892.0,1145.0,1467,0,48,0.023541990274668814,13.199930844670575,0.1088441661772387,0.00587272322705744,2.7901453606001185
24,demand_spike,flex_only,48,1.0,68492.0,67347.0,1145.0,1459,0,32,0.02344442103504458,13.171257688036071,0.11027492619704171,0.0057844881648606485,2.7904262774612247
24,demand_spike,flex_only,49,1.0,69906.0,68761.0,1145.0,1436,0,49,0.023351618954893617,13.145998810880528,0.11035016323863182,0.005768168788766393,2.790695592492017
24,demand_spike,flex_only,50,1.0,71306.0,70161.0,1145.0,1430,0,58,0.02324258795878802,13.109066267076171,0.11002089105282192,0.005774107780555309,2.790954009882175
24,demand_spike,flex_only,51,1.0,72715.0,71570.0,1145.0,1429,0,49,0.02310898922720152,13.05724599072095,0.11051963720905562,0.0057371818805113,2.7912021779624574
24,demand_spike,flex_only,52,1.0,74086.0,72941.0,1145.0,1411,0,72,0.022932802692740197,12.979877608511655,0.11105373403837049,0.005699345247693038,2.79144069463568
24,demand_spike,flex_only,53,1.0,75478.0,74333.0,1145.0,1422,0,64,0.0228379627714003,12.942695131863621,0.11231541625823083,0.005627677104709659,2.79167011218611
24,demand_spike,flex_only,54,1.0,76873.0,75728.0,1145.0,1433,0,67,0.02276529248440321,12.920847637538714,0.11357186182994852,0.00555664989234204,2.791890941548781
24,demand_spike,flex_only,55,1.0,78295.0,77150.0,1145.0,1455,0,56,0.022714226923248013,12.922018874459654,0.11360953048270199,0.005541422794468578,2.7921036561081176
24,demand_spike,flex_only,56,1.0,79733.0,78588.0,1145.0,1458,0,44,0.022611005980679954,12.889914783917908,0.11386096937403684,0.005517362681095369,2.7923086950853855
24,demand_spike,flex_only,57,1.0,81160.0,80015.0,1145.0,1454,0,53,0.022533073861119596,12.866810883362119,0.11394390039010463,0.005503820397803924,2.7925064665659343
24,demand_spike,flex_only,58,1.0,82598.0,81453.0,1145.0,1456,0,39,0.022425855778263514,12.837226034336187,0.11403605198626965,0.005485444058405429,2.7926973502101218
24,demand_spike,flex_only,59,1.0,84008.0,82863.0,1145.0,1431,0,53,0.022319278795023618,12.785794762054895,0.11493558116125491,0.005438077489908831,2.792881699685883
24,demand_spike,flex_only,60,1.0,85402.0,84257.0,1145.0,1427,0,64,0.022231520882975454,12.74805530352945,0.11494175932803516,0.005432092466876093,2.7930598448556796
24,demand_spike,flex_only,61,1.0,86812.0,85667.0,1145.0,1437,0,54,0.022162921512390715,12.72528884476482,0.11516921985518519,0.005413970825761491,2.793232093746264
24,demand_spike,flex_only,62,1.0,88188.0,87043.0,1145.0,1411,0,65,0.021792263709584373,12.523556728081704,0.11506761035480474,0.005413630774121231,2.7933987343261126
24,demand_spike,flex_only,63,1.0,89548.0,88403.0,1145.0,1391,0,84,0.021649155376192167,12.438476400922879,0.11501402719791219,0.005417076281336005,2.793560036111947
24,demand_spike,flex_only,64,1.0,90914.0,89769.0,1145.0,1426,0,83,0.021567825144283292,12.416209977889917,0.11718531915917295,0.005305933516784436,2.7937162516233403
24,demand_spike,flex_only,65,1.0,92337.0,91192.0,1145.0,1444,0,61,0.02151645652475495,12.387744241602137,0.11817377838977497,0.005260797371125341,2.7938676177018142
24,demand_spike,flex_only,66,1.0,93760.0,92615.0,1145.0,1469,0,63,0.021463052725548777,12.389624066992022,0.11900473386866219,0.005210033222716719,2.794014356709004
24,demand_spike,flex_only,67,1.0,95230.0,94085.0,1145.0,1484,0,30,0.02134671148515328,12.355110712546503,0.11962685225308514,0.005168980679497858,2.7941566776165505
24,demand_spike,flex_only,68,1.0,96674.0,95529.0,1145.0,1449,0,40,0.021220588550107163,12.286190235860374,0.12090908666724685,0.005112214052003455,2.7942947769990774
24,demand_spike,flex_only,69,1.0,98077.0,96932.0,1145.0,1440,0,55,0.021092328142583334,12.240239314478462,0.12080873355460472,0.005104382650174462,2.7944288399400232
24,demand_spike,flex_only,70,1.0,99499.0,98354.0,1145.0,1432,0,51,0.0210281755985883,12.206883101471249,0.12178635467839699,0.005061565819112569,2.7945590408592302
24,demand_spike,flex_only,71,1.0,100887.0,99742.0,1145.0,1432,0,62,0.020916134480928265,12.173291758903057,0.12255121791629167,0.005016754101343362,2.794685544270033
24,demand_spike,flex_only,72,1.0,102290.0,101145.0,1145.0,1424,0,60,0.02081883744117527,12.115918315045194,0.12352400177010404,0.004977333352828865,2.7948085054727163
24,demand_spike,flex_only,73,1.0,103678.0,102533.0,1145.0,1429,0,68,0.020736445656011876,12.080139652532788,0.12355771414475893,0.004970749325000021,2.794928071190567
24,demand_spike,flex_only,74,1.0,105092.0,103947.0,1145.0,1442,0,57,0.020646640163185875,12.036644815796997,0.12368677207049383,0.004961716884566288,2.7950443801539047
24,demand_spike,flex_only,75,1.0,106509.0,105364.0,1145.0,1444,0,54,0.020561039503838443,11.997175795882276,0.12355193468737889,0.004962610616289419,2.795157563637071
24,demand_spike,flex_only,76,1.0,107927.0,106782.0,1145.0,1448,0,55,0.020456645880746322,11.951546972160866,0.12335678277225393,0.004963909524089811,2.7952677459526796
24,demand_spike,flex_only,77,1.0,109349.0,108204.0,1145.0,1442,0,49,0.020305002104440816,11.87666302697464,0.12352151148002573,0.004951376182043321,2.7953750449070656
24,demand_spike,flex_only,78,1.0,110762.0,109617.0,1145.0,1444,0,60,0.020264298541998134,11.86371874494368,0.12375322644345887,0.004937395072124156,2.79547957222046
24,demand_spike,flex_only,79,1.0,112204.0,111059.0,1145.0,1466,0,40,0.020186746244065877,11.847160135994368,0.124381769612996,0.004900305838350168,2.7955814339149834
24,demand_spike,flex_only,80,1.0,113624.0,112479.0,1145.0,1442,0,48,0.020053695878507805,11.779744477237296,0.12525918791839558,0.00486140036917551,2.7956807306733618
24,demand_spike,flex_only,81,1.0,115032.0,113887.0,1145.0,1431,0,61,0.02001016507097571,11.753024783221878,0.12538499723893914,0.004856829191745508,2.7957775581708755
24,demand_spike,flex_only,82,1.0,116451.0,115306.0,1145.0,1456,0,48,0.019939435760778185,11.743160681483321,0.12503877155449492,0.004856975100729188,2.7958720073828247
24,demand_spike,flex_only,83,1.0,117872.0,116727.0,1145.0,1430,0,49,0.019819243962844228,11.670615812004483,0.12606024475344332,0.0048181860300334466,2.79596416486965
24,demand_spike,flex_only,84,1.0,119263.0,118118.0,1145.0,1436,0,68,0.0197745436633673,11.656791550898372,0.126509001071047,0.0047957931270853835,2.796054113041519
24,demand_spike,flex_only,85,1.0,120703.0,119558.0,1145.0,1458,0,40,0.019708687039150876,11.632694117647057,0.12664296150350154,0.004784506124541693,2.7961419304041195
24,demand_spike,flex_only,86,1.0,122120.0,120975.0,1145.0,1443,0,55,0.019628703444421428,11.590858418931061,0.1270405073344071,0.004767176821790105,2.796227691787194
24,demand_spike,flex_only,87,1.0,123550.0,122405.0,1145.0,1462,0,52,0.019581502414306225,11.579620726900234,0.12680840323072903,0.004768898704231795,2.7963114685571933
24,demand_spike,flex_only,88,1.0,125005.0,123860.0,1145.0,1466,0,29,0.01950165188565935,11.550262509722579,0.12743585406857136,0.004737941058769131,2.7963933288153524
24,demand_spike,flex_only,89,1.0,126419.0,125274.0,1145.0,1438,0,59,0.01944928466032465,11.51952602394538,0.12749434561685652,0.004735517166663385,2.7964733375823267
24,demand_spike,flex_only,90,1.0,127846.0,126701.0,1145.0,1456,0,43,0.019374947072524774,11.498385029834374,0.12723819497545702,0.00473547281508023,2.7965515569704125
24,demand_spike,flex_only,91,1.0,129262.0,128117.0,1145.0,1425,0,44,0.01921128371301463,11.402854616808662,0.12806948040835733,0.00470394724259151,2.7966280463443867
24,demand_spike,flex_only,92,1.0,130625.0,129480.0,1145.0,1409,0,82,0.01916992712112737,11.378965067764145,0.12878119919788694,0.004677555033001971,2.796702862471745
24,demand_spike,flex_only,93,1.0,132037.0,130892.0,1145.0,1443,0,53,0.019088850360819542,11.344934256468328,0.12871568350149934,0.004673999153074624,2.796776059663222
24,demand_spike,flex_only,94,1.0,133450.0,132305.0,1145.0,1439,0,59,0.01903559960416003,11.318973107993425,0.1295126207962497,0.004642785560310195,2.7968476899042547
24,demand_spike,flex_only,95,1.0,134854.0,133709.0,1145.0,1448,0,61,0.018918991376468332,11.266828397945277,0.1309814127762601,0.004583602268816781,2.7969178029781303
24,demand_spike,flex_only,96,1.0,136294.0,135149.0,1145.0,1448,0,46,0.01888251625135056,11.246243990700304,0.13196764997192276,0.00454877568413037,2.796986446581357
24,demand_spike,flex_only,97,1.0,137713.0,136568.0,1145.0,1465,0,60,0.018823411430372635,11.23121701024598,0.1325549260574373,0.004520378963096497,2.79705366643188
24,demand_spike,flex_only,98,1.0,139194.0,138049.0,1145.0,1483,0,22,0.018776758321000318,11.218453266836415,0.1338089214908767,0.004471894416637902,2.7971195063706076
24,demand_spike,flex_only,99,1.0,140628.0,139483.0,1145.0,1455,0,43,0.018684937281362526,11.174031804764182,0.1340144105445156,0.004460763557168418,2.7971840084567825
24,demand_spike,flex_only,100,1.0,142051.0,140906.0,1145.0,1443,0,45,0.01858493705428534,11.122416886475506,0.13424126689868468,0.004449846535035392,2.7972472130575685
24,demand_spike,flex_only,101,1.0,143461.0,142316.0,1145.0,1426,0,49,0.018533525738591877,11.092687553476635,0.13466143531458127,0.004435448679551769,2.7973091589323
24,demand_spike,flex_only,102,1.0,144823.0,143678.0,1145.0,1405,0,71,0.01834536066794456,10.983994970041856,0.13500059145813478,0.004422627508489644,2.7973698833117244
24,demand_spike,flex_only,103,1.0,146198.0,145053.0,1145.0,1397,0,71,0.01830533439449586,10.956540854763446,0.13518676751670083,0.00441784914871421,2.797429421972659
24,demand_spike,flex_only,104,1.0,147549.0,146404.0,1145.0,1413,0,88,0.0182214182923727,10.911792374567186,0.1368566700561322,0.004361661047660069,2.797487809308239
24,demand_spike,flex_only,105,1.0,148960.0,147815.0,1145.0,1437,0,62,0.018176811304470353,10.890392710528964,0.1369617352423353,0.004356099739224016,2.7975450783941977
24,demand_spike,flex_only,106,1.0,150365.0,149220.0,1145.0,1449,0,69,0.018122238208691945,10.865328193501416,0.13800208109121323,0.004320137155608133,2.797601261051332
24,demand_spike,flex_only,107,1.0,151805.0,150660.0,1145.0,1462,0,43,0.017997603936539857,10.801090693538825,0.1384121516751619,0.004303070731243288,2.7976563879044654
24,demand_spike,flex_only,108,1.0,153231.0,152086.0,1145.0,1443,0,54,0.01796489356395727,10.78850065473872,0.13911638237318963,0.004278411073474074,2.7977104884380997
24,demand_spike,flex_only,109,1.0,154643.0,153498.0,1145.0,1450,0,59,0.017887428546931358,10.751734455060543,0.14109518090318865,0.004214501253999649,2.7977635910490344
24,demand_spike,flex_only,110,1.0,156079.0,154934.0,1145.0,1444,0,35,0.01777713426564863,10.689473155756051,0.1420035070161429,0.00418588482888484,2.797815723096018
24,demand_spike,flex_only,111,1.0,157463.0,156318.0,1145.0,1416,0,72,0.017732807091562792,10.661248834126,0.1420180859602338,0.004185994972093552,2.7978669109468024
24,demand_spike,flex_only,112,1.0,158870.0,157725.0,1145.0,1447,0,58,0.017689169507879833,10.650568765323909,0.14211186815526017,0.004177047744109588,2.797917180022566
24,demand_spike,flex_only,113,1.0,160298.0,159153.0,1145.0,1451,0,53,0.01764386890134447,10.625820395242158,0.1430691214188317,0.00414803987136372,2.7979665548400394
24,demand_spike,flex_only,114,1.0,161731.0,160586.0,1145.0,1466,0,52,0.01761465304186607,10.619639780373486,0.14328619235387144,0.004137232408423871,2.798015059051358
24,demand_spike,flex_only,115,1.0,163171.0,162026.0,1145.0,1461,0,39,0.01748250902258166,10.551275246398541,0.1440245922025611,0.004111541800271329,2.798062715481859
24,demand_spike,flex_only,116,1.0,164582.0,163437.0,1145.0,1418,0,49,0.01736288166188131,10.476603734786615,0.14498397487654213,0.004085230563576808,2.7981095461658847
24,demand_spike,flex_only,117,1.0,165938.0,164793.0,1145.0,1405,0,82,0.017293663266838483,10.435866472623118,0.14555834416262253,0.004068642407091532,2.798155572380751
24,demand_spike,flex_only,118,1.0,167342.0,166197.0,1145.0,1421,0,53,0.017224833083740485,10.39336925862011,0.1459283859567174,0.004058635101822282,2.7982008146789923
24,demand_spike,flex_only,119,1.0,168709.0,167564.0,1145.0,1418,0,84,0.017180487605205692,10.36895140280582,0.14666220275754763,0.004037352425087646,2.7982452929189408
24,demand_spike,dynalloc_only,0,1.0,1418.0,1418.0,0.0,1419,0,89,,,,,
24,demand_spike,dynalloc_only,1,1.0,2797.0,2797.0,0.0,1382,0,104,,,,,
24,demand_spike,dynalloc_only,2,1.0,4187.0,4187.0,0.0,1409,0,84,3.480899795773297,1.5133781168165772,,,2.300085984522786
24,demand_spike,dynalloc_only,3,1.0,5592.0,5592.0,0.0,1434,0,68,3.5772418343184573,1.4446071254270376,,,2.4762731481481484
24,demand_spike,dynalloc_only,4,1.0,7009.0,7009.0,0.0,1432,0,50,0.7103608210551877,1.0714729645742698,2.6419558359621447,0.09567164179104476,2.6229439055250947
24,demand_spike,dynalloc_only,5,1.0,8392.0,8392.0,0.0,1419,0,73,0.7688336458254136,1.1673896118340563,2.48496993987976,0.09949596774193549,2.6637283708782236
24,demand_spike,dynalloc_only,6,1.0,9811.0,9811.0,0.0,1448,0,48,0.8181403724436019,1.1211817192136104,2.4744555261550993,0.10964876203010607,2.68948069241012
24,demand_spike,dynalloc_only,7,1.0,11226.0,11226.0,0.0,1434,0,54,0.7712936369397219,1.11246078889408,2.2403904820012204,0.11431100217864924,2.7072183494490667
24,demand_spike,dynalloc_only,8,1.0,12630.0,12630.0,0.0,1450,0,66,0.7795133922036546,1.0953225448902684,2.700258397932817,0.09688995215311004,2.720179023156256
24,demand_spike,dynalloc_only,9,1.0,14088.0,14088.0,0.0,1467,0,29,0.7909304341411326,1.074779099546558,3.012619372442019,0.08947507453111435,2.73006345395301
24,demand_spike,dynalloc_only,10,1.0,15379.0,15379.0,0.0,1318,0,60,0.17170937389252694,0.24756651796550017,2.7360372960372965,0.09259133042529988,2.7378506822014415
24,demand_spike,dynalloc_only,11,0.9143356643356644,16710.0,16465.0,245.0,1119,49,175,0.03545239712808053,0.9160507107184018,0.15271382790629145,0.09235083064491814,2.7441441441441445
24,demand_spike,dynalloc_only,12,0.9059945504087193,18013.0,17423.0,590.0,1078,69,194,0.02545259586595248,1.5246350876594164,0.4721234154048388,0.012861238964762697,2.7493360313646122
24,demand_spike,dynalloc_only,13,0.9090909090909091,19422.0,18582.0,840.0,1207,50,88,0.02544342425989661,5.35730838890376,0.13139203197555221,0.1154017984608615,0.31321842881519596
24,demand_spike,dynalloc_only,14,0.9135338345864662,20523.0,19538.0,985.0,1038,29,300,0.025111866205217572,7.8959382363757,0.09746775948963024,0.10379148765665692,0.3143782749015231
24,demand_spike,dynalloc_only,15,0.951397326852977,21682.0,20647.0,1035.0,1229,10,175,0.02781785855414976,9.108355623784455,0.15620402093018387,0.061994762784966115,0.31538171040133667
24,demand_spike,dynalloc_only,16,0.9383886255924171,22957.0,21877.0,1080.0,1308,9,165,0.028671946001136175,10.393635989819284,0.14883419707796888,0.17696142475945842,0.1047389780679797
24,demand_spike,dynalloc_only,17,0.9942922374429224,24042.0,22937.0,1105.0,1118,5,334,0.028920163142215145,10.491015265101048,0.15302601227973722,0.1717460245776192,0.1048893188983602
24,demand_spike,dynalloc_only,18,1.0,25291.0,24186.0,1105.0,1369,0,173,0.02903485077201321,10.624821321537997,0.20316011835646602,0.1280787183089569,0.10502254371088669
24,demand_spike,dynalloc_only,19,1.0,26642.0,25537.0,1105.0,1442,0,166,0.02841665541644031,10.609083769748361,0.21089279943653574,0.22675787013822085,0.05601069498363401
24,demand_spike,dynalloc_only,20,1.0,28063.0,26958.0,1105.0,1453,0,161,0.028274549910429398,10.845131326073028,0.20530238519301489,0.2267462759451718,0.05600499037999038
24,demand_spike,dynalloc_only,21,1.0,29638.0,28533.0,1105.0,1575,0,9,0.028139865352226668,10.993362522919913,0.20725615062582417,0.22054497283729196,0.05599985142517546
24,demand_spike,dynalloc_only,22,1.0,31141.0,30036.0,1105.0,1536,0,51,0.027486325316946475,11.099224097793892,0.20991434499497955,0.2199804870038442,0.05362876365357118
24,demand_spike,dynalloc_only,23,1.0,32655.0,31550.0,1105.0,1514,0,42,0.027404559072316464,11.21440282859748,0.2113813309614182,0.21575735648386132,0.053581445563445344
24,demand_spike,dynalloc_only,24,1.0,34165.0,33060.0,1105.0,1510,0,35,0.02737051277911727,11.223684992004445,0.21477354914848654,0.2120812466742344,0.053538278578861336
24,demand_spike,dynalloc_only,25,1.0,35665.0,34560.0,1105.0,1500,0,19,0.02727767204492026,11.335291098087867,0.21317221582466644,0.2110087562909185,0.05349873940341253
24,demand_spike,dynalloc_only,26,1.0,37126.0,36021.0,1105.0,1461,0,37,0.027270975044121036,11.334307698327393,0.21641343327668736,0.20795678265317563,0.05346238915073967
24,demand_spike,dynalloc_only,27,1.0,38552.0,37447.0,1105.0,1446,0,50,0.027177307282194307,11.383429578166027,0.21360707483769997,0.20919041596179538,0.05342885698461524
24,demand_spike,dynalloc_only,28,1.0,39987.0,38882.0,1105.0,1441,0,31,0.027101673404288318,11.400376564455536,0.21402268130988022,0.20801445851203162,0.05339782742199345
24,demand_spike,dynalloc_only,29,1.0,41372.0,40267.0,1105.0,1419,0,66,0.027063336645970413,11.3962406848689,0.21269519358092115,0.20920532689454172,0.0533690303766233
24,demand_spike,dynalloc_only,30,1.0,42779.0,41674.0,1105.0,1443,0,53,0.026976800314823957,11.420813283675246,0.2105210889080368,0.21034229291998813,0.05334223327706534
24,demand_spike,dynalloc_only,31,1.0,44206.0,43101.0,1105.0,1439,0,42,0.026887333320490127,11.397988684160742,0.2111988399164712,0.2094885853770983,0.05331723477180107
24,demand_spike,dynalloc_only,32,1.0,45596.0,44491.0,1105.0,1433,0,67,0.026800804783040366,11.393060888006621,0.20999881146882363,0.210190656306485,0.05329385966070597
24,demand_spike,dynalloc_only,33,1.0,47030.0,45925.0,1105.0,1446,0,36,0.026677014184722504,11.37089572085026,0.21040567900254367,0.20930830084240562,0.05327195478291415
24,demand_spike,dynalloc_only,34,1.0,48428.0,47323.0,1105.0,1426,0,61,0.02663394119640662,11.355401960819087,0.2098437460115691,0.20989687899081955,0.05325138565695226
24,demand_spike,dynalloc_only,35,1.0,49835.0,48730.0,1105.0,1443,0,56,0.02656814002715996,11.365945995412766,0.20841795441814567,0.21069167494398122,0.05323203371733816
24,demand_spike,dynalloc_only,36,1.0,51267.0,50162.0,1105.0,1443,0,40,0.0264940544395554,11.345123902973349,0.20953988433229725,0.2094345157630978,0.05321379402765755
24,demand_spike,dynalloc_only,37,1.0,52663.0,51558.0,1105.0,1437,0,64,0.026431329387146364,11.34440432382199,0.2084791005988,0.21008310470976424,0.053196573376947456
24,demand_spike,dynalloc_only,38,1.0,54095.0,52990.0,1105.0,1447,0,40,0.02632466112438871,11.317368510372855,0.20877121493153866,0.20950578657640367,0.053180288686469956
24,demand_spike,dynalloc_only,39,1.0,55494.0,54389.0,1105.0,1426,0,58,0.026226496510510646,11.279326265172806,0.2082991027347014,0.2099640781689238,0.05316486566939355
24,demand_spike,dynalloc_only,40,1.0,56895.0,55790.0,1105.0,1436,0,60,0.026153042969919268,11.26717768407739,0.20750116540825012,0.2104657022643953,0.053150237697752414
24,demand_spike,dynalloc_only,41,1.0,58308.0,57203.0,1105.0,1429,0,44,0.025948136427991063,11.190212042640729,0.20787074125340319,0.20993401666297254,0.053136344840224475
24,demand_spike,dynalloc_only,42,1.0,59674.0,58569.0,1105.0,1404,0,79,0.025816226525861904,11.125469884399637,0.20762674601346706,0.2103814395936732,0.0531231330414205
24,demand_spike,dynalloc_only,43,1.0,61063.0,59958.0,1105.0,1426,0,59,0.02560292868817447,11.05659557309691,0.20766788118531435,0.20995105609070336,0.053110553418984977
24,demand_spike,dynalloc_only,44,1.0,62461.0,61356.0,1105.0,1420,0,67,0.02556589515925352,11.032561966102145,0.20781851143703223,0.2099992005800703,0.053098561659238985
24,demand_spike,dynalloc_only,45,1.0,63861.0,62756.0,1105.0,1453,0,64,0.025488113902193382,11.048360082631495,0.20894358117472478,0.20798006055794857,0.05308711749561575
24,demand_spike,dynalloc_only,46,1.0,65322.0,64217.0,1105.0,1465,0,34,0.025427774941589057,11.027924582460635,0.21088813121329422,0.20599787485341098,0.053076184256952215
24,demand_spike,dynalloc_only,47,1.0,66744.0,65639.0,1105.0,1459,0,50,0.025292002275933236,11.011527269335021,0.20989197544489283,0.20621758096374965,0.05306572847495896
24,demand_spike,dynalloc_only,48,1.0,68191.0,67086.0,1105.0,1453,0,34,0.025194117116103785,10.975224983100963,0.21150204456288527,0.20456858132754804,0.05305571954201718
24,demand_spike,dynalloc_only,49,1.0,69601.0,68496.0,1105.0,1432,0,49,0.02510037642729512,10.94203513493955,0.2114177281212607,0.20454413324735193,0.05304612941193153
24,demand_spike,dynalloc_only,50,1.0,70997.0,69892.0,1105.0,1426,0,58,0.024988618772764974,10.899927772530882,0.2109581494390325,0.20490092915356103,0.05303693233747757
24,demand_spike,dynalloc_only,51,1.0,72402.0,71297.0,1105.0,1425,0,49,0.024850033254477117,10.846616868781018,0.21158254092291126,0.20419577003290604,0.053028104639571236
24,demand_spike,dynalloc_only,52,1.0,73771.0,72666.0,1105.0,1407,0,70,0.02466529358514121,10.774256078333018,0.2121641424453647,0.20351215905449838,0.05301962450370322
24,demand_spike,dynalloc_only,53,1.0,75155.0,74050.0,1105.0,1416,0,66,0.02456999857024206,10.736521934881868,0.2140624628318794,0.20166528091693636,0.053011471799952956
24,demand_spike,dynalloc_only,54,1.0,76548.0,75443.0,1105.0,1429,0,65,0.02449785881291215,10.709838074155691,0.21596034352993482,0.1998322675512454,0.05300362792345674
24,demand_spike,dynalloc_only,55,1.0,77964.0,76859.0,1105.0,1449,0,56,0.02444824318467269,10.702213880686363,0.2161058626208273,0.19946365399498744,0.052996075652667805
24,demand_spike,dynalloc_only,56,1.0,79395.0,78290.0,1105.0,1452,0,45,0.024340355537961374,10.666503950794239,0.2163844496368337,0.1990190713555417,0.052988799023136676
24,demand_spike,dynalloc_only,57,1.0,80818.0,79713.0,1105.0,1449,0,52,0.024259905260013523,10.638719698266383,0.21656966642821568,0.19873553809903255,0.05298178321486339
24,demand_spike,dynalloc_only,58,1.0,82248.0,81143.0,1105.0,1450,0,41,0.02414693492128641,10.60602396444005,0.21653099974359302,0.19848068158005805,0.05297501445154996
24,demand_spike,dynalloc_only,59,1.0,83653.0,82548.0,1105.0,1427,0,54,0.02403909963917298,10.557555551824281,0.2177936345614453,0.1973749941045171,0.05296847991031114
24,demand_spike,dynalloc_only,60,1.0,85046.0,83941.0,1105.0,1424,0,62,0.023949409684279353,10.520250612535895,0.21780411695742286,0.19734989120331334,0.052962167640599314
24,demand_spike,dynalloc_only,61,1.0,86450.0,85345.0,1105.0,1432,0,55,0.02388122039259367,10.495333520381,0.21814505482485277,0.19696959020169122,0.052956066491263304
24,demand_spike,dynalloc_only,62,1.0,87824.0,86719.0,1105.0,1407,0,63,0.02348584154001846,10.322646126901999,0.21808576267675198,0.19702459623596613,0.05295016604480693
24,demand_spike,dynalloc_only,63,1.0,89177.0,88072.0,1105.0,1385,0,85,0.023335466492429093,10.25308767176995,0.21796768564335525,0.19721920708067886,0.05294445655802902
24,demand_spike,dynalloc_only,64,1.0,90539.0,89434.0,1105.0,1421,0,82,0.023252748241465417,10.229999094831085,0.2205106990561264,0.19471252022910288,0.05293892890833615
24,demand_spike,dynalloc_only,65,1.0,91956.0,90851.0,1105.0,1438,0,61,0.023205387721401825,10.204683461839059,0.22183548986782448,0.19365425408862247,0.05293357454510372
24,demand_spike,dynalloc_only,66,1.0,93372.0,92267.0,1105.0,1463,0,64,0.023150232103283742,10.20085303586442,0.22299389055595323,0.19228138777049414,0.05292838544554133
24,demand_spike,dynalloc_only,67,1.0,94837.0,93732.0,1105.0,1479,0,30,0.02302484608105374,10.166180523829366,0.22369557957764405,0.19130845127766133,0.05292335407458195
24,demand_spike,dynalloc_only,68,1.0,96275.0,95170.0,1105.0,1444,0,41,0.022892286216365198,10.105275073162087,0.22527956569344157,0.190025515966142,0.05291847334837529
24,demand_spike,dynalloc_only,69,1.0,97675.0,96570.0,1105.0,1436,0,54,0.022754464774103065,10.062020706552165,0.2249685405118611,0.18997270030195498,0.05291373660101056
24,demand_spike,dynalloc_only,70,1.0,99092.0,97987.0,1105.0,1427,0,51,0.022688192936895484,10.032990638697838,0.22622940961444718,0.18892514106042987,0.05290913755414201
24,demand_spike,dynalloc_only,71,1.0,100475.0,99370.0,1105.0,1427,0,62,0.02256607336190524,10.000729782420583,0.2270915549511999,0.18781458138979884,0.052904670289226
24,demand_spike,dynalloc_only,72,1.0,101873.0,100768.0,1105.0,1419,0,60,0.02246431056625274,9.950518775849384,0.22841315321254554,0.18683915176888108,0.052900329222109854
24,demand_spike,dynalloc_only,73,1.0,103256.0,102151.0,1105.0,1424,0,68,0.022377826954829795,9.916932297689105,0.22844114186070538,0.18674221812245562,0.05289610907974538
24,demand_spike,dynalloc_only,74,1.0,104665.0,103560.0,1105.0,1437,0,57,0.022282984577144952,9.876966261549603,0.2286138397792689,0.18657662894219562,0.052892004878820884
24,demand_spike,dynalloc_only,75,1.0,106077.0,104972.0,1105.0,1439,0,54,0.02219486137877162,9.841262221852908,0.22843061492112196,0.18667668596772385,0.052888011906130857
24,demand_spike,dynalloc_only,76,1.0,107490.0,106385.0,1105.0,1443,0,55,0.022083156276848346,9.79993686420446,0.22812293433674546,0.18678568523642639,0.05288412570052013
24,demand_spike,dynalloc_only,77,1.0,108907.0,107802.0,1105.0,1437,0,49,0.0219213018643047,9.736241124212565,0.22827524950164912,0.18651851104673875,0.05288034203625748
24,demand_spike,dynalloc_only,78,1.0,110315.0,109210.0,1105.0,1439,0,60,0.021880934658445438,9.723534646543488,0.2285473837858676,0.18620933950776708,0.05287665690770811
24,demand_spike,dynalloc_only,79,1.0,111752.0,110647.0,1105.0,1461,0,40,0.021797387173066767,9.707154709223886,0.22923299167314282,0.1852681929302976,0.052873066515188215
24,demand_spike,dynalloc_only,80,1.0,113167.0,112062.0,1105.0,1437,0,48,0.021657460468971945,9.649344279172835,0.23038205439456913,0.18427029289095914,0.05286956725189658
24,demand_spike,dynalloc_only,81,1.0,114570.0,113465.0,1105.0,1426,0,61,0.02161396320023743,9.625585959604768,0.23057906444584636,0.18420848364704784,0.05286615569182911
24,demand_spike,dynalloc_only,82,1.0,115984.0,114879.0,1105.0,1451,0,48,0.0215357509446822,9.613819941487078,0.22995808247035687,0.18427438055698514,0.05286282857859026
24,demand_spike,dynalloc_only,83,1.0,117400.0,116295.0,1105.0,1425,0,49,0.021408977309213126,9.553080599225922,0.23133589877248018,0.18326761024094174,0.05285958281502573
24,demand_spike,dynalloc_only,84,1.0,118786.0,117681.0,1105.0,1431,0,68,0.021363217083441598,9.53898752873336,0.23190501907597508,0.1827075597312585,0.052856415453606254
24,demand_spike,dynalloc_only,85,1.0,120221.0,119116.0,1105.0,1453,0,40,0.02129276363858218,9.51618257918552,0.23203242608523744,0.18245185499171634,0.05285332368749955
24,demand_spike,dynalloc_only,86,1.0,121633.0,120528.0,1105.0,1438,0,55,0.02120794168545478,9.47899066115546,0.23257045085590689,0.18202640575437223,0.05285030484227459
24,demand_spike,dynalloc_only,87,1.0,123058.0,121953.0,1105.0,1457,0,52,0.021157304247288167,9.466884663427443,0.2321951421830979,0.18212805460376683,0.05284735636818561
24,demand_spike,dynalloc_only,88,1.0,124508.0,123403.0,1105.0,1461,0,29,0.021070983562112382,9.439763201106212,0.23295982322857378,0.18131890418327037,0.052844475832989464
24,demand_spike,dynalloc_only,89,1.0,125917.0,124812.0,1105.0,1433,0,59,0.021017665029357233,9.413178881712746,0.23306029953815716,0.18130233364784,0.052841660915254295
24,demand_spike,dynalloc_only,90,1.0,127339.0,126234.0,1105.0,1451,0,43,0.020937334577785398,9.39343390668352,0.2326072615280908,0.18135097532259414,0.052838909398119666
24,demand_spike,dynalloc_only,91,1.0,128750.0,127645.0,1105.0,1420,0,44,0.020763218824364493,9.314290223828328,0.23371855674755682,0.1805177809744395,0.05283621916347405
24,demand_spike,dynalloc_only,92,1.0,130108.0,129003.0,1105.0,1404,0,82,0.020723115423312698,9.294581705667158,0.2346752322035479,0.17982407434208925,0.052833588186517295
24,demand_spike,dynalloc_only,93,1.0,131515.0,130410.0,1105.0,1438,0,53,0.020635629283221088,9.264658752921553,0.2345210875040404,0.17977009158213747,0.05283101453067761
24,demand_spike,dynalloc_only,94,1.0,132923.0,131818.0,1105.0,1434,0,59,0.020578785993833084,9.242283772294435,0.23554690488747865,0.1789347951717009,0.05282849634285832
24,demand_spike,dynalloc_only,95,1.0,134322.0,133217.0,1105.0,1443,0,61,0.020452029133758518,9.197053802144026,0.23742730689101763,0.17730011625431857,0.0528260318489877
24,demand_spike,dynalloc_only,96,1.0,135757.0,134652.0,1105.0,1443,0,46,0.020416324454767196,9.180637824829782,0.23872806667637686,0.17634902721661963,0.05282361934985125
24,demand_spike,dynalloc_only,97,1.0,137171.0,136066.0,1105.0,1460,0,60,0.02035184455098685,9.16612095014919,0.23940987161880864,0.17557691165305386,0.05282125721718447
24,demand_spike,dynalloc_only,98,1.0,138647.0,137542.0,1105.0,1478,0,22,0.02030096948079913,9.153765800446287,0.2410042973731792,0.17422179408002647,0.052818943890007845
24,demand_spike,dynalloc_only,99,1.0,140076.0,138971.0,1105.0,1450,0,43,0.02020190907221863,9.115241402110497,0.24124375504297388,0.17393904312042588,0.052816677871187226
24,demand_spike,dynalloc_only,100,1.0,141494.0,140389.0,1105.0,1438,0,45,0.020095356490812365,9.07169938417765,0.24151923423071847,0.1736610876438108,0.05281445772420259
24,demand_spike,dynalloc_only,101,1.0,142899.0,141794.0,1105.0,1421,0,49,0.020044585950227053,9.04749978791641,0.24209343106061287,0.17328084951237357,0.05281228207011085
24,demand_spike,dynalloc_only,102,1.0,144256.0,143151.0,1105.0,1400,0,71,0.01984380357930845,8.95766835168174,0.24255216463089685,0.17294475206224832,0.05281014958469021
24,demand_spike,dynalloc_only,103,1.0,145626.0,144521.0,1105.0,1392,0,71,0.019810991110493035,8.94039452919245,0.24277396984954241,0.17284116864130278,0.05280805899575231
24,demand_spike,dynalloc_only,104,1.0,146972.0,145867.0,1105.0,1408,0,88,0.019723740955173662,8.90317303502401,0.2449999207385654,0.17123604403881096,0.05280600908061117
24,demand_spike,dynalloc_only,105,1.0,148378.0,147273.0,1105.0,1432,0,62,0.019678951892300782,8.887211609669682,0.24507715806399877,0.17110661351868886,0.05280399866369909
24,demand_spike,dynalloc_only,106,1.0,149778.0,148673.0,1105.0,1444,0,69,0.019620915703354842,8.865429255759723,0.24643813486532637,0.17008303560898294,0.05280202661431799
24,demand_spike,dynalloc_only,107,1.0,151213.0,150108.0,1105.0,1457,0,43,0.019487345866630038,8.811862011662841,0.24694139057100115,0.1696119464361367,0.05280009184451937
24,demand_spike,dynalloc_only,108,1.0,152634.0,151529.0,1105.0,1438,0,54,0.019455349351610866,8.803899347055086,0.24778687268941524,0.1689143742629519,0.052798193307102476
24,demand_spike,dynalloc_only,109,1.0,154041.0,152936.0,1105.0,1445,0,59,0.01937233755486002,8.772489156842314,0.25039168499971187,0.1670457960047696,0.05279632999372488
24,demand_spike,dynalloc_only,110,1.0,155472.0,154367.0,1105.0,1439,0,35,0.019256454275807185,8.72127632325001,0.25160782300403584,0.16622006469591338,0.05279450093311592
24,demand_spike,dynalloc_only,111,1.0,156851.0,155746.0,1105.0,1411,0,72,0.019210941312782833,8.6985215594792,0.25162994690107277,0.16625203062461333,0.05279270518938916
24,demand_spike,dynalloc_only,112,1.0,158253.0,157148.0,1105.0,1442,0,58,0.01916236685760411,8.688645900871354,0.2516505584676309,0.16601209993115718,0.052790941860445216
24,demand_spike,dynalloc_only,113,1.0,159676.0,158571.0,1105.0,1446,0,53,0.01911430382868789,8.667251545961415,0.2529326961275803,0.16516839443444561,0.05278921007646083
24,demand_spike,dynalloc_only,114,1.0,161104.0,159999.0,1105.0,1461,0,52,0.019083739038158295,8.661364454250242,0.25316563950513293,0.1648698435963266,0.052787508998458126
24,demand_spike,dynalloc_only,115,1.0,162539.0,161434.0,1105.0,1456,0,39,0.01894096109321035,8.604333338588589,0.2540995723067317,0.1641207269377368,0.05278583781694938
24,demand_spike,dynalloc_only,116,1.0,163945.0,162840.0,1105.0,1413,0,49,0.018815526264145163,8.544777720402786,0.2553839001771243,0.16334963796603966,0.0527841957506525
24,demand_spike,dynalloc_only,117,1.0,165296.0,164191.0,1105.0,1400,0,82,0.018741343051846382,8.510640252613419,0.25615571539696574,0.1628710121721131,0.05278258204527328
24,demand_spike,dynalloc_only,118,1.0,166695.0,165590.0,1105.0,1416,0,53,0.01866875486848191,8.475648678841731,0.2566657443765711,0.16259115480200495,0.052780995972349885
24,demand_spike,dynalloc_only,119,1.0,168057.0,166952.0,1105.0,1413,0,84,0.0186217120146035,8.455331237819014,0.2576315870395814,0.1619664709427297,0.052779436828156515
24,demand_spike,all_combined,0,1.0,1712.0,1712.0,0.0,1713,0,89,,,,,
24,demand_spike,all_combined,1,1.0,3385.0,3385.0,0.0,1676,0,104,,,,,
24,demand_spike,all_combined,2,1.0,5069.0,5069.0,0.0,1703,0,84,3.480899795773297,1.5133781168165772,,,2.300085984522786
24,demand_spike,all_combined,3,1.0,6768.0,6768.0,0.0,1728,0,69,3.5178858702528784,1.4446071254270376,,,2.435185185185185
24,demand_spike,all_combined,4,1.0,8479.0,8479.0,0.0,1726,0,51,0.7036215883100109,1.0714729645742698,2.6419558359621447,0.09567164179104476,2.5980598903416285
24,demand_spike,all_combined,5,1.0,10157.0,10157.0,0.0,1714,0,73,0.7644047720230123,1.1673896118340563,2.48496993987976,0.09949596774193549,2.648383937316357
24,demand_spike,all_combined,6,1.0,11871.0,11871.0,0.0,1743,0,48,0.8153049518043772,1.1211817192136104,2.4744555261550993,0.10964876203010607,2.680159786950731
24,demand_spike,all_combined,7,1.0,13581.0,13581.0,0.0,1729,0,54,0.7698201130881052,1.11246078889408,2.2403904820012204,0.11431100217864924,2.7020463233640655
24,demand_spike,all_combined,8,1.0,15280.0,15280.0,0.0,1745,0,66,0.7788999973031441,1.0953225448902684,2.700258397932817,0.09688995215311004,2.7180385288966735
24,demand_spike,all_combined,9,1.0,17033.0,17033.0,0.0,1762,0,29,0.7909801188219631,1.074779099546558,3.012619372442019,0.08947507453111435,2.7302349511233066
24,demand_spike,all_combined,10,1.0,18619.0,18619.0,0.0,1613,0,60,0.17183436531761248,0.24756651796550017,2.7360372960372965,0.09259133042529988,2.739843630231489
24,demand_spike,all_combined,11,0.9807692307692307,19999.0,19944.0,55.0,1358,11,193,0.03549716251664571,0.9160507107184018,0.15271382790629145,0.09235083064491814,2.7476091476091478
24,demand_spike,all_combined,12,0.9795640326975477,21231.0,21101.0,130.0,1331,15,236,0.024811766382461072,1.0725460605070618,0.8768939253936925,0.0095791792646877,2.7540154293663845
24,demand_spike,all_combined,13,0.9828722002635046,22734.0,22574.0,160.0,1504,6,67,0.024275933772707425,3.878417699979491,0.23669421467689072,0.018986294745682916,1.3928152148391637
24,demand_spike,all_combined,14,0.9761904761904762,24015.0,23820.0,195.0,1338,7,292,0.02430681569759244,6.43103465986248,0.15469017329966497,0.017510626998273444,1.3953488372093028
24,demand_spike,all_combined,15,1.0,25373.0,25178.0,195.0,1536,0,228,0.02599571840765038,7.151207538891503,0.27406067320384686,0.009491044358913712,1.3975318632409468
24,demand_spike,all_combined,16,1.0,26987.0,26792.0,195.0,1651,0,129,0.02972464113507801,8.439108903871647,0.2614491824090834,0.04984565681384345,0.2702747147333705
24,demand_spike,all_combined,17,1.0,28450.0,28255.0,195.0,1552,0,285,0.029910860054157388,8.501872510224237,0.27293341466607723,0.04753811034555871,0.27115379654867017
24,demand_spike,all_combined,18,1.0,30115.0,29920.0,195.0,1812,0,147,0.029697855718021478,8.735280492609956,0.2977602085367584,0.04198713133321007,0.27193516691433833
24,demand_spike,all_combined,19,1.0,32025.0,31830.0,195.0,1922,0,24,0.02913136043159069,8.860578744089938,0.3006207069488706,0.04301014953739755,0.25427802690582957
24,demand_spike,all_combined,20,1.0,33922.0,33727.0,195.0,1903,0,23,0.0289765300352104,9.010055170204774,0.2996907066276759,0.0421287156567028,0.2547225722946966
24,demand_spike,all_combined,21,1.0,35816.0,35621.0,195.0,1894,0,2,0.028777703262690375,9.139295665281137,0.30025704423442423,0.04110534564842204,0.25512433939629736
24,demand_spike,all_combined,22,1.0,37670.0,37475.0,195.0,1854,0,12,0.028664319848367318,9.222843422786212,0.3024313456409023,0.040223274624203234,0.2554892195378477
24,demand_spike,all_combined,23,1.0,39485.0,39290.0,195.0,1815,0,20,0.028560331750284624,9.262264566715086,0.30549534609173085,0.039455128205128205,0.255822069740617
24,demand_spike,all_combined,24,1.0,41281.0,41086.0,195.0,1796,0,28,0.0284536404051242,9.27109800744309,0.3089880379991497,0.03878017419466002,0.2561269301600796
24,demand_spike,all_combined,25,1.0,43069.0,42874.0,195.0,1788,0,10,0.028319674732799678,9.33014394490311,0.3100317934738827,0.0381824232028256,0.25640718888496167
24,demand_spike,all_combined,26,1.0,44809.0,44614.0,195.0,1741,0,37,0.028267159594039592,9.320869645052388,0.31356741328692017,0.03768139429220622,0.256665708386692
24,demand_spike,all_combined,27,1.0,46511.0,46316.0,195.0,1731,0,54,0.02812919402078437,9.353037529001284,0.30976019256867,0.03779258324289091,0.25690492364203577
24,demand_spike,all_combined,28,1.0,48232.0,48037.0,195.0,1729,0,34,0.02802608567604403,9.348366207877746,0.3107443944830366,0.03752112740395597,0.25712691906575147
24,demand_spike,all_combined,29,1.0,49897.0,49702.0,195.0,1712,0,77,0.027948575522786987,9.339338045397714,0.309827915009044,0.03753416241842214,0.2573334894065316
24,demand_spike,all_combined,30,1.0,51615.0,51420.0,195.0,1746,0,46,0.027829979449151856,9.347607397237896,0.3079785094210537,0.037537955004039426,0.2575261883753027
24,demand_spike,all_combined,31,1.0,53332.0,53137.0,195.0,1736,0,48,0.02770892119540498,9.32320397096118,0.30768379994001066,0.037482163554058784,0.25770636779546
24,demand_spike,all_combined,32,1.0,55030.0,54835.0,195.0,1736,0,62,0.02759364377658823,9.311323276439884,0.3066882265215603,0.03747062617462258,0.2578752093624779
24,demand_spike,all_combined,33,1.0,56764.0,56569.0,195.0,1744,0,34,0.02744092557885712,9.285735600620937,0.30758558144669984,0.037234022259977836,0.2580337505909436
24,demand_spike,all_combined,34,1.0,58455.0,58260.0,195.0,1722,0,64,0.027376810353158428,9.267325475693633,0.3068910180529865,0.037283508022472885,0.25818290615338585
24,demand_spike,all_combined,35,1.0,60166.0,59971.0,195.0,1742,0,51,0.027290522665736876,9.270627792451442,0.3051171728448157,0.037348414053212375,0.25832348553827095
24,demand_spike,all_combined,36,1.0,61887.0,61692.0,195.0,1737,0,45,0.02719353078486748,9.247189802463598,0.30621945044718696,0.03715661028106268,0.2584562077472083
24,demand_spike,all_combined,37,1.0,63585.0,63390.0,195.0,1736,0,61,0.02711059628758573,9.241048794697647,0.30490821704626553,0.03720924592870984,0.2585817135948119
24,demand_spike,all_combined,38,1.0,65312.0,65117.0,195.0,1743,0,41,0.02698335700786301,9.213499748058346,0.3051754700791011,0.0370957651245941,0.2587005760553584
24,demand_spike,all_combined,39,1.0,67008.0,66813.0,195.0,1723,0,58,0.026867503759853736,9.177942972334144,0.3046550155345182,0.03712675787706601,0.2588133090087742
24,demand_spike,all_combined,40,1.0,68707.0,68512.0,195.0,1733,0,59,0.0267773866903478,9.163901731749279,0.3037046490091956,0.037159520391963664,0.25892037466759266
24,demand_spike,all_combined,41,1.0,70414.0,70219.0,195.0,1725,0,46,0.02655293918494315,9.097084153213688,0.30383840148653507,0.0370877729221234,0.25902218991127346
24,demand_spike,all_combined,42,1.0,72079.0,71884.0,195.0,1702,0,78,0.026403668677197067,9.041870429935926,0.3035243087690797,0.03712898155009952,0.25911913171093587
24,demand_spike,all_combined,43,1.0,73765.0,73570.0,195.0,1723,0,59,0.026173681334379358,8.982564859256726,0.3035200861415697,0.03703588072340227,0.2592115417933252
24,demand_spike,all_combined,44,1.0,75459.0,75264.0,195.0,1717,0,68,0.026123775060942492,8.962357121427093,0.3036461261000136,0.03702063638221942,0.2592997306656408
24,demand_spike,all_combined,45,1.0,77159.0,76964.0,195.0,1751,0,62,0.026032399732545595,8.972922294613062,0.3049150467801148,0.03668244623474722,0.25938398110113003
24,demand_spike,all_combined,46,1.0,78915.0,78720.0,195.0,1761,0,35,0.025959715223653385,8.953212772515064,0.3071422469446061,0.03638341244700204,0.25946455116789074
24,demand_spike,all_combined,47,1.0,80634.0,80439.0,195.0,1756,0,50,0.025810501480038568,8.938050108485227,0.30573509442043734,0.036391609059983336,0.25954167686922947
24,demand_spike,all_combined,48,1.0,82379.0,82184.0,195.0,1750,0,33,0.02570147377178185,8.905754941935445,0.30786827073571305,0.036107017131736245,0.2596155744524828
24,demand_spike,all_combined,49,1.0,84083.0,83888.0,195.0,1728,0,51,0.025596696185718568,8.875955906486617,0.3077324066466912,0.036086625076988864,0.2596864424338697
24,demand_spike,all_combined,50,1.0,85779.0,85584.0,195.0,1724,0,56,0.025473478425636836,8.839058235604702,0.3072486684523259,0.03611014470912277,0.25975446337930924
24,demand_spike,all_combined,51,1.0,87478.0,87283.0,195.0,1721,0,51,0.025323418375808943,8.793668175149373,0.3080612232782212,0.03597849292384168,0.259819805474835
24,demand_spike,all_combined,52,1.0,89145.0,88950.0,195.0,1705,0,70,0.025127011499898384,8.734145997086085,0.3087167305243203,0.03585774564003603,0.2598826239150517
24,demand_spike,all_combined,53,1.0,90828.0,90633.0,195.0,1714,0,65,0.025024234040276407,8.703287096147799,0.310839982255024,0.035584623663054,0.2599430621337657
24,demand_spike,all_combined,54,1.0,92517.0,92322.0,195.0,1726,0,66,0.024945101669782976,8.680165805615088,0.3130105850764296,0.03531203873904015,0.2600012528973248
24,demand_spike,all_combined,55,1.0,94232.0,94037.0,195.0,1747,0,55,0.02489082069323212,8.673257949989953,0.31305438303156263,0.03525072741707873,0.26005731927822
24,demand_spike,all_combined,56,1.0,95960.0,95765.0,195.0,1749,0,45,0.02477426937109996,8.642439598004817,0.3133729562056372,0.03516767377767816,0.26011137552396013
24,demand_spike,all_combined,57,1.0,97680.0,97485.0,195.0,1746,0,52,0.02468558798864326,8.617853547680625,0.31359964169825244,0.03510931821111848,0.26016352783414626
24,demand_spike,all_combined,58,1.0,99408.0,99213.0,195.0,1747,0,40,0.024565283767375747,8.590316994838215,0.3135242356262973,0.035051856671953444,0.26021387505685073
24,demand_spike,all_combined,59,1.0,101109.0,100914.0,195.0,1723,0,54,0.024452566934188822,8.55030063417447,0.3151077300795307,0.03487164231352753,0.26026250931392214
24,demand_spike,all_combined,60,1.0,102797.0,102602.0,195.0,1720,0,63,0.024356679193511244,8.519080852351424,0.3151923825911048,0.03484653316406555,0.260309516563532
24,demand_spike,all_combined,61,1.0,104498.0,104303.0,195.0,1729,0,55,0.024285046745192603,8.498323765125678,0.3156183410593434,0.034775833993721944,0.26035497710719135
24,demand_spike,all_combined,62,1.0,106169.0,105974.0,195.0,1704,0,63,0.023878009215240165,8.35695538422856,0.3155701930007207,0.03477080944859862,0.2603989660475314
24,demand_spike,all_combined,63,1.0,107819.0,107624.0,195.0,1682,0,85,0.023719026010579094,8.302950092732926,0.31530846434572146,0.03478712333494617,0.2604415537023323
24,demand_spike,all_combined,64,1.0,109478.0,109283.0,195.0,1718,0,82,0.02363488383572973,8.285078956020769,0.318371746789558,0.0343987957420626,0.2604828059796103
24,demand_spike,all_combined,65,1.0,111192.0,110997.0,195.0,1735,0,61,0.023586962884266916,8.265895662235035,0.3200060098330902,0.03422774267866502,0.26052278471796064
24,demand_spike,all_combined,66,1.0,112905.0,112710.0,195.0,1760,0,64,0.023529744251565926,8.263360405089506,0.3213295074498113,0.03400944759724024,0.26056154799586173
24,demand_spike,all_combined,67,1.0,114667.0,114472.0,195.0,1776,0,30,0.023398342888823462,8.23478408480473,0.32209312733831674,0.033851540008149265,0.2605991504131899
24,demand_spike,all_combined,68,1.0,116402.0,116207.0,195.0,1741,0,41,0.023259231417524628,8.184467674599125,0.32406013723037513,0.033646934506973925,0.2606356433478144
24,demand_spike,all_combined,69,1.0,118099.0,117904.0,195.0,1733,0,54,0.023115763684420806,8.14911965761518,0.3235912894448506,0.03362853014044632,0.2606710751898116
24,demand_spike,all_combined,70,1.0,119813.0,119618.0,195.0,1724,0,51,0.023044401364049158,8.126379462277681,0.32508233121763663,0.03345991150489038,0.2607054915555386
24,demand_spike,all_combined,71,1.0,121493.0,121298.0,195.0,1724,0,62,0.02291597763458667,8.100459473328772,0.3259985366531396,0.03328182996098431,0.2607389354835637
24,demand_spike,all_combined,72,1.0,123188.0,122993.0,195.0,1716,0,60,0.02280836405943811,8.059026463957524,0.3276457372482914,0.033124321758303585,0.26077144761421994
24,demand_spike,all_combined,73,1.0,124868.0,124673.0,195.0,1721,0,68,0.022717744644803608,8.031163622548979,0.3276729363723005,0.03310041762762576,0.2608030663543527
24,demand_spike,all_combined,74,1.0,126574.0,126379.0,195.0,1734,0,57,0.02261782181172418,7.997724816002438,0.32789455006402474,0.03306634615431853,0.2608338280286772
24,demand_spike,all_combined,75,1.0,128283.0,128088.0,195.0,1736,0,54,0.02252816393212357,7.968848506875529,0.3276759817045407,0.03307286791270804,0.2608637670189855
24,demand_spike,all_combined,76,1.0,129993.0,129798.0,195.0,1740,0,55,0.022411490081899493,7.934903616292732,0.3272566321951244,0.03308097745442509,0.2608929158923381
24,demand_spike,all_combined,77,1.0,131707.0,131512.0,195.0,1734,0,49,0.022245232900956067,7.883995477305766,0.32737346274462437,0.033032205796810155,0.26092130551923276
24,demand_spike,all_combined,78,1.0,133412.0,133217.0,195.0,1736,0,60,0.022204115315570743,7.874488262213272,0.327673168423343,0.0329772680730962,0.26094896518266325
24,demand_spike,all_combined,79,1.0,135146.0,134951.0,195.0,1758,0,40,0.022118299131604954,7.862465129248418,0.3283738024817882,0.032826460014628314,0.26097592267886927
24,demand_spike,all_combined,80,1.0,136858.0,136663.0,195.0,1734,0,48,0.021976603052764724,7.816004981026991,0.32977806516774466,0.03266704083466961,0.26100220441051014
24,demand_spike,all_combined,81,1.0,138558.0,138363.0,195.0,1723,0,61,0.02193062185545511,7.796620461512319,0.33004315293102043,0.03265028704977207,0.26102783547291947
24,demand_spike,all_combined,82,1.0,140269.0,140074.0,195.0,1748,0,48,0.02184858754402968,7.787536980447142,0.32913154937800565,0.03265316690000891,0.2610528397340298
24,demand_spike,all_combined,83,1.0,141982.0,141787.0,195.0,1722,0,49,0.021717859448527076,7.738420991750802,0.3308328001681499,0.03249279658810334,0.26107723990850734
24,demand_spike,all_combined,84,1.0,143665.0,143470.0,195.0,1728,0,68,0.021671141569884915,7.727092583690937,0.3315157475786873,0.0324005870765315,0.2611010576265735
24,demand_spike,all_combined,85,1.0,145397.0,145202.0,195.0,1750,0,40,0.02159759927463506,7.70838733031674,0.33163003693428805,0.03235495346421904,0.2611243134979614
24,demand_spike,all_combined,86,1.0,147106.0,146911.0,195.0,1735,0,55,0.021509090988366737,7.67745574652312,0.3323061053110864,0.03228355320455513,0.26114702717139426
24,demand_spike,all_combined,87,1.0,148828.0,148633.0,195.0,1754,0,52,0.021455884310288335,7.667608714690485,0.3317867091709024,0.032292785206566796,0.2611692173899539
24,demand_spike,all_combined,88,1.0,150575.0,150380.0,195.0,1758,0,29,0.02136630502218907,7.645469492697259,0.33266727888417613,0.032163043139727496,0.26119090204266465
24,demand_spike,all_combined,89,1.0,152281.0,152086.0,195.0,1730,0,59,0.02131155330751635,7.624005514162193,0.33281012688582595,0.03215452382849402,0.2612120982125915
24,demand_spike,all_combined,90,1.0,154000.0,153805.0,195.0,1748,0,43,0.021229335839367834,7.608689979458323,0.3321507990590172,0.03215610770811021,0.26123282222172195
24,demand_spike,all_combined,91,1.0,155708.0,155513.0,195.0,1717,0,44,0.02105201570790407,7.544916717907907,0.33351527056198965,0.03202300448531183,0.2612530896728845
24,demand_spike,all_combined,92,1.0,157363.0,157168.0,195.0,1701,0,82,0.021012928304306143,7.530110844775972,0.33469323078952534,0.03191125535965776,0.26127291548892523
24,demand_spike,all_combined,93,1.0,159067.0,158872.0,195.0,1735,0,53,0.020922499842917608,7.506057250149532,0.3344396649219908,0.031897547011359044,0.2612923139493502
24,demand_spike,all_combined,94,1.0,160772.0,160577.0,195.0,1731,0,59,0.020862624813181213,7.488217017975317,0.3356555048118238,0.03176424690177774,0.26131129872462733
24,demand_spike,all_combined,95,1.0,162468.0,162273.0,195.0,1740,0,61,0.020732012088121875,7.451465300772417,0.3378996820237273,0.031508150629899805,0.2613298829083102
24,demand_spike,all_combined,96,1.0,164200.0,164005.0,195.0,1740,0,46,0.020696902641341518,7.43961359393514,0.3394715775533099,0.0313568368620444,0.2613480790471567
24,demand_spike,all_combined,97,1.0,165911.0,165716.0,195.0,1757,0,60,0.02063032483675915,7.428259792433186,0.3402170479852037,0.031233020505415463,0.2613658991693765
24,demand_spike,all_combined,98,1.0,167684.0,167489.0,195.0,1775,0,22,0.020576962754235786,7.4184899171434315,0.34210286472622614,0.031019237789018786,0.2613833548111447
24,demand_spike,all_combined,99,1.0,169410.0,169215.0,195.0,1747,0,43,0.020474794221357256,7.386963795556778,0.342368390441108,0.03097088185238516,0.26140045704150866
24,demand_spike,all_combined,100,1.0,171125.0,170930.0,195.0,1735,0,45,0.020366520090316188,7.351981380771085,0.34268230259687377,0.030923352350664398,0.26141721648579513
24,demand_spike,all_combined,101,1.0,172827.0,172632.0,195.0,1718,0,49,0.02031782272782898,7.333625181693834,0.34339949169361056,0.03086010034931534,0.2614336433476193
24,demand_spike,all_combined,102,1.0,174481.0,174286.0,195.0,1697,0,71,0.02011491250107773,7.26109284168245,0.3439731038037676,0.030803739793043905,0.2614497474296082
24,demand_spike,all_combined,103,1.0,176148.0,175953.0,195.0,1689,0,71,0.02009146019996728,7.252456468980729,0.34418761379336416,0.03078340650909153,0.2614655381529003
24,demand_spike,all_combined,104,1.0,177791.0,177596.0,195.0,1705,0,88,0.020005075935845253,7.223095015278755,0.34692835266818234,0.030530710031066284,0.2614810245755282
24,demand_spike,all_combined,105,1.0,179494.0,179299.0,195.0,1729,0,62,0.019962033790395295,7.212583562970732,0.3469411702874202,0.03050652090927513,0.26149621540974555
24,demand_spike,all_combined,106,1.0,181191.0,180996.0,195.0,1741,0,69,0.01990260086972571,7.195097804525478,0.3485895482606942,0.030343705260154362,0.26151111903836705
24,demand_spike,all_combined,107,1.0,182923.0,182728.0,195.0,1754,0,43,0.019767523209353648,7.152192198764812,0.34916846123558454,0.03026659923840271,0.26152574353019853
24,demand_spike,all_combined,108,1.0,184641.0,184446.0,195.0,1735,0,54,0.019737956319036423,7.148854239273047,0.3500885795820972,0.0301543185088933,0.2615400966546007
24,demand_spike,all_combined,109,1.0,186345.0,186150.0,195.0,1742,0,59,0.019653504712099375,7.123587593712224,0.3532609735681976,0.02985959425070659,0.26155418589525214
24,demand_spike,all_combined,110,1.0,188073.0,187878.0,195.0,1736,0,35,0.0195382099326557,7.082868345203876,0.35476338739952856,0.02972707418827047,0.26156801846316297
24,demand_spike,all_combined,111,1.0,189749.0,189554.0,195.0,1708,0,72,0.019492241551462303,7.065195002083647,0.3547793412232362,0.029728439613629365,0.26158160130897845
24,demand_spike,all_combined,112,1.0,191448.0,191253.0,195.0,1739,0,58,0.019441260998383437,7.057729835977775,0.35469697378475334,0.02968742819323226,0.26159494113462783
24,demand_spike,all_combined,113,1.0,193168.0,192973.0,195.0,1743,0,53,0.019391473300670318,7.040167613381882,0.35627705683865196,0.029552134673457534,0.2616080444043473
24,demand_spike,all_combined,114,1.0,194893.0,194698.0,195.0,1758,0,52,0.01936110047667731,7.036142364600034,0.35650934366805215,0.029502039481905697,0.2616209173551272
24,demand_spike,all_combined,115,1.0,196625.0,196430.0,195.0,1753,0,39,0.019216015956771654,6.990144642178339,0.35761033904582623,0.029381479532021807,0.26163356600661064
24,demand_spike,all_combined,116,1.0,198328.0,198133.0,195.0,1710,0,49,0.019091255752988992,6.943454358830616,0.35917725837775477,0.029257417295112546,0.26164599617047773
24,demand_spike,all_combined,117,1.0,199976.0,199781.0,195.0,1697,0,82,0.019014750734790052,6.915576347297163,0.3601264810951485,0.029179162802244966,0.2616582134593526
24,demand_spike,all_combined,118,1.0,201672.0,201477.0,195.0,1713,0,53,0.01894109064967345,6.887422558428743,0.3607630456160492,0.02913210752119861,0.2616702232952495
24,demand_spike,all_combined,119,1.0,203331.0,203136.0,195.0,1710,0,84,0.018892741333137272,6.871258170769058,0.3619289934385586,0.029030962544051457,0.2616820309176005
